环节,分支,含义,零件,制造连接变化,来源,分类说明
01 主机电接口,NRZ电接口,每个符号区分两个电平。多条通道可并行传送数据。,主机SerDes、差分走线和电连接器。,制造时保证走线和焊点质量；验证电眼图、抖动和接收容限，阈值按对应接口版本。,https://www.oiforum.com/wp-content/uploads/2019/01/KB-OFC-MarketWatch-032216-v2_Stauffer.pdf,电通道数、每路速率、NRZ/PAM4是不同字段。它们不等于光通道数、波长数或连接器孔数。接口规范给出互通要求，不指定内部芯片工艺。
01 主机电接口,PAM4电接口,每个符号区分四个电平；产品还须给出通道数量与每路线路速率。,支持PAM4的主机SerDes、连接器和接收电路。,检查幅度线性、噪声、串扰和误码；不可只用连接器外形判断速率能力。,https://www.coherent.com/content/dam/coherent/site/en/resources/datasheet/networking/optical-transceivers/osfp/ftce4527e1pxa-transceiver-ds.pdf,电通道数、每路速率、NRZ/PAM4是不同字段。它们不等于光通道数、波长数或连接器孔数。接口规范给出互通要求，不指定内部芯片工艺。
01 主机电接口,短距封装内／近封装电接口,主芯片到光引擎的电路径缩短，接口损耗预算和连接形式随之变化。,封装基板或高密度PCB上的短电连接。,需要与封装走线和接点共同验证，不套用面板可插拔通道的测试夹具。,https://www.oiforum.com/wp-content/uploads/OIF_Co-Packaging_Demo_OFC2022_Presentation.pdf,电通道数、每路速率、NRZ/PAM4是不同字段。它们不等于光通道数、波长数或连接器孔数。接口规范给出互通要求，不指定内部芯片工艺。
02 PCB与电连接,多层PCB走线,铜走线在板内与板面连接已装配的器件。,绝缘层、铜层、过孔和焊盘。,PCB成像、刻蚀、压合、钻孔与金属化；装配后还须测连通与高速通道。,https://www.eurocircuits.com/technical-guidelines/pcb-manufacturing-technology/making-a-pcb-pcb-manufacture-step-by-step,PCB、封装基板、中介层可以同时存在。此处描述载体；第06项再看芯片怎样接到载体上。
02 PCB与电连接,陶瓷多层载体,在陶瓷层之间组织金属线路和通孔。,陶瓷基板、金属化线路、封装引出端。,形成并烧结多层结构，检验尺寸、金属化和热膨胀匹配；实际材料按器件选。,https://global.kyocera.com/prdct/semicon/about_ceramic_package/detail/cm_pkg.html,PCB、封装基板、中介层可以同时存在。此处描述载体；第06项再看芯片怎样接到载体上。
02 PCB与电连接,带电重布线的光学中介层,在一块载体上安排光波导和电互连。,光学波导、RF重布线层、器件接点。,POET实例把无源光路做在中介层，再接有源芯片；不能由“中介层”一词推定所有产品同工艺。,https://www.poet-technologies.com/blog/poet-technologies-redefines-optical-integration-with-its-hybrid-integrated-1-6t-2xfr4-transmitter-pic,PCB、封装基板、中介层可以同时存在。此处描述载体；第06项再看芯片怎样接到载体上。
03 电处理,发送和接收均重定时,模块内电路在两个方向恢复信号后再输出。,DSP或相应重定时电路。,电芯片制造后，装配时匹配供电和高速走线；测试两个方向的电光性能。,https://www.lpo-msa.org/home/faqs.html | https://www.coherent.com/content/dam/coherent/site/en/resources/datasheet/networking/optical-transceivers/osfp/ftce4527e1pxa-transceiver-ds.pdf,电处理分工与发光器件是可组合维度。TRO名称要按厂商发送/接收定义核对，不能只由缩写推断与LRO完全等同。 PON还需区分局端OLT和用户端ONU、上行突发与下行连续；不能只贴一个通用DSP标签。
03 电处理,LPO：发送和接收线性,模块不放DSP/重定时功能，利用主机均衡能力补偿整条链路。,线性驱动器、线性TIA，配套主机SerDes。,重点验证主机、电通道和光模块连成的整条链路；去掉DSP不等于去掉电子芯片。,https://www.lpo-msa.org/home/faqs.html | https://www.marvell.com/company/newsroom/marvell-introduces-1-6-tbps-lpo-chipset.html,电处理分工与发光器件是可组合维度。TRO名称要按厂商发送/接收定义核对，不能只由缩写推断与LRO完全等同。 PON还需区分局端OLT和用户端ONU、上行突发与下行连续；不能只贴一个通用DSP标签。
03 电处理,LRO：发送重定时，接收线性,模块发送端恢复信号，接收端保留线性输出。,发送重定时电路、驱动器、接收线性TIA。,两方向采用不同电路与测试条件，不能用同一张“无DSP”清单。,https://www.lpo-msa.org/home/faqs.html,电处理分工与发光器件是可组合维度。TRO名称要按厂商发送/接收定义核对，不能只由缩写推断与LRO完全等同。 PON还需区分局端OLT和用户端ONU、上行突发与下行连续；不能只贴一个通用DSP标签。
03 电处理,相干电处理：DCO与ACO分工,DCO把相干DSP放在模块内；ACO把相干模拟前端与外部DSP相连。,相干DSP及数模/模数转换电路；相干光学前端。,需要共同校准I/Q通道；电处理所在位置影响板级连接、散热和系统测试。,https://www.cisco.com/c/en/us/products/collateral/optical-networking/network-convergence-system-2000-series/pluggable-optical-modules-ds.html | https://www.oiforum.com/wp-content/uploads/OIF-400ZR-02.0.pdf,电处理分工与发光器件是可组合维度。TRO名称要按厂商发送/接收定义核对，不能只由缩写推断与LRO完全等同。 PON还需区分局端OLT和用户端ONU、上行突发与下行连续；不能只贴一个通用DSP标签。
04 驱动,激光器电流驱动,直接改变激光器电流，使出光强度跟随数据变化。,DML或VCSEL、激光驱动电路和偏置供电。,验证驱动电流、带宽、光输出及温度变化；不同激光器不能只按数据率替换。,https://www.lumentum.com/en/optical-communications/products/source-lasers-ics-and-photodiodes/dmls | https://www.coherent.com/news/glossary/vcsel-array,驱动对象、独立或集成、单端或差分是不同选择。低驱动电压不自动等于“没有驱动功能”。
04 驱动,独立调制器驱动芯片,驱动器连接EML中的EAM，或PIC上的调制器。,驱动裸片／封装IC、调制器电极、偏置网络。,需匹配输入阻抗、电压摆幅和互连寄生；固晶后测试电光响应。,https://www.lumentum.com/en/optical-communications/products/source-lasers-ics-and-photodiodes/emls | https://www.marvell.com/company/newsroom/marvell-introduces-1-6-tbps-lpo-chipset.html,驱动对象、独立或集成、单端或差分是不同选择。低驱动电压不自动等于“没有驱动功能”。
04 驱动,驱动集成到DSP／直接由DSP输出,某些PIC配置与DSP输出级直接配合；是否另放驱动芯片取决于具体配置。,DSP输出级与低电压调制器。,HyperLight给出不同驱动配置，必须逐配置核对；不可推广为所有TFLN均省去独立驱动器。,https://hyperlightcorp.com/products/imdd-tx-pics,驱动对象、独立或集成、单端或差分是不同选择。低驱动电压不自动等于“没有驱动功能”。
04 驱动,PON突发发射驱动（ONU侧）,多台ONU按分配时隙向OLT发送，发射电路要按时开启和关闭。,支持突发使能的激光驱动器、偏置与控制连接。,除稳态光输出外，检查开关时间、瞬态及关闭时的残余光；不把ONU驱动要求套到OLT下行发射。,https://www.itu.int/epublications/ar/publication/itu-t-g-9807-1-2023-02-10-gigabit-capable-symmetric-passive-optical-network-xgs-pon | https://www.semtech.com/products/signal-integrity/fttx-passive-optical-networks,驱动对象、独立或集成、单端或差分是不同选择。低驱动电压不自动等于“没有驱动功能”。
05 发光与调制,边发射DML,向激光器注入随数据变化的电流，由激光器直接改变光强。Lumentum目录有InP-DFB DML。,DML、偏置与电流驱动器。,制造InP激光器及电极，装配时连驱动器并完成输出耦合；不再据名称添加独立调制器。,https://www.lumentum.com/en/optical-communications/products/source-lasers-ics-and-photodiodes/dmls,DML/EML描述调制安排，VCSEL描述激光器结构，硅光/TFLN描述平台，相干描述信号与接收体系；这些词不在同一分类层。DFB仅说明激光器腔结构，不能单独证明直接调制。 光调制格式也要另记：直接检测可用二值强度调制或PAM4；相干IQ还可采用QPSK/QAM。 多制式PON可在同一模块配置不同发射支路：光恒三模OLT列50G/XGS用EML、GPON用DFB，但DFB支路的调制方式仍未单独确认。
05 发光与调制,VCSEL直接调制,从芯片表面出光，电流变化携带数据。常见短距产品可采用850nm阵列。,VCSEL单管／阵列、驱动器和光学连接。,阵列的光孔位置与耦合结构需要配合；材料、孔径工艺和输出模式须按器件确定。,https://www.coherent.com/news/glossary/vcsel-array,DML/EML描述调制安排，VCSEL描述激光器结构，硅光/TFLN描述平台，相干描述信号与接收体系；这些词不在同一分类层。DFB仅说明激光器腔结构，不能单独证明直接调制。 光调制格式也要另记：直接检测可用二值强度调制或PAM4；相干IQ还可采用QPSK/QAM。 多制式PON可在同一模块配置不同发射支路：光恒三模OLT列50G/XGS用EML、GPON用DFB，但DFB支路的调制方式仍未单独确认。
05 发光与调制,单模VCSEL特例,ADTRAN/Vertilas披露InP短腔单模VCSEL方案，工作波段包含O/C波段。,SM-VCSEL阵列及配套电子电路。,它不能套用“GaAs、850nm、多模光纤”的常见VCSEL示例；发布实例不等于全部规格和配方。,https://www.adtran.com/en/newsroom/press-releases/20240325-adtran-answers-ai-demands-with-industry-first-ultra-low-power-100g-pam4-single-mode-vcsel,DML/EML描述调制安排，VCSEL描述激光器结构，硅光/TFLN描述平台，相干描述信号与接收体系；这些词不在同一分类层。DFB仅说明激光器腔结构，不能单独证明直接调制。 光调制格式也要另记：直接检测可用二值强度调制或PAM4；相干IQ还可采用QPSK/QAM。 多制式PON可在同一模块配置不同发射支路：光恒三模OLT列50G/XGS用EML、GPON用DFB，但DFB支路的调制方式仍未单独确认。
05 发光与调制,EML：DFB供光＋EAM调制,一个器件内，激光段提供光，吸收式调制段控制透过的光。,DFB段、EAM段、供电与调制驱动连接。,需形成两功能区及连接；NTT历史工艺实例可说明外延、刻蚀、电极和端面处理。,https://www.lumentum.com/en/optical-communications/products/source-lasers-ics-and-photodiodes/emls | https://www.ntt-review.jp/archive/ntttechnical.php?contents=ntr201008le2.html | https://www.cnsunstar.com/chanpinzhongxin/17.html,DML/EML描述调制安排，VCSEL描述激光器结构，硅光/TFLN描述平台，相干描述信号与接收体系；这些词不在同一分类层。DFB仅说明激光器腔结构，不能单独证明直接调制。 光调制格式也要另记：直接检测可用二值强度调制或PAM4；相干IQ还可采用QPSK/QAM。 多制式PON可在同一模块配置不同发射支路：光恒三模OLT列50G/XGS用EML、GPON用DFB，但DFB支路的调制方式仍未单独确认。
05 发光与调制,硅光PIC＋激光器,PIC上形成波导与调制器，另安排激光器供光。MZI利用两路光干涉，微环利用谐振，电吸收结构改变透过的光；三者需要不同的驱动和控制。,激光器、硅光PIC、驱动器；具体设计可能集成探测器。,按平台制作波导、结区和电极；微环还要处理谐振波长控制，激光器集成方式另查。,https://www.imec-int.com/sites/default/files/2023-02/Silicon%20photonics%20platform%20services_2023.pdf | https://www.imec-int.com/en/articles/design-and-integration-photonic-and-electronic-integrated-circuits-high-speed-wireline,DML/EML描述调制安排，VCSEL描述激光器结构，硅光/TFLN描述平台，相干描述信号与接收体系；这些词不在同一分类层。DFB仅说明激光器腔结构，不能单独证明直接调制。 光调制格式也要另记：直接检测可用二值强度调制或PAM4；相干IQ还可采用QPSK/QAM。 多制式PON可在同一模块配置不同发射支路：光恒三模OLT列50G/XGS用EML、GPON用DFB，但DFB支路的调制方式仍未单独确认。
05 发光与调制,TFLN调制PIC＋光源,薄膜铌酸锂的折射率随电场改变；MZI结构把两臂的相位差变成输出光强变化。光源仍需另行安排。,光源、TFLN PIC、驱动连接和光纤接口。,研究实例包含波导刻蚀、电极和包覆；商业Tx PIC有单／双激光输入，不能推为完整模块。,https://nano-optics.seas.harvard.edu/sites/g/files/omnuum6446/files/nano-optics/files/2018_cw_s41586-018-0551-y.pdf | https://hyperlightcorp.com/products/imdd-tx-pics,DML/EML描述调制安排，VCSEL描述激光器结构，硅光/TFLN描述平台，相干描述信号与接收体系；这些词不在同一分类层。DFB仅说明激光器腔结构，不能单独证明直接调制。 光调制格式也要另记：直接检测可用二值强度调制或PAM4；相干IQ还可采用QPSK/QAM。 多制式PON可在同一模块配置不同发射支路：光恒三模OLT列50G/XGS用EML、GPON用DFB，但DFB支路的调制方式仍未单独确认。
05 发光与调制,相干IQ发射前端,在I/Q分量及偏振上组织信号，配合相干接收恢复信息。实现平台可以是InP、硅光或TFLN。,窄线宽光源、IQ调制器、驱动及偏振组织结构。,要校准I/Q偏置、幅度与时延；Lumentum器件实例采用InP调制器及SOA，不能推广到所有相干产品。,https://www.lumentum.com/en/products/integrated-coherent-trosa-130-gbaud-symbol-rate | https://www.oiforum.com/wp-content/uploads/OIF-400ZR-02.0.pdf,DML/EML描述调制安排，VCSEL描述激光器结构，硅光/TFLN描述平台，相干描述信号与接收体系；这些词不在同一分类层。DFB仅说明激光器腔结构，不能单独证明直接调制。 光调制格式也要另记：直接检测可用二值强度调制或PAM4；相干IQ还可采用QPSK/QAM。 多制式PON可在同一模块配置不同发射支路：光恒三模OLT列50G/XGS用EML、GPON用DFB，但DFB支路的调制方式仍未单独确认。
06 载体与芯片互连,贴片固定＋引线键合,先把芯片固定到载体，再用细金属线连接焊盘。,裸片、载体、固晶材料、键合线。,使用固晶机与引线键合机；要检查固定质量和电连接。,https://semi.asmpt.com/en/products/icd,固晶、引线键合、倒装、3D堆叠分别描述不同动作或布局；可在同一产品共存。单片集成减少某些芯片间接点，也不消除芯片到外部的连接。
06 载体与芯片互连,倒装接点,芯片接点朝向载体，以凸点等结构完成连接。,凸点／铜柱、匹配焊盘与载体。,需对准接点并键合；Coherent TIA目录有铜柱倒装与引线键合两类实例。,https://www.coherent.com/networking/optoelectronic-devices/integrated-circuits/transimpedance-amplifiers | https://semi.asmpt.com/en/products/icd,固晶、引线键合、倒装、3D堆叠分别描述不同动作或布局；可在同一产品共存。单片集成减少某些芯片间接点，也不消除芯片到外部的连接。
06 载体与芯片互连,电子芯片与光子芯片堆叠,把电子芯片靠近或叠在光子芯片上，缩短驱动和接收连接。,EIC、PIC、凸点、可选通孔结构。,imec原型采用倒装及TSV；接点、热路径与光纤出口要一起设计。,https://www.imec-int.com/en/imec-magazine/imec-magazine-december-2019/silicon-photonics-technology-for-next-generation-datacenter-interconnect,固晶、引线键合、倒装、3D堆叠分别描述不同动作或布局；可在同一产品共存。单片集成减少某些芯片间接点，也不消除芯片到外部的连接。
06 载体与芯片互连,光学中介层混合集成,分别制造有源芯片，再放到带波导的中介层上。,激光器／调制器、驱动器、光学中介层。,POET披露倒装EML阵列与片上AWG的实例；装配精度由光口与电接点共同决定。,https://www.poet-technologies.com/blog/poet-technologies-redefines-optical-integration-with-its-hybrid-integrated-1-6t-2xfr4-transmitter-pic,固晶、引线键合、倒装、3D堆叠分别描述不同动作或布局；可在同一产品共存。单片集成减少某些芯片间接点，也不消除芯片到外部的连接。
07 发射耦合,透镜等自由空间光学连接,用透镜等光学件把器件输出引向目标光口。,透镜、支架、器件与光纤。,精密平台调整位置，以测得光功率寻找位置，再按结构粘接或焊接固定。,https://www.ficontec.com/capabilities | https://www.advance.mitsubishielectric.com/advance/pdf/2019/168_complete.pdf,耦合解决两段光路怎样接上；合波解决多种波长怎样共用光路。FAU是光纤阵列组件，不是某一种调制器。
07 发射耦合,芯片边缘耦合,光从PIC侧面进入光纤；可使用模式转换结构适配光场。,边缘耦合器、光纤／FAU、固定结构。,端面质量与对准影响连接；加工和装配后测插入损耗。,https://www.cisco.com/c/en/us/products/collateral/interfaces-modules/transceiver-modules/silicon-photonics-wp.html | https://www.corning.com/microsites/coc/oem/documents/OEM-039-AEN.pdf,耦合解决两段光路怎样接上；合波解决多种波长怎样共用光路。FAU是光纤阵列组件，不是某一种调制器。
07 发射耦合,表面光栅耦合,光通过芯片表面的光栅进出PIC。,光栅耦合器、单纤／光纤阵列。,在晶圆上形成光栅，装配时匹配光纤位置和角度。,https://www.cisco.com/c/en/us/products/collateral/interfaces-modules/transceiver-modules/silicon-photonics-wp.html,耦合解决两段光路怎样接上；合波解决多种波长怎样共用光路。FAU是光纤阵列组件，不是某一种调制器。
07 发射耦合,基于几何结构的被动对准,利用制造好的定位结构完成装配；并非所有连接都需逐点主动搜光。,定位特征、波导、模式转换器及待装器件。,POET披露无透镜、被动晶圆级装配；该工艺只归属其相应PIC实例。,https://www.poet-technologies.com/blog/poet-technologies-redefines-optical-integration-with-its-hybrid-integrated-1-6t-2xfr4-transmitter-pic,耦合解决两段光路怎样接上；合波解决多种波长怎样共用光路。FAU是光纤阵列组件，不是某一种调制器。
08 合波,并行光路：不做跨通道波长合波,各路用各自的光纤传送，可存在多个相同中心波长的通道。,各通道输出及多纤连接。,装配时逐通道对准和测量；不因产品有多路信号就添加MUX。,https://www.cisco.com/c/en/us/products/collateral/interfaces-modules/400g-qsfp-transceiver-modules-ds.html,CWDM/LAN-WDM/DWDM/SWDM描述波长安排，TFF/AWG/微环描述器件结构，PLC/硅光描述平台。AWG可以做在PLC上，不把两者列成互斥路线。
08 合波,薄膜滤光片等空间合波,用具有波长选择性的光学件将不同波长送到共同输出。,滤光片、透镜、反射／透射光路。,需制造光学表面与膜层，再对准固定；三菱EML-TOSA为已披露例子。,https://www.advance.mitsubishielectric.com/advance/pdf/2019/168_complete.pdf,CWDM/LAN-WDM/DWDM/SWDM描述波长安排，TFF/AWG/微环描述器件结构，PLC/硅光描述平台。AWG可以做在PLC上，不把两者列成互斥路线。
08 合波,AWG等波导合波,不同波长通过波导结构合到共同输出。,波导、AWG、输入输出耦合结构。,在光子载体上形成波导并检验波长通带；POET实例集成两组AWG。,https://www.poet-technologies.com/blog/poet-technologies-redefines-optical-integration-with-its-hybrid-integrated-1-6t-2xfr4-transmitter-pic,CWDM/LAN-WDM/DWDM/SWDM描述波长安排，TFF/AWG/微环描述器件结构，PLC/硅光描述平台。AWG可以做在PLC上，不把两者列成互斥路线。
08 合波,微环波长选择结构,借谐振选择波长，可与总线波导一起组织多路WDM。,微环、总线波导、调谐电极。,需控制尺寸与谐振波长；imec资料是原型实例，不证明现有模块采用。,https://www.imec-int.com/en/articles/silicon-photonics-a-scaling-path-towards-terabit-s-data-center-networks,CWDM/LAN-WDM/DWDM/SWDM描述波长安排，TFF/AWG/微环描述器件结构，PLC/硅光描述平台。AWG可以做在PLC上，不把两者列成互斥路线。
08 合波,双向波长合用,发送与接收采用配对波长，使同一纤芯承担两个方向。Combo-PON还在同一连接上安排多个代际的波长。,波长选择结构及收发光口。,要测自身发射对接收的串扰，并核对两端波长配对；BiDi也有双纤多模实现。,https://www.cisco.com/c/en/us/products/collateral/interfaces-modules/gigabit-ethernet-gbic-sfp-modules/datasheet-c78-366584.html | https://www.cisco.com/c/en/us/products/collateral/interfaces-modules/transceiver-modules/400gbps-qdd-bidi-pluggable-transceiver-aag.html | https://www.cnsunstar.com/chanpinzhongxin/17.html,CWDM/LAN-WDM/DWDM/SWDM描述波长安排，TFF/AWG/微环描述器件结构，PLC/硅光描述平台。AWG可以做在PLC上，不把两者列成互斥路线。
09 外部光接口,并行多纤接口,多路光使用多根纤芯，经MPO等多纤连接器接到外部。,多纤光缆、多纤连接器。,检查纤芯序号、极性、端面与逐通道损耗；实际占用纤芯按接口定义。,https://www.cisco.com/c/en/us/products/collateral/interfaces-modules/400g-qsfp-transceiver-modules-ds.html | https://www.coherent.com/content/dam/coherent/site/en/resources/datasheet/networking/optical-transceivers/osfp/ftce4527e1pxa-transceiver-ds.pdf,光纤类型、纤芯数、连接器样式、波长安排分别记录；LC不自动表示WDM，MPO不自动表示某种发光器件。
09 外部光接口,双纤接口,一组纤芯分别承担发送与接收；每根纤芯可传一个或多个波长。,常见为双工LC及单模或多模光缆。,检查端面、收发方向与两端匹配；连接器相同不能证明内部路线相同。,https://www.cisco.com/c/en/us/products/collateral/interfaces-modules/400g-qsfp-transceiver-modules-ds.html,光纤类型、纤芯数、连接器样式、波长安排分别记录；LC不自动表示WDM，MPO不自动表示某种发光器件。
09 外部光接口,单纤双向接口,同一根光纤传两个方向，发送与接收波长互相配对。,单纤连接器、波长选择器及匹配的两端模块。,对准单根纤芯仍需检查波长组合；单端型号不能独立确定链路匹配。,https://www.cisco.com/c/en/us/products/collateral/interfaces-modules/gigabit-ethernet-gbic-sfp-modules/datasheet-c78-366584.html,光纤类型、纤芯数、连接器样式、波长安排分别记录；LC不自动表示WDM，MPO不自动表示某种发光器件。
09 外部光接口,板内／封装光引擎的光纤引出,光纤从内部光引擎通向面板或外部连接。,FAU、光纤导向与外部接口。,需设计固定、弯曲与应力释放，并在装配后测试光通道。,https://blogs.cisco.com/sp/cisco-demonstrates-co-packaged-optics-cpo-system-at-ofc-2023 | https://www.corning.com/microsites/coc/oem/documents/OEM-039-AEN.pdf,光纤类型、纤芯数、连接器样式、波长安排分别记录；LC不自动表示WDM，MPO不自动表示某种发光器件。
09 外部光接口,AOC：光纤和两端收发组件作为整缆交付,外部没有供用户插拔的中间光口，用户连接的是两端电插头。TE 800G OSFP AOC是明确实例。,两端光电转换组件、固定光缆和电接口。,需按整缆长度和端口映射检查连通、误码及机械固定；不能默认它具有模块前端的MPO/LC插座。,https://www.te.com/content/dam/te-com/documents/consumer-devices/global/ddn-optical-transceivers-guide-en.pdf,光纤类型、纤芯数、连接器样式、波长安排分别记录；LC不自动表示WDM，MPO不自动表示某种发光器件。
10 分波,并行接收：不按波长分路,每根输入光纤已经对应独立接收通道。,光纤／FAU与探测器阵列。,按通道连接并测试，不能机械添加DEMUX。,https://www.cisco.com/c/en/us/products/collateral/interfaces-modules/400g-qsfp-transceiver-modules-ds.html,“需要分波”是功能事实；滤片、AWG或片上结构是实现事实，不能由FR4名称直接补出具体材料与设备。
10 分波,空间滤光结构分波,不同波长经滤光片走向各自接收端。,波长滤光片、透镜及接收光路。,对准并检查通带、串扰与损耗；与发射合波是相反方向的功能。,https://www.coherent.com/resources/white-paper/networking/swdm-lowest-total-cost-for-40g-100g-wp.pdf,“需要分波”是功能事实；滤片、AWG或片上结构是实现事实，不能由FR4名称直接补出具体材料与设备。
10 分波,片上波导分波,波导滤波结构把不同波长送往对应探测器。,AWG或微环等分波结构、波导、探测器。,制造波导并测各端口谱线；具体结构需原厂PIC资料。,https://www.imec-int.com/en/articles/silicon-photonics-a-scaling-path-towards-terabit-s-data-center-networks | https://www.poet-technologies.com/blog/poet-technologies-redefines-optical-integration-with-its-hybrid-integrated-1-6t-2xfr4-transmitter-pic,“需要分波”是功能事实；滤片、AWG或片上结构是实现事实，不能由FR4名称直接补出具体材料与设备。
10 分波,BiDi方向分离,把本端发送和对端到来的波长分开；多制式PON还要把不同制式分送到各自接收支路。,双向波长选择结构。,接收链路需检查来自本端发射的泄漏影响；不用“单纤”推断具体滤片布局。,https://www.cisco.com/c/en/us/products/collateral/interfaces-modules/gigabit-ethernet-gbic-sfp-modules/datasheet-c78-366584.html | https://www.cnsunstar.com/chanpinzhongxin/17.html,“需要分波”是功能事实；滤片、AWG或片上结构是实现事实，不能由FR4名称直接补出具体材料与设备。
11 接收耦合,光纤／透镜接独立探测器,将纤芯出光引向探测器有效区域。,光纤、可选透镜、PD单管／阵列。,测接收光功率或响应寻找对准位置，再固定。,https://www.ficontec.com/capabilities,此处先连接光路；探测器是否有内部增益在第12项，电流放大在第13项。相干接收还必须引入本振光。
11 接收耦合,光纤接PIC中的探测器,经边缘或光栅进入PIC，波导把光送往片上探测器。,FAU、耦合器、波导、片上探测器。,分别检验入芯片损耗、片上传输与探测响应，避免把耦合损耗误归于PD。,https://www.cisco.com/c/en/us/products/collateral/interfaces-modules/transceiver-modules/silicon-photonics-wp.html | https://www.aimphotonics.com/low-loss-pdk,此处先连接光路；探测器是否有内部增益在第12项，电流放大在第13项。相干接收还必须引入本振光。
11 接收耦合,相干接收光混合,将输入信号与本地激光产生的参考光混合，再作差分探测。,本振、偏振分束、光学混频结构、平衡PD。,多光路的幅度和相位匹配需要校准；Coherent ICR给出90°混频与平衡PD实例。,https://www.coherent.com/resources/datasheet/networking/coherent-advanced-photodetectors-receivers-ds.pdf,此处先连接光路；探测器是否有内部增益在第12项，电流放大在第13项。相干接收还必须引入本振光。
12 探测器,PIN直接探测,入射光形成电流，由后级TIA放大。可用单管、阵列或片上实现。,PIN、偏置连接、TIA。,材料和器件尺寸与波段、带宽共同匹配；不能把一种材料用于全部PIN。,https://www.coherent.com/networking/photonlink/receive | https://www.aimphotonics.com/low-loss-pdk | https://www.hamamatsu.com/content/dam/hamamatsu-photonics/sites/documents/21_HPE/featured-products-and-technologies/photodiodes-exposed-unlocking-the-characteristics-of-these-crucial-sensors.pdf,PIN/APD是结构，InGaAs/GaAs/Ge是材料；平衡探测是多个探测器的接法，相干是接收方式，不能当作同一层互斥材料。
12 探测器,APD直接探测,器件内部用雪崩过程放大光生载流子，再由后级电路处理。,APD、较高反向偏置、温度补偿及TIA。,需要控制倍增和噪声，测偏置、温度与响应；内部增益不是无条件提高系统性能。,https://www.hamamatsu.com/us/en/product/optical-sensors/apd.html,PIN/APD是结构，InGaAs/GaAs/Ge是材料；平衡探测是多个探测器的接法，相干是接收方式，不能当作同一层互斥材料。
12 探测器,硅光平台上的Ge探测器,把锗吸收区与硅光波导集成。其结构仍可属于PIN。,Ge探测区、波导、电极。,AIM平台列出Ge探测器和注入/金属层；平台能力不能推定某个SKU采用。,https://www.aimphotonics.com/low-loss-pdk,PIN/APD是结构，InGaAs/GaAs/Ge是材料；平衡探测是多个探测器的接法，相干是接收方式，不能当作同一层互斥材料。
12 探测器,相干平衡探测,配对探测器接收混频后的光，两路电流作差以读取信息。,配对PD、光学混频器、本振与多路TIA。,检查匹配、响应和通道偏斜；不能将“PIN接收”理解为一定不是相干。,https://www.coherent.com/resources/datasheet/networking/coherent-advanced-photodetectors-receivers-ds.pdf,PIN/APD是结构，InGaAs/GaAs/Ge是材料；平衡探测是多个探测器的接法，相干是接收方式，不能当作同一层互斥材料。
13 接收放大,限幅接收链路,限幅式TIA或后级限幅电路把输出压到确定幅度，适用于相应二值接口。,限幅TIA或TIA加限幅放大器。,测试灵敏度、过载和恢复行为；不能套给需要保留四档幅度的PAM4链路。,https://www.semtech.com/products/signal-integrity/transimpedance-amplifiers,TIA负责电流转电压；限幅、线性、通道数、是否另接均衡/重定时是不同字段。探测器的内部增益不能替代TIA。
13 接收放大,线性TIA,输出保留与输入电流相关的幅度，供PAM4或其他后级处理。,单通道／阵列线性TIA和PD。,按芯片配套和通道要求检查增益、噪声、线性与带宽。,https://www.coherent.com/networking/optoelectronic-devices/integrated-circuits/transimpedance-amplifiers | https://www.marvell.com/company/newsroom/marvell-introduces-1-6-tbps-lpo-chipset.html,TIA负责电流转电压；限幅、线性、通道数、是否另接均衡/重定时是不同字段。探测器的内部增益不能替代TIA。
13 接收放大,相干多通道差分TIA,分别放大来自I/Q及偏振支路的差分探测信号。,平衡PD、多通道线性TIA及后级ADC。,校准通道间增益和时延；Smart-TROSA有四通道差分线性TIA实例。,https://www.lumentum.com/en/products/integrated-coherent-trosa-130-gbaud-symbol-rate,TIA负责电流转电压；限幅、线性、通道数、是否另接均衡/重定时是不同字段。探测器的内部增益不能替代TIA。
13 接收放大,PON突发接收TIA（OLT侧）,OLT接收来自不同ONU的短数据段，要在各段开始后迅速进入可用状态。,突发模式TIA、配套PD/APD及控制接口。,检查不同输入功率相邻突发之间的恢复、动态范围与灵敏度；Semtech GN7060是APD配套裸片实例，不证明R91采用它。,https://www.semtech.com/products/signal-integrity/transimpedance-amplifiers/gn7060 | https://www.itu.int/epublications/ar/publication/itu-t-g-9807-1-2023-02-10-gigabit-capable-symmetric-passive-optical-network-xgs-pon,TIA负责电流转电压；限幅、线性、通道数、是否另接均衡/重定时是不同字段。探测器的内部增益不能替代TIA。
14 控制,独立MCU协调,MCU读取传感器，并配置激光器、驱动和电处理芯片。,MCU、ADC/DAC或芯片内相应功能、管理总线。,写入固件并校准监控数值，检查总线、告警与电源状态转换。,https://www.st.com/content/dam/OLM%20Email%20Marketing/2025/Asia%20Pac/Event/taiwan-techday-2025/SPS_05_ST_COT_plus_for_LEO_Satellites_and_Silicon_Photonics.pdf,管理接口与高速数据接口分开；“支持监控”不证明内部采用独立MCU，也不证明某个MCU型号。
14 控制,器件内部控制＋模块管理,部分偏置、增益或监控功能放在前端器件内，模块再提供统一接口。,带控制接口的TIA或校准后的光学子组件。,验证子组件接口和模块接口的一致性；不重复添加全部控制芯片。,https://www.coherent.com/networking/optoelectronic-devices/integrated-circuits/transimpedance-amplifiers | https://www.lumentum.com/en/products/integrated-coherent-trosa-130-gbaud-symbol-rate,管理接口与高速数据接口分开；“支持监控”不证明内部采用独立MCU，也不证明某个MCU型号。
14 控制,数字诊断功能,主机读取光功率、温度、偏置电流及电压等信息。,传感／监测电路与管理接口。,校准读数和告警阈值；以模块声明的管理规范确定测试项。,https://www.cisco.com/c/en/us/products/collateral/interfaces-modules/gigabit-ethernet-gbic-sfp-modules/datasheet-c78-366584.html,管理接口与高速数据接口分开；“支持监控”不证明内部采用独立MCU，也不证明某个MCU型号。
15 非易失存储,独立串行EEPROM,用独立存储器保存需要掉电保留的数据。,I²C等串行EEPROM及总线连接。,器件焊接后写入并回读；容量、写保护和耐久按具体料号核对。,https://www.st.com/en/memories/standard-i2c-eeprom/products.html | https://www.st.com/content/dam/OLM%20Email%20Marketing/2025/Asia%20Pac/Event/taiwan-techday-2025/SPS_05_ST_COT_plus_for_LEO_Satellites_and_Silicon_Photonics.pdf,寄存器地址图不等于物理EEPROM芯片。没有BOM时，只列实现选择，不给每个模块自动添加一颗存储器。
15 非易失存储,控制器内置非易失存储,将数据放入MCU内部Flash等存储资源；也可用软件模拟EEPROM功能。,具备内部非易失存储的控制器。,检查固件更新和掉电保存；ST资料证明这种实现能力，不证明目录模块已采用。,https://www.st.com.cn/zh/embedded-software/x-cube-eeprom.html,寄存器地址图不等于物理EEPROM芯片。没有BOM时，只列实现选择，不给每个模块自动添加一颗存储器。
16 电源,开关降压与电源模块,把输入电压转换为芯片需要的低电压。,DC/DC、电感、电容，或集成电源模块。,组装后检查效率、纹波、负载瞬态和温升。,https://www.ti.com/product-category/power-management/buck-step-down.html | https://www.ti.com/solution/optical-module?subsystemid=23643&variantid=23640,降压、低噪声稳压、激光偏置和APD高压可同时存在；是否存在某条电源轨应由具体电路决定。
16 电源,线性低噪声稳压,用LDO为敏感电路提供稳压，可接在开关电源后。,LDO与去耦电容。,检查压差、噪声与热耗散，不能仅按额定输出电压替换。,https://www.ti.com/product-category/power-management/linear-ldo-regulators/overview.html,降压、低噪声稳压、激光偏置和APD高压可同时存在；是否存在某条电源轨应由具体电路决定。
16 电源,光器件偏置与控制供电,给激光器提供偏置；APD另需匹配其倍增工作的反向偏压。,激光偏置电路；采用APD时的偏置与温补电路。,在温度范围内测输出稳定性与安全启动顺序；PIN方案不照抄APD高压电路。,https://www.ti.com/solution/optical-module?subsystemid=23643&variantid=23640 | https://www.hamamatsu.com/us/en/product/optical-sensors/apd.html,降压、低噪声稳压、激光偏置和APD高压可同时存在；是否存在某条电源轨应由具体电路决定。
17 时钟,本地参考振荡器,给PHY或重定时电路提供稳定参考。,石英或MEMS振荡器及配套供电。,按所用方案检验频率、相位噪声、抖动与温度稳定性。,https://www.sitime.com/applications/communications-enterprise/optical-modules,振荡器提供参考时钟，CDR从数据恢复时序；二者不是同一个零件。模块未放重定时功能不等于整套系统没有时钟。
17 时钟,重定时电路恢复时钟,电路从到来的数据中恢复节奏，再重新输出。,CDR／重定时功能及其参考时钟。,测试抖动容限和恢复，不能以振荡器参数替代链路误码测试。,https://www.sitime.com/company/newsroom/blog/pushing-performance-boundaries-optical-modules-timing-technology,振荡器提供参考时钟，CDR从数据恢复时序；二者不是同一个零件。模块未放重定时功能不等于整套系统没有时钟。
17 时钟,线性链路把恢复任务交给主机,LPO模块不承担DSP/重定时功能，主机仍负责数据恢复。,配套主机SerDes；模块其他控制时钟另查。,验证主机到主机链路的时序裕量，不给模块虚构独立CDR。,https://www.lpo-msa.org/home/faqs.html,振荡器提供参考时钟，CDR从数据恢复时序；二者不是同一个零件。模块未放重定时功能不等于整套系统没有时钟。
17 时钟,PON突发时序恢复,上行按精确时隙成段到达，接收链路要在数据段内完成同步。,突发接收和时序恢复功能；是否独立CDR芯片按设计确认。,验证前导序列、恢复时间和段间保护间隔，不仅测连续信号锁定。,https://www.itu.int/epublications/ar/publication/itu-t-g-9807-1-2023-02-10-gigabit-capable-symmetric-passive-optical-network-xgs-pon | https://www.semtech.com/products/signal-integrity/fttx-passive-optical-networks,振荡器提供参考时钟，CDR从数据恢复时序；二者不是同一个零件。模块未放重定时功能不等于整套系统没有时钟。
18 无源电子件,分立电阻、电容、电感等,用于偏置、端接、去耦、滤波或储能，实际用途由电路决定。,电阻、电容、电感／磁珠等。,贴装回流后检查连接、数值与高频表现；不把目录分类变成某模块BOM。,https://www.murata.com/-/media/webrenewal/support/library/catalog/products/k70e.ashx?cvid=20210203042214000000&la=en-sg | https://www.ti.com/product-category/power-management/buck-step-down.html,这里的无源电子件区别于透镜、滤光片等无源光学件。分立、嵌入和芯片内集成可以组合。
18 无源电子件,载体内嵌无源件,把电容或电感与基板结合，缩短供电连接。,嵌入式电容／电感基板。,Murata iPaS列有光收发器电源应用；需核对具体产品是否采用。,https://corporate.murata.com/en-us/technology/technology-applications/integrated-package-solution,这里的无源电子件区别于透镜、滤光片等无源光学件。分立、嵌入和芯片内集成可以组合。
18 无源电子件,芯片内终端与偏置网络,部分电阻或偏置网络在器件内部完成。,集成终端、偏置结构。,装配时按芯片接口匹配，不能重复补入一套外部分立器件。,https://www.coherent.com/resources/datasheet/networking/coherent-advanced-photodetectors-receivers-ds.pdf,这里的无源电子件区别于透镜、滤光片等无源光学件。分立、嵌入和芯片内集成可以组合。
19 热管理,外壳到系统散热结构,热量经器件和导热路径传到模块壳体，再由系统冷却。,导热界面、外壳、配套散热结构。,控制接触面和装配压力；按模块壳温及系统条件测热性能。,https://www.osfpmsa.org/assets/pdf/OSFP_Module_Specification_Rev5_0.pdf,外壳散热、导热界面、TEC与芯片内加热器承担不同任务。温控方式需要器件/系统资料，不能仅由EML、SiPh或CPO名称决定。
19 热管理,受控温器件与非制冷器件,部分器件需要温度控制；也有专门设计为非制冷运行的EML。,按设计配置温度传感和控制部件。,比较时先确认工作温区及控温结构；不能把某个历史非制冷实例泛化。,https://www.ntt-review.jp/archive/ntttechnical.php?contents=ntr201008le2.html | https://www.lumentum.com/en/products/integrated-coherent-trosa-130-gbaud-symbol-rate,外壳散热、导热界面、TEC与芯片内加热器承担不同任务。温控方式需要器件/系统资料，不能仅由EML、SiPh或CPO名称决定。
19 热管理,片上热调谐,加热器改变波导附近温度，使谐振结构对准目标波长。,微环／波导加热器、监测与反馈。,制造电阻加热结构并校准波长随控制量的变化；这不是把热量排出去。,https://www.imec-int.com/en/articles/silicon-photonics-a-scaling-path-towards-terabit-s-data-center-networks,外壳散热、导热界面、TEC与芯片内加热器承担不同任务。温控方式需要器件/系统资料，不能仅由EML、SiPh或CPO名称决定。
19 热管理,靠近主芯片后的共同热设计,光引擎靠近高功耗主芯片，热路径与封装布局需要共同安排。,主芯片、光引擎、封装及冷却结构。,测邻近器件互相加热的影响；外置激光器可把部分光源移出该区域。,https://blogs.cisco.com/sp/cisco-demonstrates-co-packaged-optics-cpo-system-at-ofc-2023,外壳散热、导热界面、TEC与芯片内加热器承担不同任务。温控方式需要器件/系统资料，不能仅由EML、SiPh或CPO名称决定。
20 总体封装,面板可插拔模块,光电转换器件装进模块，模块从设备面板插入。,模块PCB、光学子组件／裸片、壳体、电接口与光接口。,装配尺寸和散热配合受外形规范约束；最终还需测试完整模块。,https://www.osfpmsa.org/assets/pdf/OSFP_Module_Specification_Rev5_0.pdf,OSFP/QSFP等是模块外形接口；TOSA/ROSA/TROSA是子组件组织；NPO/CPO是与主芯片的相对位置。它们不与EML、硅光或LPO互斥。
20 总体封装,独立光学子组件到模块,先形成TOSA、ROSA或相干TROSA，再和电子电路、壳体组合。,发射／接收子组件或集成收发子组件。,可在子组件阶段校准测试，再做整模块互通；局部气密不等于整个模块气密。,https://www.advance.mitsubishielectric.com/advance/pdf/2019/168_complete.pdf | https://www.lumentum.com/en/products/integrated-coherent-trosa-130-gbaud-symbol-rate,OSFP/QSFP等是模块外形接口；TOSA/ROSA/TROSA是子组件组织；NPO/CPO是与主芯片的相对位置。它们不与EML、硅光或LPO互斥。
20 总体封装,NPO：光引擎靠近主芯片,光引擎位于主芯片附近，通过短电连接相连；具体基板和可拆连接看实现。,光引擎、主芯片及短距PCB／载体连接。,需处理近芯片布线和光纤引出；按OIF图例定义，避免沿用研报相互矛盾的位置表述。,https://www.oiforum.com/wp-content/uploads/OIF_Co-Packaging_Demo_OFC2022_Presentation.pdf,OSFP/QSFP等是模块外形接口；TOSA/ROSA/TROSA是子组件组织；NPO/CPO是与主芯片的相对位置。它们不与EML、硅光或LPO互斥。
20 总体封装,CPO：光引擎与主芯片共同封装,把光引擎与主芯片集成在共同封装内；光源可以另行安排。,主芯片、光引擎、共同封装，部分实例配外置激光器。,电互连、封装、光连接与冷却一起验证；不能由CPO推定发射材料或调制器。,https://blogs.cisco.com/sp/cisco-demonstrates-co-packaged-optics-cpo-system-at-ofc-2023 | https://www.lumentum.com/en/blog/advanced-packaging-and-heterogeneous-integration-reshaping-photonic-architectures-ai,OSFP/QSFP等是模块外形接口；TOSA/ROSA/TROSA是子组件组织；NPO/CPO是与主芯片的相对位置。它们不与EML、硅光或LPO互斥。
20 总体封装,光引擎的先进封装,光子芯片与驱动/TIA等电子芯片组合成紧凑光引擎。,PIC或VCSEL/PD、EIC、封装重布线与光接口。,Lumentum 2026演示用扇出晶圆级封装集成VCSEL、PD和电子芯片；只列演示阶段。,https://www.lumentum.com/en/blog/advanced-packaging-and-heterogeneous-integration-reshaping-photonic-architectures-ai,OSFP/QSFP等是模块外形接口；TOSA/ROSA/TROSA是子组件组织；NPO/CPO是与主芯片的相对位置。它们不与EML、硅光或LPO互斥。
20 总体封装,AOC整缆封装,把两端收发组件和中间光纤预先装成一条有源光缆。,两端可插拔电接口、光电转换组件、固定光缆。,组装后按整条线缆验收；分支AOC还要核对每端通道映射，不把直连和分支版本的功耗互相复制。,https://www.te.com/content/dam/te-com/documents/consumer-devices/global/ddn-optical-transceivers-guide-en.pdf,OSFP/QSFP等是模块外形接口；TOSA/ROSA/TROSA是子组件组织；NPO/CPO是与主芯片的相对位置。它们不与EML、硅光或LPO互斥。
