工艺ID,工艺,适用对象,材料,工序序号,动作,设备类别或能力实例,输入输出,检查,连接方式,测试,来源,适用范围
proc-dml-dfb,直接调制 DFB：一个薄膜激光器制造实例,仅适用于阅读 InP 系 DFB/直接调制研究工艺；DML 是驱动方式，不能由 DML 名称确定材料或结构。,['NTT 2016实例：InP、InGaAsP量子阱、SiO₂/Si承载片；Si、Zn用于形成不同导电区域。'],1,生长发光材料并转到承载片,MOVPE外延、等离子体辅助键合、选择去除原InP基底的加工设备,InP上的发光层 → 键合到SiO₂/Si上的薄膜,论文用发光光谱及截面观察检查转移后材料质量。,['Driver把随数据变化的电流接到激光器；出光端再对准透镜、波导或光纤。'],['先测直流发光与光谱，再施加高速码型观察输出；需同时给出偏置、温度、码型和接收测量带宽。'],https://www.ntt-review.jp/archive/ntttechnical.php?contents=ntr201601fa4.html,这是2016年薄膜DFB研究实例，不是目录DML产品的量产配方。不能把膜键合工序推广到全部DML。
proc-dml-dfb,直接调制 DFB：一个薄膜激光器制造实例,仅适用于阅读 InP 系 DFB/直接调制研究工艺；DML 是驱动方式，不能由 DML 名称确定材料或结构。,['NTT 2016实例：InP、InGaAsP量子阱、SiO₂/Si承载片；Si、Zn用于形成不同导电区域。'],2,形成受限发光区及供电区域,刻蚀、MOVPE再生长、Si离子注入、Zn热扩散,连续薄膜 → 波导及两侧电流注入区,确认埋入结构，检查漏电及激光阈值。,['Driver把随数据变化的电流接到激光器；出光端再对准透镜、波导或光纤。'],['先测直流发光与光谱，再施加高速码型观察输出；需同时给出偏置、温度、码型和接收测量带宽。'],https://www.ntt-review.jp/archive/ntttechnical.php?contents=ntr201601fa4.html,这是2016年薄膜DFB研究实例，不是目录DML产品的量产配方。不能把膜键合工序推广到全部DML。
proc-dml-dfb,直接调制 DFB：一个薄膜激光器制造实例,仅适用于阅读 InP 系 DFB/直接调制研究工艺；DML 是驱动方式，不能由 DML 名称确定材料或结构。,['NTT 2016实例：InP、InGaAsP量子阱、SiO₂/Si承载片；Si、Zn用于形成不同导电区域。'],3,加工光栅、电极与输出端,图形定义、刻蚀和金属化设备；这里只列动作对应设备类别,发光区 → 可供电、可输出激光的器件,测电流—光功率、光谱旁模、调制带宽和眼图。,['Driver把随数据变化的电流接到激光器；出光端再对准透镜、波导或光纤。'],['先测直流发光与光谱，再施加高速码型观察输出；需同时给出偏置、温度、码型和接收测量带宽。'],https://www.ntt-review.jp/archive/ntttechnical.php?contents=ntr201601fa4.html,这是2016年薄膜DFB研究实例，不是目录DML产品的量产配方。不能把膜键合工序推广到全部DML。
proc-eml,EML：发光段与吸收调制段一起制造,已确认 EML 的产品可用此条理解器件；具体结构需再查。,['NTT 2010实例：InP基底、InGaAlAs量子阱、BCB绝缘/平坦化层、金属电极；AlN散热载体。'],1,准备两段各需的晶体层,MOVPE外延；湿法刻蚀与局部再生长,基底 → 发光段和调制段材料,双波导结构与对接结构工序不同；后者重新生长调制段量子阱。,['光在器件内由DFB段进入EAM段；封装电路接两段电极；输出端另做耦合。'],['先测发光，再扫EAM偏压看光强变化；高速测试记录驱动摆幅、偏压、温度及传输条件。'],https://www.ntt-review.jp/archive/ntttechnical.php?contents=ntr201008le2.html,2010年1.55μm历史实例；端面膜层、BCB和AlN均只属于所引实例。不能据此指定800G产品材料牌号或设备型号。
proc-eml,EML：发光段与吸收调制段一起制造,已确认 EML 的产品可用此条理解器件；具体结构需再查。,['NTT 2010实例：InP基底、InGaAlAs量子阱、BCB绝缘/平坦化层、金属电极；AlN散热载体。'],2,形成导光与电接触,干/湿刻蚀、钝化平坦化、金属接触制作设备,外延片 → 两段连通且能分别接电的器件,发光段供电；调制段偏压与高速电信号分别核对。,['光在器件内由DFB段进入EAM段；封装电路接两段电极；输出端另做耦合。'],['先测发光，再扫EAM偏压看光强变化；高速测试记录驱动摆幅、偏压、温度及传输条件。'],https://www.ntt-review.jp/archive/ntttechnical.php?contents=ntr201008le2.html,2010年1.55μm历史实例；端面膜层、BCB和AlN均只属于所引实例。不能据此指定800G产品材料牌号或设备型号。
proc-eml,EML：发光段与吸收调制段一起制造,已确认 EML 的产品可用此条理解器件；具体结构需再查。,['NTT 2010实例：InP基底、InGaAlAs量子阱、BCB绝缘/平坦化层、金属电极；AlN散热载体。'],3,分出芯片并处理端面,减薄、解理、端面镀膜及固晶设备,晶圆 → 镀膜端面芯片 → AlN载体上的器件,检查光功率、消光、E/O带宽、反射与温度变化。,['光在器件内由DFB段进入EAM段；封装电路接两段电极；输出端另做耦合。'],['先测发光，再扫EAM偏压看光强变化；高速测试记录驱动摆幅、偏压、温度及传输条件。'],https://www.ntt-review.jp/archive/ntttechnical.php?contents=ntr201008le2.html,2010年1.55μm历史实例；端面膜层、BCB和AlN均只属于所引实例。不能据此指定800G产品材料牌号或设备型号。
proc-vcsel-oxide,氧化孔径 VCSEL：从外延片做出表面发光单元,此工艺限所引 GaAs 系氧化孔径 VCSEL；不适用于材料未明的单模VCSEL或所有长波VCSEL。,['Chalmers实例从GaAs外延片开始，含上下反射镜、发光区和富铝氧化层；还有SiNx、BCB及接触金属。'],1,定义台面并露出氧化层侧面,光刻、ICP反应离子刻蚀、SiNx沉积,外延片 → 有侧壁入口的台面,刻蚀深度决定是否露出目标富铝层。,['驱动器接VCSEL电极；出光面通过光学件或阵列接口连到光纤；阵列需要逐路位置匹配。'],['先在器件层测各单元的发光与一致性，再测耦合后链路；晶圆测试通过不等于整模块通过。'],https://research.chalmers.se/publication/545142/file/545142_Fulltext.pdf,研究实例不证明任何目录模块使用该工艺。ADTRAN的SM-VCSEL等名称不能自动匹配此材料与氧化路线。
proc-vcsel-oxide,氧化孔径 VCSEL：从外延片做出表面发光单元,此工艺限所引 GaAs 系氧化孔径 VCSEL；不适用于材料未明的单模VCSEL或所有长波VCSEL。,['Chalmers实例从GaAs外延片开始，含上下反射镜、发光区和富铝氧化层；还有SiNx、BCB及接触金属。'],2,从侧面氧化，中央保留导电区域,湿法氧化炉,富铝层 → 外围氧化、中央未氧化的孔径,孔径仍是半导体区域；其大小影响电流与光场限制。,['驱动器接VCSEL电极；出光面通过光学件或阵列接口连到光纤；阵列需要逐路位置匹配。'],['先在器件层测各单元的发光与一致性，再测耦合后链路；晶圆测试通过不等于整模块通过。'],https://research.chalmers.se/publication/545142/file/545142_Fulltext.pdf,研究实例不证明任何目录模块使用该工艺。ADTRAN的SM-VCSEL等名称不能自动匹配此材料与氧化路线。
proc-vcsel-oxide,氧化孔径 VCSEL：从外延片做出表面发光单元,此工艺限所引 GaAs 系氧化孔径 VCSEL；不适用于材料未明的单模VCSEL或所有长波VCSEL。,['Chalmers实例从GaAs外延片开始，含上下反射镜、发光区和富铝氧化层；还有SiNx、BCB及接触金属。'],3,形成接点及焊盘,蒸发金属、退火、平坦化、开窗设备,台面 → 可探针测试及连接的器件,测电流—电压—光功率、光谱、频率响应与眼图。,['驱动器接VCSEL电极；出光面通过光学件或阵列接口连到光纤；阵列需要逐路位置匹配。'],['先在器件层测各单元的发光与一致性，再测耦合后链路；晶圆测试通过不等于整模块通过。'],https://research.chalmers.se/publication/545142/file/545142_Fulltext.pdf,研究实例不证明任何目录模块使用该工艺。ADTRAN的SM-VCSEL等名称不能自动匹配此材料与氧化路线。
proc-siph,硅光 PIC：按平台加工波导、调制与电连接,用于已知硅光平台的工序理解；平台内是否包含Ge、激光器或MUX需逐产品确认。,['AIM低损耗平台公开Si与SiN波导、注入层、Ge探测器、Cu布线和Al焊盘；这是可选工艺能力。'],1,把光路形状加工进材料,图形定义及刻蚀设备,平台晶圆 → 波导、分支和耦合结构,需要检查传播与耦合损耗；设备类别由加工动作对应，不是AIM设备清单。,['片外激光器需要入光耦合；异质集成光源是另一种实现。Driver接调制电极，FAU或其他接口接出光端。'],['晶圆/裸片先做光电测试；封装后重新测插损、通道一致性和高速链路。'],https://www.aimphotonics.com/low-loss-pdk | https://www.cisco.com/c/en/us/products/collateral/interfaces-modules/transceiver-modules/silicon-photonics-wp.html | https://www.ficontec.com/photonic-device-testing/,材料列表来自平台能力，不能一并填入某款硅光产品BOM。掺杂、尺寸、设备品牌、光源与接收材料仍需产品来源。
proc-siph,硅光 PIC：按平台加工波导、调制与电连接,用于已知硅光平台的工序理解；平台内是否包含Ge、激光器或MUX需逐产品确认。,['AIM低损耗平台公开Si与SiN波导、注入层、Ge探测器、Cu布线和Al焊盘；这是可选工艺能力。'],2,形成主动调制区域,掩膜与离子注入；按平台的导电区域设计加工,波导 → 能受电信号控制的区域,查插损、偏置下调制、频率响应；不能把所有硅光调制器写成同一结构。,['片外激光器需要入光耦合；异质集成光源是另一种实现。Driver接调制电极，FAU或其他接口接出光端。'],['晶圆/裸片先做光电测试；封装后重新测插损、通道一致性和高速链路。'],https://www.aimphotonics.com/low-loss-pdk | https://www.cisco.com/c/en/us/products/collateral/interfaces-modules/transceiver-modules/silicon-photonics-wp.html | https://www.ficontec.com/photonic-device-testing/,材料列表来自平台能力，不能一并填入某款硅光产品BOM。掺杂、尺寸、设备品牌、光源与接收材料仍需产品来源。
proc-siph,硅光 PIC：按平台加工波导、调制与电连接,用于已知硅光平台的工序理解；平台内是否包含Ge、激光器或MUX需逐产品确认。,['AIM低损耗平台公开Si与SiN波导、注入层、Ge探测器、Cu布线和Al焊盘；这是可选工艺能力。'],3,完成布线并连接外部器件,介质/金属加工，后续固晶与光学对准,PIC → 接光源、电驱动及光纤的组件,先分别测片内与片外损耗，再测联合调制。,['片外激光器需要入光耦合；异质集成光源是另一种实现。Driver接调制电极，FAU或其他接口接出光端。'],['晶圆/裸片先做光电测试；封装后重新测插损、通道一致性和高速链路。'],https://www.aimphotonics.com/low-loss-pdk | https://www.cisco.com/c/en/us/products/collateral/interfaces-modules/transceiver-modules/silicon-photonics-wp.html | https://www.ficontec.com/photonic-device-testing/,材料列表来自平台能力，不能一并填入某款硅光产品BOM。掺杂、尺寸、设备品牌、光源与接收材料仍需产品来源。
proc-tfln,TFLN：薄膜波导、调制电极与端面,采用薄膜铌酸锂调制结构时的研究制造示例；IMDD与相干器件结构需要分别确认。,['Wang 2018实例：商用x切LNOI晶圆（薄膜铌酸锂/SiO₂/Si）、曝光胶、金电极、SiO₂包覆。'],1,形成波导及两臂干涉光路,电子束曝光、氩离子反应刻蚀,LNOI晶圆 → 调制器光路,波导侧壁与金属相对位置会影响光损耗。,['连续光进入调制器；高速电信号接电极；调制后光输出。是否需独立Driver由具体驱动电压和接口确定。'],['用可调谐激光、偏振控制、射频源/网络分析仪和光接收测量电光响应；码型测试另记录误码。'],https://nano-optics.seas.harvard.edu/sites/g/files/omnuum6446/files/nano-optics/files/2018_cw_s41586-018-0551-y.pdf,2018论文器件工艺，不是HyperLight或联特产品配方。不能由TFLN推断激光器数或省去Driver。
proc-tfln,TFLN：薄膜波导、调制电极与端面,采用薄膜铌酸锂调制结构时的研究制造示例；IMDD与相干器件结构需要分别确认。,['Wang 2018实例：商用x切LNOI晶圆（薄膜铌酸锂/SiO₂/Si）、曝光胶、金电极、SiO₂包覆。'],2,对准制作电极并包覆,对准曝光、金属剥离、PECVD,光路 → 带行波电极和绝缘包覆的调制器,测半波电压、消光与电光频率响应。,['连续光进入调制器；高速电信号接电极；调制后光输出。是否需独立Driver由具体驱动电压和接口确定。'],['用可调谐激光、偏振控制、射频源/网络分析仪和光接收测量电光响应；码型测试另记录误码。'],https://nano-optics.seas.harvard.edu/sites/g/files/omnuum6446/files/nano-optics/files/2018_cw_s41586-018-0551-y.pdf,2018论文器件工艺，不是HyperLight或联特产品配方。不能由TFLN推断激光器数或省去Driver。
proc-tfln,TFLN：薄膜波导、调制电极与端面,采用薄膜铌酸锂调制结构时的研究制造示例；IMDD与相干器件结构需要分别确认。,['Wang 2018实例：商用x切LNOI晶圆（薄膜铌酸锂/SiO₂/Si）、曝光胶、金电极、SiO₂包覆。'],3,分片并处理光学端面,切割、端面抛光及光纤对准设备,晶圆器件 → 可外接光纤的芯片,分开测光纤耦合损耗与片内损耗。,['连续光进入调制器；高速电信号接电极；调制后光输出。是否需独立Driver由具体驱动电压和接口确定。'],['用可调谐激光、偏振控制、射频源/网络分析仪和光接收测量电光响应；码型测试另记录误码。'],https://nano-optics.seas.harvard.edu/sites/g/files/omnuum6446/files/nano-optics/files/2018_cw_s41586-018-0551-y.pdf,2018论文器件工艺，不是HyperLight或联特产品配方。不能由TFLN推断激光器数或省去Driver。
proc-pin-ingaas,InGaAs/InP PIN：形成吸光层及低寄生电接触,仅在材料已知为InGaAs/InP时适用；PIN描述结结构，不能单凭PIN名称或1310nm把材料填定。,['Ho 1995实例：半绝缘InP基底、InGaAs吸光层、金属接触及增透膜。'],1,生长吸光所需材料层,MOVPE外延设备,基底 → 光电转换层结构,论文摘要支持外延方法；完整层序与今天产品配方未重新取得。,['光直接入探测区域或经波导进入；器件电接点连偏置与TIA输入，连接寄生参数影响响应。'],['在给定波长、入光功率、偏压、温度下测暗电流与响应度，再测电容及频率响应。仪器组合是测量任务映射。'],https://www.sciencedirect.com/science/article/pii/003811019400264G,仅据已核对摘要写步骤，没有声称取得全文配方。1995实验结果不代表现代高速PIN的材料层厚与性能。
proc-pin-ingaas,InGaAs/InP PIN：形成吸光层及低寄生电接触,仅在材料已知为InGaAs/InP时适用；PIN描述结结构，不能单凭PIN名称或1310nm把材料填定。,['Ho 1995实例：半绝缘InP基底、InGaAs吸光层、金属接触及增透膜。'],2,减少接点带来的电容并形成接触,选择刻蚀、自对准剥离与金属化设备,外延器件 → 空气桥焊盘及可接电接触,较小的寄生电容有助于高速响应；须实测。,['光直接入探测区域或经波导进入；器件电接点连偏置与TIA输入，连接寄生参数影响响应。'],['在给定波长、入光功率、偏压、温度下测暗电流与响应度，再测电容及频率响应。仪器组合是测量任务映射。'],https://www.sciencedirect.com/science/article/pii/003811019400264G,仅据已核对摘要写步骤，没有声称取得全文配方。1995实验结果不代表现代高速PIN的材料层厚与性能。
proc-pin-ingaas,InGaAs/InP PIN：形成吸光层及低寄生电接触,仅在材料已知为InGaAs/InP时适用；PIN描述结结构，不能单凭PIN名称或1310nm把材料填定。,['Ho 1995实例：半绝缘InP基底、InGaAs吸光层、金属接触及增透膜。'],3,处理入光面并表征,增透镀膜；偏压源、受控光源与高速接收测试,可入光芯片 → 响应度/暗电流/电容/带宽记录,响应度看一定入光功率产生多少电流；暗电流在不入光时测。,['光直接入探测区域或经波导进入；器件电接点连偏置与TIA输入，连接寄生参数影响响应。'],['在给定波长、入光功率、偏压、温度下测暗电流与响应度，再测电容及频率响应。仪器组合是测量任务映射。'],https://www.sciencedirect.com/science/article/pii/003811019400264G,仅据已核对摘要写步骤，没有声称取得全文配方。1995实验结果不代表现代高速PIN的材料层厚与性能。
proc-apd-ingaas,InGaAs APD：吸收与倍增区域分别安排,已确认采用InGaAs/InP或InGaAs/InAlAs APD时的研究参考；不是所有APD的统一工艺。,['2020清华论文实例：InP基底及InP/InGaAs或InAlAs/InGaAs外延层；SiNx掩膜/钝化层。'],1,生长吸收及倍增结构,MOCVD外延设备,基底 → 有吸收、倍增等功能区域的外延片,先确认所选倍增材料；两种结构不应合并成单一BOM。,['APD输出接匹配TIA；偏压与温度补偿要和器件共同设计，不能直接套PIN供电。'],['提高偏压时同时记录光电流与暗电流；不能把总电流上升都归为有效信号增益。'],https://etd.lib.nycu.edu.tw/cgi-bin/gs32/hugsweb.cgi?o=dnthucdr&s=id%3D%22G021070635400%22.&searchmode=basic | https://www.hamamatsu.com/us/en/product/optical-sensors/apd.html,制造部分依据作者公开摘要，尚未全文核验。测试仪器与连接为原理层任务说明；不证明某模块实际APD材料、设备或测试限值。
proc-apd-ingaas,InGaAs APD：吸收与倍增区域分别安排,已确认采用InGaAs/InP或InGaAs/InAlAs APD时的研究参考；不是所有APD的统一工艺。,['2020清华论文实例：InP基底及InP/InGaAs或InAlAs/InGaAs外延层；SiNx掩膜/钝化层。'],2,限定扩散区域，处理边缘电场,SiNx成膜、图形定义及快速热扩散设备,外延片 → 带保护环与局部导电区域的探测器,论文摘要说明保护环与钝化用于降低漏电并改善稳定性。,['APD输出接匹配TIA；偏压与温度补偿要和器件共同设计，不能直接套PIN供电。'],['提高偏压时同时记录光电流与暗电流；不能把总电流上升都归为有效信号增益。'],https://etd.lib.nycu.edu.tw/cgi-bin/gs32/hugsweb.cgi?o=dnthucdr&s=id%3D%22G021070635400%22.&searchmode=basic | https://www.hamamatsu.com/us/en/product/optical-sensors/apd.html,制造部分依据作者公开摘要，尚未全文核验。测试仪器与连接为原理层任务说明；不证明某模块实际APD材料、设备或测试限值。
proc-apd-ingaas,InGaAs APD：吸收与倍增区域分别安排,已确认采用InGaAs/InP或InGaAs/InAlAs APD时的研究参考；不是所有APD的统一工艺。,['2020清华论文实例：InP基底及InP/InGaAs或InAlAs/InGaAs外延层；SiNx掩膜/钝化层。'],3,接入偏置并测试增益,可控高压偏置、受控光源、电流/响应测试设备,探测器 → 随偏压变化的光电响应,检查暗电流、击穿与工作偏压、增益、温度变化；高速用途另测带宽。,['APD输出接匹配TIA；偏压与温度补偿要和器件共同设计，不能直接套PIN供电。'],['提高偏压时同时记录光电流与暗电流；不能把总电流上升都归为有效信号增益。'],https://etd.lib.nycu.edu.tw/cgi-bin/gs32/hugsweb.cgi?o=dnthucdr&s=id%3D%22G021070635400%22.&searchmode=basic | https://www.hamamatsu.com/us/en/product/optical-sensors/apd.html,制造部分依据作者公开摘要，尚未全文核验。测试仪器与连接为原理层任务说明；不证明某模块实际APD材料、设备或测试限值。
proc-ge-pd,Ge-on-Si 接收器：在硅光路上生长吸光区域,仅适用于已知采用锗探测器的硅光结构；不能由“硅光”直接判定接收器材料。,['NTT 2014研究：SOI、选择生长Ge、Si保护层、Ti/TiN/Al电极、SiOx/SiO₂光路与包覆。'],1,加工硅波导并准备导电区域,图形定义、刻蚀、硼注入,SOI → 波导、模式转换锥形及p区,输入光由波导送向探测区域。,['片内波导把光送入Ge；电流经短电互连进入TIA。所引平台既展示器件，也展示另一幅TIA倒装例，不能混成同一SKU。'],['区分到芯片外部端口的总体响应与探测区本身响应；耦合损耗不能漏算。'],https://www.ntt-review.jp/archive/ntttechnical.php?contents=ntr201405ra1_s.html,2014研究平台，设备类别与材料限所述实例；不代表所有Ge平台或目录中任何模块。
proc-ge-pd,Ge-on-Si 接收器：在硅光路上生长吸光区域,仅适用于已知采用锗探测器的硅光结构；不能由“硅光”直接判定接收器材料。,['NTT 2014研究：SOI、选择生长Ge、Si保护层、Ti/TiN/Al电极、SiOx/SiO₂光路与包覆。'],2,形成Ge探测区与接点,UHV-CVD选择生长、后续注入和金属化,硅光路 → Ge探测器及电极,再沉积/加工包覆与接触孔，保持前面器件结构可用。,['片内波导把光送入Ge；电流经短电互连进入TIA。所引平台既展示器件，也展示另一幅TIA倒装例，不能混成同一SKU。'],['区分到芯片外部端口的总体响应与探测区本身响应；耦合损耗不能漏算。'],https://www.ntt-review.jp/archive/ntttechnical.php?contents=ntr201405ra1_s.html,2014研究平台，设备类别与材料限所述实例；不代表所有Ge平台或目录中任何模块。
proc-ge-pd,Ge-on-Si 接收器：在硅光路上生长吸光区域,仅适用于已知采用锗探测器的硅光结构；不能由“硅光”直接判定接收器材料。,['NTT 2014研究：SOI、选择生长Ge、Si保护层、Ti/TiN/Al电极、SiOx/SiO₂光路与包覆。'],3,接TIA并联合测量,光电探针；所引实例另有TIA倒装键合,探测器 → 可放大输出的接收路径,器件测暗电流、响应度与带宽；连接后再测眼图。,['片内波导把光送入Ge；电流经短电互连进入TIA。所引平台既展示器件，也展示另一幅TIA倒装例，不能混成同一SKU。'],['区分到芯片外部端口的总体响应与探测区本身响应；耦合损耗不能漏算。'],https://www.ntt-review.jp/archive/ntttechnical.php?contents=ntr201405ra1_s.html,2014研究平台，设备类别与材料限所述实例；不代表所有Ge平台或目录中任何模块。
proc-coherent-front-end,相干光前端：多条光路和差分电路一起封装,相干接收器、相干光引擎或相干模块；DCO/ACO应按DSP所在位置分别处理。,"['器件材料不能由“相干”确定。OIF接口文件规定功能与接口，并未指定Si、InP或其他平台为必选。', '若产品明确为InP单片TROSA，应继续核对它的调制、混频和探测结构及InP工艺；若明确为硅光PIC，才连接硅光工艺说明。混合集成要分别跟踪各裸片材料与连接。']",1,确定子组件与端口,设计/检验所用光学及电气接口工装；不是晶圆制造工序,信号光、本振光、混频器、平衡探测/TIA → 可连接的光前端,核对本振和信号端口、偏振与I/Q输出关系。,['接收光与本振光进入混频结构，平衡探测后的多路电信号经TIA进入后级；数字化与DSP是否在模块内要看DCO/ACO配置。'],['先测前端幅相与差分通道，再做完整相干链路测试；不能用光功率一个值判断前端合格。'],https://www.oiforum.com/wp-content/uploads/2019/01/OIF-DPC-MRX-02.0.pdf | https://www.ficontec.com/capabilities/,OIF 02.0仅为固定接口实例，不是最新标准或任何产品的制造证据。InP相干PIC的器件集合不同于EML，不能照搬EML全套工序；其详细制造与真实内封装仍按型号补证。
proc-coherent-front-end,相干光前端：多条光路和差分电路一起封装,相干接收器、相干光引擎或相干模块；DCO/ACO应按DSP所在位置分别处理。,"['器件材料不能由“相干”确定。OIF接口文件规定功能与接口，并未指定Si、InP或其他平台为必选。', '若产品明确为InP单片TROSA，应继续核对它的调制、混频和探测结构及InP工艺；若明确为硅光PIC，才连接硅光工艺说明。混合集成要分别跟踪各裸片材料与连接。']",2,固定器件并建立高速互连,固晶/贴装、引线或倒装、光学对准设备类别按实际封装选,独立器件或PIC → 封装光前端,OIF例含表面贴装与柔性PCB两类外部接口，不是要求两种都做。,['接收光与本振光进入混频结构，平衡探测后的多路电信号经TIA进入后级；数字化与DSP是否在模块内要看DCO/ACO配置。'],['先测前端幅相与差分通道，再做完整相干链路测试；不能用光功率一个值判断前端合格。'],https://www.oiforum.com/wp-content/uploads/2019/01/OIF-DPC-MRX-02.0.pdf | https://www.ficontec.com/capabilities/,OIF 02.0仅为固定接口实例，不是最新标准或任何产品的制造证据。InP相干PIC的器件集合不同于EML，不能照搬EML全套工序；其详细制造与真实内封装仍按型号补证。
proc-coherent-front-end,相干光前端：多条光路和差分电路一起封装,相干接收器、相干光引擎或相干模块；DCO/ACO应按DSP所在位置分别处理。,"['器件材料不能由“相干”确定。OIF接口文件规定功能与接口，并未指定Si、InP或其他平台为必选。', '若产品明确为InP单片TROSA，应继续核对它的调制、混频和探测结构及InP工艺；若明确为硅光PIC，才连接硅光工艺说明。混合集成要分别跟踪各裸片材料与连接。']",3,校准通道并测接口性能,受控光源、偏振控制、频率响应与差分测量设备,光前端 → 电光带宽、相位及通道误差记录,关注共模抑制、I/Q相位误差、通道时延与输出摆幅。,['接收光与本振光进入混频结构，平衡探测后的多路电信号经TIA进入后级；数字化与DSP是否在模块内要看DCO/ACO配置。'],['先测前端幅相与差分通道，再做完整相干链路测试；不能用光功率一个值判断前端合格。'],https://www.oiforum.com/wp-content/uploads/2019/01/OIF-DPC-MRX-02.0.pdf | https://www.ficontec.com/capabilities/,OIF 02.0仅为固定接口实例，不是最新标准或任何产品的制造证据。InP相干PIC的器件集合不同于EML，不能照搬EML全套工序；其详细制造与真实内封装仍按型号补证。
proc-fau,FAU 光纤阵列：先排好光纤，再与芯片对准,有光纤阵列的组件；仅有MPO外连接器不能自动推断模块内部一定有FAU。,['Corning实例：玻璃/熔融石英/石英等基座与盖板、选定类型光纤、UV胶；产品有多种材料和端接选项。'],1,加工固定光纤的基座,研磨与精密切割设备,基座 → 按所需间距切出的V槽,测槽位和纤芯间距；不是只检查外形宽度。,['普通FAU可接芯片边缘；90度转光FAU可接表面光栅。接口方向由产品决定。'],['几何测量保证位置；通光测试确认能把光送进去。两种检查不能互相替代。'],https://www.corning.com/microsites/coc/oem/documents/OEM-039-AEN.pdf,限Corning公开结构和加工图；不指定任何整模块采用Corning、何种胶或何台设备。
proc-fau,FAU 光纤阵列：先排好光纤，再与芯片对准,有光纤阵列的组件；仅有MPO外连接器不能自动推断模块内部一定有FAU。,['Corning实例：玻璃/熔融石英/石英等基座与盖板、选定类型光纤、UV胶；产品有多种材料和端接选项。'],2,排纤并固定,排纤定位、点胶和UV固化设备,光纤与基座 → 稳定阵列,固化后复测纤芯位置、端面角度和平整度。,['普通FAU可接芯片边缘；90度转光FAU可接表面光栅。接口方向由产品决定。'],['几何测量保证位置；通光测试确认能把光送进去。两种检查不能互相替代。'],https://www.corning.com/microsites/coc/oem/documents/OEM-039-AEN.pdf,限Corning公开结构和加工图；不指定任何整模块采用Corning、何种胶或何台设备。
proc-fau,FAU 光纤阵列：先排好光纤，再与芯片对准,有光纤阵列的组件；仅有MPO外连接器不能自动推断模块内部一定有FAU。,['Corning实例：玻璃/熔融石英/石英等基座与盖板、选定类型光纤、UV胶；产品有多种材料和端接选项。'],3,将阵列连到PIC,精密对准与固定设备,FAU + 芯片 → 边缘或表面光栅光接口,逐通道测插损、回损和一致性，检查固定前后变化。,['普通FAU可接芯片边缘；90度转光FAU可接表面光栅。接口方向由产品决定。'],['几何测量保证位置；通光测试确认能把光送进去。两种检查不能互相替代。'],https://www.corning.com/microsites/coc/oem/documents/OEM-039-AEN.pdf,限Corning公开结构和加工图；不指定任何整模块采用Corning、何种胶或何台设备。
proc-lens,透镜：模压与磨抛是两种制造分支,使用独立耦合透镜的组件；不能把所有光模块的耦合都写成透镜路线。,['按设计选光学玻璃或适用聚合物；非球面只是形状，不是材料名。'],1,模压成形分支,精密玻璃模压机及模具,可模压玻璃坯 → 模具限定的非球面,冷却后的形状须测量；模具与收缩量要匹配。,['透镜把发散光整理到所需光束，再对准下一器件或光纤；位置与角度误差会改变耦合。'],['镜片层面看面形和表面；组件层面看插损及固定后的稳定性。'],https://www.edmundoptics.com/knowledge-center/application-notes/optics/all-about-aspheric-lenses | https://www.ficontec.com/capabilities/,非球面制造说明是通用实例；材料牌号、镀膜、尺寸及自动化设备不能由镜片类别补出。
proc-lens,透镜：模压与磨抛是两种制造分支,使用独立耦合透镜的组件；不能把所有光模块的耦合都写成透镜路线。,['按设计选光学玻璃或适用聚合物；非球面只是形状，不是材料名。'],2,磨削与抛光分支,精密研磨、数控抛光设备,光学坯料 → 按目标面形去除材料的透镜,用轮廓或干涉方法检验面形；此分支与模压不必同时执行。,['透镜把发散光整理到所需光束，再对准下一器件或光纤；位置与角度误差会改变耦合。'],['镜片层面看面形和表面；组件层面看插损及固定后的稳定性。'],https://www.edmundoptics.com/knowledge-center/application-notes/optics/all-about-aspheric-lenses | https://www.ficontec.com/capabilities/,非球面制造说明是通用实例；材料牌号、镀膜、尺寸及自动化设备不能由镜片类别补出。
proc-lens,透镜：模压与磨抛是两种制造分支,使用独立耦合透镜的组件；不能把所有光模块的耦合都写成透镜路线。,['按设计选光学玻璃或适用聚合物；非球面只是形状，不是材料名。'],3,装到实际光路,光学定位、测功率和固定设备,透镜 + 发射器/光纤 → 耦合光路,成品面形合格后仍要测组件耦合效率。,['透镜把发散光整理到所需光束，再对准下一器件或光纤；位置与角度误差会改变耦合。'],['镜片层面看面形和表面；组件层面看插损及固定后的稳定性。'],https://www.edmundoptics.com/knowledge-center/application-notes/optics/all-about-aspheric-lenses | https://www.ficontec.com/capabilities/,非球面制造说明是通用实例；材料牌号、镀膜、尺寸及自动化设备不能由镜片类别补出。
proc-mux-tff,薄膜滤光片 MUX/DEMUX：镀膜零件再组成光路,已确认独立薄膜滤光片合分波结构时适用；“WDM”并不证明用了此路线。,['透明基底与多层光学膜；实际高低折射率材料、层数和厚度要看滤光片设计。'],1,按光谱目标镀多层膜,蒸发或磁控溅射镀膜设备；VIAVI是能力实例,基底 → 选择性透射/反射波长的滤光片,测光谱通带、截止与均匀性；能力来源不绑定具体MUX。,['指定波长经滤光片透射或反射到目标端口；各路发射波长要与通带匹配。'],['逐路测还需多路同时输入检查串扰；这些是依据工作原理整理的检查任务，限值来自具体规格。'],https://www.viavisolutions.com/zh-cn/node/110933 | https://www.coherent.com/networking/wavelength-management/passive-modules/cdwm-modules | https://www.keysight.com/dk/en/products/photonic-and-optical-test.html,薄膜能力、MUX产品和测试方法是三类证据；未证明Coherent使用VIAVI设备，也不能据WDM型号确定膜料配方。
proc-mux-tff,薄膜滤光片 MUX/DEMUX：镀膜零件再组成光路,已确认独立薄膜滤光片合分波结构时适用；“WDM”并不证明用了此路线。,['透明基底与多层光学膜；实际高低折射率材料、层数和厚度要看滤光片设计。'],2,把滤光片和耦合零件排成光路,光学平台、精密定位与固定设备,滤光片/光束接口 → 逐级合波或分波组件,Coherent公开产品采用自由空间级联结构。,['指定波长经滤光片透射或反射到目标端口；各路发射波长要与通带匹配。'],['逐路测还需多路同时输入检查串扰；这些是依据工作原理整理的检查任务，限值来自具体规格。'],https://www.viavisolutions.com/zh-cn/node/110933 | https://www.coherent.com/networking/wavelength-management/passive-modules/cdwm-modules | https://www.keysight.com/dk/en/products/photonic-and-optical-test.html,薄膜能力、MUX产品和测试方法是三类证据；未证明Coherent使用VIAVI设备，也不能据WDM型号确定膜料配方。
proc-mux-tff,薄膜滤光片 MUX/DEMUX：镀膜零件再组成光路,已确认独立薄膜滤光片合分波结构时适用；“WDM”并不证明用了此路线。,['透明基底与多层光学膜；实际高低折射率材料、层数和厚度要看滤光片设计。'],3,逐端口、逐波长检验,扫波长光源、光功率计或光谱分析仪,多端口组件 → 波长/端口响应表,插损看损失，隔离度看别路串入多少；另查回损与温度变化。,['指定波长经滤光片透射或反射到目标端口；各路发射波长要与通带匹配。'],['逐路测还需多路同时输入检查串扰；这些是依据工作原理整理的检查任务，限值来自具体规格。'],https://www.viavisolutions.com/zh-cn/node/110933 | https://www.coherent.com/networking/wavelength-management/passive-modules/cdwm-modules | https://www.keysight.com/dk/en/products/photonic-and-optical-test.html,薄膜能力、MUX产品和测试方法是三类证据；未证明Coherent使用VIAVI设备，也不能据WDM型号确定膜料配方。
proc-mux-awg,AWG 波导合分波器：把不同长度的光路加工在芯片上,已确认AWG结构时适用；以下为silica PLC实例，不能覆盖全部Si/SiN/InP AWG配方。,['NTT silica PLC实例：硅或石英基底、二氧化硅系导光与包覆材料；SiN是另一个平台分支。'],1,准备导光材料层,火焰水解沉积FHD等设备；所引历史silica路线,基底 → 可形成波导的玻璃层,关注折射率和膜层质量；不是把玻璃材料直接贴成芯片。,['输入光在波导网络传播；不同波长在不同输出端集中。AWG可以作为PLC上的一个器件结构。'],['光谱响应测试比只通一个波长更能发现偏移与串扰；端面损耗与片内传播损耗应分开。'],https://www.ntt-review.jp/archive/ntttechnical.php?contents=ntr200507012.pdf | https://www.ntt-review.jp/archive/ntttechnical.php?contents=ntr201701fa2_s.html | https://www.corning.com/microsites/coc/oem/documents/OEM-039-AEN.pdf | https://www.keysight.com/dk/en/products/photonic-and-optical-test.html,历史平台公开方法，不是FR4/FR8产品的已知实现。没有直接证据时，不能把MUX等同AWG。
proc-mux-awg,AWG 波导合分波器：把不同长度的光路加工在芯片上,已确认AWG结构时适用；以下为silica PLC实例，不能覆盖全部Si/SiN/InP AWG配方。,['NTT silica PLC实例：硅或石英基底、二氧化硅系导光与包覆材料；SiN是另一个平台分支。'],2,定义波导路径并刻蚀,光刻、反应离子刻蚀RIE及包覆加工,玻璃层 → 输入区、阵列波导和输出区,路径和尺寸共同决定分波光谱；后续需要光学实测。,['输入光在波导网络传播；不同波长在不同输出端集中。AWG可以作为PLC上的一个器件结构。'],['光谱响应测试比只通一个波长更能发现偏移与串扰；端面损耗与片内传播损耗应分开。'],https://www.ntt-review.jp/archive/ntttechnical.php?contents=ntr200507012.pdf | https://www.ntt-review.jp/archive/ntttechnical.php?contents=ntr201701fa2_s.html | https://www.corning.com/microsites/coc/oem/documents/OEM-039-AEN.pdf | https://www.keysight.com/dk/en/products/photonic-and-optical-test.html,历史平台公开方法，不是FR4/FR8产品的已知实现。没有直接证据时，不能把MUX等同AWG。
proc-mux-awg,AWG 波导合分波器：把不同长度的光路加工在芯片上,已确认AWG结构时适用；以下为silica PLC实例，不能覆盖全部Si/SiN/InP AWG配方。,['NTT silica PLC实例：硅或石英基底、二氧化硅系导光与包覆材料；SiN是另一个平台分支。'],3,切片、接光纤并表征,分片/端面处理、FAU对准、扫波长测试设备,AWG裸片 → 可接入光路的合分波组件,检查每端口通带、插损、串扰、偏振和温度响应。,['输入光在波导网络传播；不同波长在不同输出端集中。AWG可以作为PLC上的一个器件结构。'],['光谱响应测试比只通一个波长更能发现偏移与串扰；端面损耗与片内传播损耗应分开。'],https://www.ntt-review.jp/archive/ntttechnical.php?contents=ntr200507012.pdf | https://www.ntt-review.jp/archive/ntttechnical.php?contents=ntr201701fa2_s.html | https://www.corning.com/microsites/coc/oem/documents/OEM-039-AEN.pdf | https://www.keysight.com/dk/en/products/photonic-and-optical-test.html,历史平台公开方法，不是FR4/FR8产品的已知实现。没有直接证据时，不能把MUX等同AWG。
proc-electronic-ic,电子芯片：晶体管、布线、封装分别加工,DSP、Driver、TIA、控制器、存储器和电源IC；各芯片不一定采用同一材料或制程。,['硅工艺可用硅片、绝缘层、掺杂与金属互连。具体CMOS/SiGe等平台和金属层必须看芯片来源。'],1,重复形成器件所需层与区域,沉积、涂胶/曝光、刻蚀、离子注入设备,晶圆 → 按掩膜形成的晶体管等结构,通用制造步骤，不指定先进节点或EUV为必选。,['Driver输出接发射器或调制器；TIA输入接探测器；DSP/控制/电源各按具体架构接入。'],['测试任务因芯片而异：Driver看摆幅/线性和带宽，TIA看增益/噪声与带宽，DSP看误码与接口；这些是任务分类，不是统一出厂程序。'],https://www.asml.com/en/company/stories/2021/semiconductor-manufacturing-process-steps | https://semi.asmpt.com/en/products/icd,ASML材料仅解释通用晶圆动作；没有证明目录芯片节点、设备型号或代工厂。模拟芯片测试条件仍需各自规格。
proc-electronic-ic,电子芯片：晶体管、布线、封装分别加工,DSP、Driver、TIA、控制器、存储器和电源IC；各芯片不一定采用同一材料或制程。,['硅工艺可用硅片、绝缘层、掺杂与金属互连。具体CMOS/SiGe等平台和金属层必须看芯片来源。'],2,形成层间电连接,介质和金属沉积、图形化与连接孔加工,器件区域 → 芯片内部电路,检查电路功能与互连；光刻负责图形定位，刻蚀负责去料。,['Driver输出接发射器或调制器；TIA输入接探测器；DSP/控制/电源各按具体架构接入。'],['测试任务因芯片而异：Driver看摆幅/线性和带宽，TIA看增益/噪声与带宽，DSP看误码与接口；这些是任务分类，不是统一出厂程序。'],https://www.asml.com/en/company/stories/2021/semiconductor-manufacturing-process-steps | https://semi.asmpt.com/en/products/icd,ASML材料仅解释通用晶圆动作；没有证明目录芯片节点、设备型号或代工厂。模拟芯片测试条件仍需各自规格。
proc-electronic-ic,电子芯片：晶体管、布线、封装分别加工,DSP、Driver、TIA、控制器、存储器和电源IC；各芯片不一定采用同一材料或制程。,['硅工艺可用硅片、绝缘层、掺杂与金属互连。具体CMOS/SiGe等平台和金属层必须看芯片来源。'],3,分片及封装连接,切割、固晶、引线键合或倒装设备,晶圆 → 可连接PCB/载体的芯片,器件电测先确认功能，再按封装接口测试高速/模拟性能。,['Driver输出接发射器或调制器；TIA输入接探测器；DSP/控制/电源各按具体架构接入。'],['测试任务因芯片而异：Driver看摆幅/线性和带宽，TIA看增益/噪声与带宽，DSP看误码与接口；这些是任务分类，不是统一出厂程序。'],https://www.asml.com/en/company/stories/2021/semiconductor-manufacturing-process-steps | https://semi.asmpt.com/en/products/icd,ASML材料仅解释通用晶圆动作；没有证明目录芯片节点、设备型号或代工厂。模拟芯片测试条件仍需各自规格。
proc-pcb,PCB：铜线、层间连接与贴装分开看,有PCB/FPCB的模块与子组件；先核对板材、层叠和高速接口，不能由“800G”给出板材牌号。,['制造实例使用覆铜芯板、绝缘层、铜、阻焊与表面处理材料；具体高速层叠待型号资料。'],1,做内层线路并检查,成像/曝光、刻蚀、自动光学检查AOI,覆铜板 → 内层走线,叠压前发现开短路和图形偏差。,['裸PCB之后才放置并焊接器件；连接器、芯片和电源通过铜线/过孔相连。'],['板厂AOI和电测不等于整模块信号质量合格。装配后还需电源、控制与高速路径测试。'],https://www.eurocircuits.com/technical-guidelines/pcb-manufacturing-technology/making-a-pcb-pcb-manufacture-step-by-step/,Eurocircuits公开流程说明普通多层板制造；未证明某模块材料、层数、阻抗数值或设备采用。
proc-pcb,PCB：铜线、层间连接与贴装分开看,有PCB/FPCB的模块与子组件；先核对板材、层叠和高速接口，不能由“800G”给出板材牌号。,['制造实例使用覆铜芯板、绝缘层、铜、阻焊与表面处理材料；具体高速层叠待型号资料。'],2,叠压并做层间连接,压合、钻孔、孔壁导电处理、电镀,多层内板 → 互相连接的多层PCB,检查孔与内层对位，导通不是靠压合本身完成。,['裸PCB之后才放置并焊接器件；连接器、芯片和电源通过铜线/过孔相连。'],['板厂AOI和电测不等于整模块信号质量合格。装配后还需电源、控制与高速路径测试。'],https://www.eurocircuits.com/technical-guidelines/pcb-manufacturing-technology/making-a-pcb-pcb-manufacture-step-by-step/,Eurocircuits公开流程说明普通多层板制造；未证明某模块材料、层数、阻抗数值或设备采用。
proc-pcb,PCB：铜线、层间连接与贴装分开看,有PCB/FPCB的模块与子组件；先核对板材、层叠和高速接口，不能由“800G”给出板材牌号。,['制造实例使用覆铜芯板、绝缘层、铜、阻焊与表面处理材料；具体高速层叠待型号资料。'],3,做外层、表面保护和电测,成像/电镀/刻蚀、阻焊、表面处理与电测设备,多层板 → 裸PCB,电测查开短路；高速插损/阻抗要求需另加相应验证。,['裸PCB之后才放置并焊接器件；连接器、芯片和电源通过铜线/过孔相连。'],['板厂AOI和电测不等于整模块信号质量合格。装配后还需电源、控制与高速路径测试。'],https://www.eurocircuits.com/technical-guidelines/pcb-manufacturing-technology/making-a-pcb-pcb-manufacture-step-by-step/,Eurocircuits公开流程说明普通多层板制造；未证明某模块材料、层数、阻抗数值或设备采用。
proc-assembly,装配连接：固定、电互连、光互连是不同任务,模块/光引擎/TOSA/ROSA/PIC封装；步骤按实际器件接口选，不是每种产品都执行所有方式。,['焊料或固晶胶、互连金属、光学胶/适用焊接连接、载体；具体牌号与工艺温度必须有产品或工艺证据。'],1,定位并固定芯片,固晶设备,裸片 + 载体 → 固定组件,外形位置与粘接/焊接质量先确认；固定不自动完成电连接。,['EML侧面出光、VCSEL表面出光、PIC边缘/光栅接口需要不同夹具和定位动作；芯片光口和外部LC/MPO不是同一接口。'],['先分段测，再做联合链路；重复插拔、热和机械试验的选择与限值由产品规格确定。'],https://semi.asmpt.com/en/products/icd | https://www.ficontec.com/capabilities/ | https://www.corning.com/microsites/coc/oem/documents/OEM-039-AEN.pdf,只列设备类别及公开能力。选用某平台不等于具体型号已使用某设备厂，更不能由能力推断产线节拍与良率。
proc-assembly,装配连接：固定、电互连、光互连是不同任务,模块/光引擎/TOSA/ROSA/PIC封装；步骤按实际器件接口选，不是每种产品都执行所有方式。,['焊料或固晶胶、互连金属、光学胶/适用焊接连接、载体；具体牌号与工艺温度必须有产品或工艺证据。'],2,建立电连接,引线键合机，或倒装贴装/键合设备,焊盘或凸点 → 到载体/另一芯片的电路径,两者可在不同位置共存；检查导通及高速路径寄生影响。,['EML侧面出光、VCSEL表面出光、PIC边缘/光栅接口需要不同夹具和定位动作；芯片光口和外部LC/MPO不是同一接口。'],['先分段测，再做联合链路；重复插拔、热和机械试验的选择与限值由产品规格确定。'],https://semi.asmpt.com/en/products/icd | https://www.ficontec.com/capabilities/ | https://www.corning.com/microsites/coc/oem/documents/OEM-039-AEN.pdf,只列设备类别及公开能力。选用某平台不等于具体型号已使用某设备厂，更不能由能力推断产线节拍与良率。
proc-assembly,装配连接：固定、电互连、光互连是不同任务,模块/光引擎/TOSA/ROSA/PIC封装；步骤按实际器件接口选，不是每种产品都执行所有方式。,['焊料或固晶胶、互连金属、光学胶/适用焊接连接、载体；具体牌号与工艺温度必须有产品或工艺证据。'],3,把光接到目标接口并固定,相机/定位台预对准；通光反馈主动对准；胶粘或适用焊接,光学件/芯片/光纤 → 通光组件,固定前后测功率变化，检查固化/焊接造成的位置变化。,['EML侧面出光、VCSEL表面出光、PIC边缘/光栅接口需要不同夹具和定位动作；芯片光口和外部LC/MPO不是同一接口。'],['先分段测，再做联合链路；重复插拔、热和机械试验的选择与限值由产品规格确定。'],https://semi.asmpt.com/en/products/icd | https://www.ficontec.com/capabilities/ | https://www.corning.com/microsites/coc/oem/documents/OEM-039-AEN.pdf,只列设备类别及公开能力。选用某平台不等于具体型号已使用某设备厂，更不能由能力推断产线节拍与良率。
proc-thermal,壳体与散热：先确定热路径，再选择制造方式,可插拔模块和光引擎都要处理热；这里以OSFP接口为例，CPO不能照抄其机械规格。,['内部载体、导热界面材料和外部壳体/散热器由设计确定；OSFP外形名不规定全部内部材料。'],1,按尺寸和接触要求形成结构件,尺寸加工与测量设备；CNC、压铸等只是候选加工分支,材料件 → 符合外形及接触面的壳体/散热结构,OSFP Rev5.0给出机械和部分热接触面要求，未规定必须用哪种加工方法。,['芯片热量经载体、导热接触和散热结构传出；电/光连接在温度变化后仍需满足要求。'],['按产品温区运行并测接口性能；OSFP风阻测试只回答气流阻力，不能代替电光性能或内部热验证。'],https://www.osfpmsa.org/assets/pdf/OSFP_Module_Specification_Rev5_0.pdf,机械标准不是生产设备清单。具体导热材料、加工方法及CPO散热路径在缺证时保留待查。
proc-thermal,壳体与散热：先确定热路径，再选择制造方式,可插拔模块和光引擎都要处理热；这里以OSFP接口为例，CPO不能照抄其机械规格。,['内部载体、导热界面材料和外部壳体/散热器由设计确定；OSFP外形名不规定全部内部材料。'],2,建立器件到散热面的热路径,定位固定与导热材料施加设备，具体方法待设计,发热芯片 + 载体/壳体 → 连续热路径,关注接触位置、平整度及间隙；不能用壳温替代未知芯片结温。,['芯片热量经载体、导热接触和散热结构传出；电/光连接在温度变化后仍需满足要求。'],['按产品温区运行并测接口性能；OSFP风阻测试只回答气流阻力，不能代替电光性能或内部热验证。'],https://www.osfpmsa.org/assets/pdf/OSFP_Module_Specification_Rev5_0.pdf,机械标准不是生产设备清单。具体导热材料、加工方法及CPO散热路径在缺证时保留待查。
proc-thermal,壳体与散热：先确定热路径，再选择制造方式,可插拔模块和光引擎都要处理热；这里以OSFP接口为例，CPO不能照抄其机械规格。,['内部载体、导热界面材料和外部壳体/散热器由设计确定；OSFP外形名不规定全部内部材料。'],3,在规定环境下验证,温度监测、可控环境和风阻/气流测试工装,已装模块 → 指定工况下的温升及运行记录,功耗、环境温度、气流和安装状态都要记录。,['芯片热量经载体、导热接触和散热结构传出；电/光连接在温度变化后仍需满足要求。'],['按产品温区运行并测接口性能；OSFP风阻测试只回答气流阻力，不能代替电光性能或内部热验证。'],https://www.osfpmsa.org/assets/pdf/OSFP_Module_Specification_Rev5_0.pdf,机械标准不是生产设备清单。具体导热材料、加工方法及CPO散热路径在缺证时保留待查。
proc-wafer-die-test,晶圆与裸片测试：装配前识别器件状态,光子晶圆、VCSEL、分离光电芯片；被测结构与光口必须能被探针接近。,['测试不制造新器件材料；用光纤/光学探针、电探针、承载台和校准参考件建立测量连接。'],1,定位光电端口,机器视觉、电探针台、单/多路光探针与精密运动台,晶圆或裸片 → 可接触的测试位置,边缘端口与表面端口需要不同探针几何和测量方案。,['晶圆测试在分片前；裸片测试在分片后。两阶段可互补，但不是每种边缘出光器件都能同样在晶圆上测完。'],['ficonTEC TESTLINE/WAFER TESTLINE是可配置设备能力；光电仪表、探针和判定限值还要配置。'],https://www.ficontec.com/photonic-device-testing/ | https://www.ficontec.com/wp-content/uploads/pdf/en/WLT-v22-04-websize-v1.pdf,不是任一模块实际使用ficonTEC的证据。晶圆通过不保证封装后耦合、互连或整链路通过。
proc-wafer-die-test,晶圆与裸片测试：装配前识别器件状态,光子晶圆、VCSEL、分离光电芯片；被测结构与光口必须能被探针接近。,['测试不制造新器件材料；用光纤/光学探针、电探针、承载台和校准参考件建立测量连接。'],2,施加电光输入并采集响应,源表、光源/光功率计、光谱及射频测试仪按对象配置,受控输入 → 每颗器件的电光数据,激光器可测LIV与光谱；PIC按实际功能测光学和射频响应。,['晶圆测试在分片前；裸片测试在分片后。两阶段可互补，但不是每种边缘出光器件都能同样在晶圆上测完。'],['ficonTEC TESTLINE/WAFER TESTLINE是可配置设备能力；光电仪表、探针和判定限值还要配置。'],https://www.ficontec.com/photonic-device-testing/ | https://www.ficontec.com/wp-content/uploads/pdf/en/WLT-v22-04-websize-v1.pdf,不是任一模块实际使用ficonTEC的证据。晶圆通过不保证封装后耦合、互连或整链路通过。
proc-wafer-die-test,晶圆与裸片测试：装配前识别器件状态,光子晶圆、VCSEL、分离光电芯片；被测结构与光口必须能被探针接近。,['测试不制造新器件材料；用光纤/光学探针、电探针、承载台和校准参考件建立测量连接。'],3,记录并分选,自动搬运、分选及数据记录系统,测试结果 → 可追踪的器件状态,要保留晶圆坐标/器件身份与测量条件，避免混用结果。,['晶圆测试在分片前；裸片测试在分片后。两阶段可互补，但不是每种边缘出光器件都能同样在晶圆上测完。'],['ficonTEC TESTLINE/WAFER TESTLINE是可配置设备能力；光电仪表、探针和判定限值还要配置。'],https://www.ficontec.com/photonic-device-testing/ | https://www.ficontec.com/wp-content/uploads/pdf/en/WLT-v22-04-websize-v1.pdf,不是任一模块实际使用ficonTEC的证据。晶圆通过不保证封装后耦合、互连或整链路通过。
proc-module-imdd-test,直接检测模块测试：分别看发送、接收和整条链路,NRZ/PAM4等强度调制、直接检测模块；速率和标准必须按型号匹配。,['测试连接使用相配的主机电接口、光纤、校准参考接收器/信号源与衰减器；不是产品BOM。'],1,测发送输出,码型源、光功率/波长测量、采样示波或光通信分析仪,电码型 → 光输出质量记录,区分平均功率、调制质量和波长；PAM4与NRZ判据不同。,['Tx和Rx要分开激励与测量；端到端回环可以发现问题，但单一回环结果难定位是哪一段出错。'],['指标、码型、光谱/示波带宽、参考面和FEC处理方式应随记录交付；不能给所有型号套同一个通过门限。'],https://www.keysight.com/us/en/assets/7018-01601/brochures/5989-6753.pdf | https://www.keysight.com/dk/en/products/photonic-and-optical-test.html | https://www.keysight.com/us/en/assets/3126-1521/solution-briefs/Validating-1-6T-Interconnect-Error-Performance.pdf,这是测试任务说明，不声称指定产品采用哪台仪器。实际量产测试项目、抽样比例、老化条件与门限仍需厂家文件。
proc-module-imdd-test,直接检测模块测试：分别看发送、接收和整条链路,NRZ/PAM4等强度调制、直接检测模块；速率和标准必须按型号匹配。,['测试连接使用相配的主机电接口、光纤、校准参考接收器/信号源与衰减器；不是产品BOM。'],2,测接收能力,已校准光发送源、可变光衰减器、误码仪；需要时加入规定损伤,逐步降低或损伤输入光 → 误码随输入条件变化,“有输出”不等于正确收数；灵敏度必须带目标BER等条件。,['Tx和Rx要分开激励与测量；端到端回环可以发现问题，但单一回环结果难定位是哪一段出错。'],['指标、码型、光谱/示波带宽、参考面和FEC处理方式应随记录交付；不能给所有型号套同一个通过门限。'],https://www.keysight.com/us/en/assets/7018-01601/brochures/5989-6753.pdf | https://www.keysight.com/dk/en/products/photonic-and-optical-test.html | https://www.keysight.com/us/en/assets/3126-1521/solution-briefs/Validating-1-6T-Interconnect-Error-Performance.pdf,这是测试任务说明，不声称指定产品采用哪台仪器。实际量产测试项目、抽样比例、老化条件与门限仍需厂家文件。
proc-module-imdd-test,直接检测模块测试：分别看发送、接收和整条链路,NRZ/PAM4等强度调制、直接检测模块；速率和标准必须按型号匹配。,['测试连接使用相配的主机电接口、光纤、校准参考接收器/信号源与衰减器；不是产品BOM。'],3,联通主机与对端并运行,匹配的测试板/主机、对端、误码或业务流量测试设备,模块 + 光纤 + 对端 → 链路表现,记录FEC前后、各通道、温度与运行时长；线性模块还受主机路径影响。,['Tx和Rx要分开激励与测量；端到端回环可以发现问题，但单一回环结果难定位是哪一段出错。'],['指标、码型、光谱/示波带宽、参考面和FEC处理方式应随记录交付；不能给所有型号套同一个通过门限。'],https://www.keysight.com/us/en/assets/7018-01601/brochures/5989-6753.pdf | https://www.keysight.com/dk/en/products/photonic-and-optical-test.html | https://www.keysight.com/us/en/assets/3126-1521/solution-briefs/Validating-1-6T-Interconnect-Error-Performance.pdf,这是测试任务说明，不声称指定产品采用哪台仪器。实际量产测试项目、抽样比例、老化条件与门限仍需厂家文件。
proc-module-coherent-test,相干模块测试：幅相、噪声容限和互通一起看,相干模块及其前端，需与实际波特率、调制格式、FEC和波长配置匹配。,['测试用可调谐光源、偏振控制、噪声加载与光纤连接；设备名称中的AWG在此指任意波形发生器，不是波导合波器。'],1,生成已知相干信号,任意波形发生器、可调谐激光器和相干信号源,已知数据/幅相 → 受控相干光,先校准激励路径，区分测试源失真与被测件失真。,['参考本振与信号一同进入相干分析路径；模块与主机接口及DSP/FEC配置同时影响链路。'],['Keysight展示相关仪器能力；OpenZR+文档展示多厂家OSNR容限测试。测试结果仅适用原文版本和条件。'],https://www.keysight.com/zz/en/use-cases/analyze-evm-and-ber-performance-in-coherent-optical-receivers.html | https://openzrplus.org/wp-content/uploads/2024/04/openzrplus_whitepaper_rev0_92_2023-12-19_final.pdf,不能把一组仪器能力或一场互通实验写成目录全部相干产品出厂测试；也不等同现场长期可靠性。
proc-module-coherent-test,相干模块测试：幅相、噪声容限和互通一起看,相干模块及其前端，需与实际波特率、调制格式、FEC和波长配置匹配。,['测试用可调谐光源、偏振控制、噪声加载与光纤连接；设备名称中的AWG在此指任意波形发生器，不是波导合波器。'],2,观察星座与接收错误,参考相干接收器/光调制分析仪及DSP分析,输出光 → 星座、EVM与误码记录,EVM看符号偏差，BER看解出的比特错误，两者不能互换。,['参考本振与信号一同进入相干分析路径；模块与主机接口及DSP/FEC配置同时影响链路。'],['Keysight展示相关仪器能力；OpenZR+文档展示多厂家OSNR容限测试。测试结果仅适用原文版本和条件。'],https://www.keysight.com/zz/en/use-cases/analyze-evm-and-ber-performance-in-coherent-optical-receivers.html | https://openzrplus.org/wp-content/uploads/2024/04/openzrplus_whitepaper_rev0_92_2023-12-19_final.pdf,不能把一组仪器能力或一场互通实验写成目录全部相干产品出厂测试；也不等同现场长期可靠性。
proc-module-coherent-test,相干模块测试：幅相、噪声容限和互通一起看,相干模块及其前端，需与实际波特率、调制格式、FEC和波长配置匹配。,['测试用可调谐光源、偏振控制、噪声加载与光纤连接；设备名称中的AWG在此指任意波形发生器，不是波导合波器。'],3,改变噪声并做端到端验证,噪声源、衰减器、合路器、主机/对端,不同OSNR和传输条件 → 容限/互通结果,控制OSNR、带宽、失真；跨厂家互通要实际联测。,['参考本振与信号一同进入相干分析路径；模块与主机接口及DSP/FEC配置同时影响链路。'],['Keysight展示相关仪器能力；OpenZR+文档展示多厂家OSNR容限测试。测试结果仅适用原文版本和条件。'],https://www.keysight.com/zz/en/use-cases/analyze-evm-and-ber-performance-in-coherent-optical-receivers.html | https://openzrplus.org/wp-content/uploads/2024/04/openzrplus_whitepaper_rev0_92_2023-12-19_final.pdf,不能把一组仪器能力或一场互通实验写成目录全部相干产品出厂测试；也不等同现场长期可靠性。
proc-burst-rx-test,PON 突发接收：前后两段信号不能只测连续码流,支持上行突发接收的OLT器件/模块；ONU发送与OLT接收分工按实际PON制式确认。,['测试不确定器件材料；需能生成对应突发码型的电/光激励、受控光功率与误码测量连接。'],1,建立突发激励,可编程码型/误码系统；Anritsu MP1800A配MX180014A是历史能力例,测试序列 → 两通道burst pattern及可设相对时序,码型、保护间隔和前导应按被测接口规定。,['ONU的突发发送到OLT的突发接收；双向连续链路的测法需要按PON时序调整。'],['除误码外，应根据制式确认突发开启/关闭、接收恢复等项目；本条未给出通用门限。'],https://www.anritsu.com/en-au/test-measurement/news/news-releases/2017/2017-01-04-au-01 | https://dl.cdn-anritsu.com/en-en/test-measurement/files/Brochures-Datasheets-Catalogs/Selection-Guide/mp1900a-ez12500.pdf,来源支持突发码型与BER测试能力；具体PON产品前导格式、功率差、恢复时间与通过门限尚待规格。
proc-burst-rx-test,PON 突发接收：前后两段信号不能只测连续码流,支持上行突发接收的OLT器件/模块；ONU发送与OLT接收分工按实际PON制式确认。,['测试不确定器件材料；需能生成对应突发码型的电/光激励、受控光功率与误码测量连接。'],2,改变相邻突发的条件,相应光发送器、衰减与定时控制工装,强弱或时序不同的突发 → 接收输入,这里的强弱/恢复检查是工程测试任务，不能声称所引仪器单机即可全部实现。,['ONU的突发发送到OLT的突发接收；双向连续链路的测法需要按PON时序调整。'],['除误码外，应根据制式确认突发开启/关闭、接收恢复等项目；本条未给出通用门限。'],https://www.anritsu.com/en-au/test-measurement/news/news-releases/2017/2017-01-04-au-01 | https://dl.cdn-anritsu.com/en-en/test-measurement/files/Brochures-Datasheets-Catalogs/Selection-Guide/mp1900a-ez12500.pdf,来源支持突发码型与BER测试能力；具体PON产品前导格式、功率差、恢复时间与通过门限尚待规格。
proc-burst-rx-test,PON 突发接收：前后两段信号不能只测连续码流,支持上行突发接收的OLT器件/模块；ONU发送与OLT接收分工按实际PON制式确认。,['测试不确定器件材料；需能生成对应突发码型的电/光激励、受控光功率与误码测量连接。'],3,统计恢复后的数据质量,支持突发判决的误码仪/接收系统,突发输入 → 分突发错误与恢复记录,分别报告连续模式与突发模式条件，不能相互替代。,['ONU的突发发送到OLT的突发接收；双向连续链路的测法需要按PON时序调整。'],['除误码外，应根据制式确认突发开启/关闭、接收恢复等项目；本条未给出通用门限。'],https://www.anritsu.com/en-au/test-measurement/news/news-releases/2017/2017-01-04-au-01 | https://dl.cdn-anritsu.com/en-en/test-measurement/files/Brochures-Datasheets-Catalogs/Selection-Guide/mp1900a-ez12500.pdf,来源支持突发码型与BER测试能力；具体PON产品前导格式、功率差、恢复时间与通过门限尚待规格。
proc-aoc-test,AOC 测试：把两端转换器和固定光缆作为一个组件,有源光缆AOC；不能把端部看成两个可任意更换的独立光模块。,['两端电接口、内部光电转换器与固定光纤组件；内部光器件材料需AOC产品来源。'],1,连接两端电接口并同时激励,多通道码型/误码仪及匹配测试板,整条AOC → 双向可测的电—光—电路径,逐通道核对速率、映射与两端管理/供电状态。,['外部主要是两端电接口；内部光缆固定，故测量参考面及故障定位与可插拔光模块不同。'],['保留两端方向、线缆长度、每路误码/FEC、温区与主机条件；不能只测一端回环就代表完整双向组件。'],https://www.keysight.com/us/en/assets/3126-1521/solution-briefs/Validating-1-6T-Interconnect-Error-Performance.pdf | https://dl.cdn-anritsu.com/en-en/test-measurement/files/Brochures-Datasheets-Catalogs/Selection-Guide/mp1900a-ez12500.pdf,测试平台能力不证明某AOC使用该厂仪器。内部VCSEL/SiPh、固定工艺、纤材及出厂程序均要另取证。
proc-aoc-test,AOC 测试：把两端转换器和固定光缆作为一个组件,有源光缆AOC；不能把端部看成两个可任意更换的独立光模块。,['两端电接口、内部光电转换器与固定光纤组件；内部光器件材料需AOC产品来源。'],2,测全组件错误表现,BER/FEC分析系统,双向数据 → 每路误码、FEC和突发错误分布,Keysight FITS-8CH说明双向AOC和多通道测试能力。,['外部主要是两端电接口；内部光缆固定，故测量参考面及故障定位与可插拔光模块不同。'],['保留两端方向、线缆长度、每路误码/FEC、温区与主机条件；不能只测一端回环就代表完整双向组件。'],https://www.keysight.com/us/en/assets/3126-1521/solution-briefs/Validating-1-6T-Interconnect-Error-Performance.pdf | https://dl.cdn-anritsu.com/en-en/test-measurement/files/Brochures-Datasheets-Catalogs/Selection-Guide/mp1900a-ez12500.pdf,测试平台能力不证明某AOC使用该厂仪器。内部VCSEL/SiPh、固定工艺、纤材及出厂程序均要另取证。
proc-aoc-test,AOC 测试：把两端转换器和固定光缆作为一个组件,有源光缆AOC；不能把端部看成两个可任意更换的独立光模块。,['两端电接口、内部光电转换器与固定光纤组件；内部光器件材料需AOC产品来源。'],3,在使用条件下复测,系统主机与适用环境/机械工装,AOC在规定长度及安装状态下 → 联测记录,弯曲、拉力与温度属于需按产品规格安排的验证，不能从电气BER结果推断已通过。,['外部主要是两端电接口；内部光缆固定，故测量参考面及故障定位与可插拔光模块不同。'],['保留两端方向、线缆长度、每路误码/FEC、温区与主机条件；不能只测一端回环就代表完整双向组件。'],https://www.keysight.com/us/en/assets/3126-1521/solution-briefs/Validating-1-6T-Interconnect-Error-Performance.pdf | https://dl.cdn-anritsu.com/en-en/test-measurement/files/Brochures-Datasheets-Catalogs/Selection-Guide/mp1900a-ez12500.pdf,测试平台能力不证明某AOC使用该厂仪器。内部VCSEL/SiPh、固定工艺、纤材及出厂程序均要另取证。
proc-pin-shortwave,850nm PIN：GaAs器件有制造实例，材料仍须逐款确认,短波PIN候选说明；仅有850nm和PIN不能确定GaAs或Si。下面GaAs制造步骤只有材料确认后才有参考意义。,['2002中央大学研究采用AlGaAs/GaAs；Coherent另有公开850nm GaAs PIN产品。两者不是同一产品或供应关系。'],1,生长PIN外延层（研究例）,MOCVD外延设备,GaAs基底 → AlGaAs/GaAs探测层结构,2002论文作者摘要给出方法，未取得完整层序与今天产品工艺。,['入光面接收光纤送来的光；电接点接偏置和TIA。阵列逐路对准，不由外连接器数量推断器件数。'],['在相同光功率、偏压和温度下逐路测量，再连接TIA测高速接收。这里是器件任务说明，通用门限未给出。'],https://ir.lib.ncu.edu.tw/handle/987654321/9318?locale=en-US | https://www.coherent.com/networking/optoelectronic-devices/datacom-vcsel-photodiodes/photodiode-arrays,此条不把目录R32/R38指定为GaAs。高速Si PIN的具体制备本轮未取得可用原始工艺证据；短波材料未明的产品保留该缺口。GaAs研究例不是Coherent的制造配方。
proc-pin-shortwave,850nm PIN：GaAs器件有制造实例，材料仍须逐款确认,短波PIN候选说明；仅有850nm和PIN不能确定GaAs或Si。下面GaAs制造步骤只有材料确认后才有参考意义。,['2002中央大学研究采用AlGaAs/GaAs；Coherent另有公开850nm GaAs PIN产品。两者不是同一产品或供应关系。'],2,形成p型区域（研究例）,离子注入设备,外延结构 → 局部p型区域,作者实际用Zn离子注入替代原计划Zn扩散；不能把两者列为固定连续步骤。,['入光面接收光纤送来的光；电接点接偏置和TIA。阵列逐路对准，不由外连接器数量推断器件数。'],['在相同光功率、偏压和温度下逐路测量，再连接TIA测高速接收。这里是器件任务说明，通用门限未给出。'],https://ir.lib.ncu.edu.tw/handle/987654321/9318?locale=en-US | https://www.coherent.com/networking/optoelectronic-devices/datacom-vcsel-photodiodes/photodiode-arrays,此条不把目录R32/R38指定为GaAs。高速Si PIN的具体制备本轮未取得可用原始工艺证据；短波材料未明的产品保留该缺口。GaAs研究例不是Coherent的制造配方。
proc-pin-shortwave,850nm PIN：GaAs器件有制造实例，材料仍须逐款确认,短波PIN候选说明；仅有850nm和PIN不能确定GaAs或Si。下面GaAs制造步骤只有材料确认后才有参考意义。,['2002中央大学研究采用AlGaAs/GaAs；Coherent另有公开850nm GaAs PIN产品。两者不是同一产品或供应关系。'],3,接入并检查已制成的探测器,偏置源、受控850nm光源、电流及高速测量仪表,探测器 → 响应度、暗电流、电容和带宽记录,Coherent例采用顶部阳极与阴极；实际接线按所选器件。,['入光面接收光纤送来的光；电接点接偏置和TIA。阵列逐路对准，不由外连接器数量推断器件数。'],['在相同光功率、偏压和温度下逐路测量，再连接TIA测高速接收。这里是器件任务说明，通用门限未给出。'],https://ir.lib.ncu.edu.tw/handle/987654321/9318?locale=en-US | https://www.coherent.com/networking/optoelectronic-devices/datacom-vcsel-photodiodes/photodiode-arrays,此条不把目录R32/R38指定为GaAs。高速Si PIN的具体制备本轮未取得可用原始工艺证据；短波材料未明的产品保留该缺口。GaAs研究例不是Coherent的制造配方。
