记录ID,公司,产品对象层级,资料对象范围,产品配置,型号或版本,电通道,光通道,距离,电处理,发光与调制,合分波,接收,封装连接,功耗,采用或成熟阶段,来源,资料日期,核对日期,缺口或边界
R01,中际旭创 / InnoLight,整模块（型号/产品族/演示版本见范围）,产品页/规格书,800G-2xFR4 OSFP112,UNKNOWN（新官网未列P/N）,8 × 100G PAM4,两组4 CWDM光通道,2km SMF,UNKNOWN（此当前产品页未披露DSP/CDR、不能合并2023年5nm版本）,EML,2 sets × 4 CWDM lanes MUX/DEMUX，具体AWG/薄膜类型UNKNOWN,UNKNOWN,OSFP112；连接器UNKNOWN,UNKNOWN,当前官网产品目录列示；精确配置量产/送样阶段UNKNOWN,https://www.innolight.com/data-center-networking/800g-osfp112 | 800G-2xFR4 OSFP112段，web行49–50,UNKNOWN（产品页无日期）,2026-10-03,DSP制程/型号；PD材料与PIN/APD；TIA型号；光学MUX实现；精确P/N；连接器；制造与认证阶段
R02,中际旭创 / InnoLight,整模块（型号/产品族/演示版本见范围）,产品页/规格书,800G-DR8 OSFP112,UNKNOWN,8 × 100G PAM4,8 × 100G PAM4 parallel,500m SMF,UNKNOWN,UNKNOWN；不由公司EML/硅光平台能力推入此配置,页面明确并行光通道；未列WDM MUX/DEMUX；不可补光学内部BOM,UNKNOWN,OSFP112 / MPO16/APC,UNKNOWN,当前官网列示；量产阶段UNKNOWN,https://www.innolight.com/data-center-networking/800g-osfp112 | 800G-DR8 OSFP112段，web行59–60,UNKNOWN,2026-10-03,激光/调制路线；DSP；PD/TIA；P/N；精确配置量产阶段
R03,中际旭创 / InnoLight,整模块（型号/产品族/演示版本见范围）,产品页/规格书,1.6T-DR8 OSFP224,UNKNOWN,8 × 200G PAM4,8 × 200G PAM4 parallel,500m SMF,UNKNOWN,UNKNOWN；页面未将EML或SiPh配到该型号,并行光通道，具体内部光学件UNKNOWN,UNKNOWN,OSFP224 / 连接器UNKNOWN,UNKNOWN,当前官网产品列示；具体量产阶段UNKNOWN,https://www.innolight.com/data-center-networking/1.6t-osfp224 | 1.6T-DR8 OSFP224段，web行43–45,UNKNOWN,2026-10-03,DSP；光源/调制；PD/TIA；光连接器；量产
R04,光迅科技 / Accelink,整模块（型号/产品族/演示版本见范围）,演示/发布配置,1.6T OSFP224 DR8（3nm升级版本/OFC 2025）,UNKNOWN（发布稿无P/N）,200G SerDes系统，8 × 200G（文中明确8×200G信号，电通道依200G系统与产品容量推导）,8 × 200G，500m单模稳定传输,500m SMF,3nm DSP；对比前代5nm，供应商/型号UNKNOWN,Silicon Photonics明确；CW激光器类型、功率、MZM/环调制器类型UNKNOWN,UNKNOWN；稿未列具体WDM器件,UNKNOWN（不能从自有PD/APD平台映射本产品）,OSFP224 / 连接器UNKNOWN,相较5nm下降；定量值UNKNOWN,OFC 2025将演示；不能借800G量产句推1.6T量产,https://www.accelink.com/en/lighting_your_dreams/1904410936018501633.html | 正文三项技术突破,2025-03-24,2026-10-03,SKU；CW光源；调制器结构；PD/TIA；光连接器；量产；精确功耗
R05,光迅科技 / Accelink,整模块（型号/产品族/演示版本见范围）,演示/发布配置,800G DR8 LPO / OSFP112（OFC 2025）,UNKNOWN,OSFP112；精确8×100G按封装/DR8标准推断，稿未逐项规格表,DR8；精确速率/波长UNKNOWN,UNKNOWN,LPO明确，具体Driver/TIA和是否片上辅助电路UNKNOWN,UNKNOWN（不由1.6T SiPh推800G同族）,UNKNOWN,UNKNOWN,OSFP112（中文官方稿指定同场800G模块）；连接器UNKNOWN,定性低功耗低时延，数值UNKNOWN,OFC 2025演示与Celestica DS5000交换机组合；SKU量产UNKNOWN,"https://www.accelink.com/en/lighting_your_dreams/1906618234845560833.html | web行151–155
https://www.accelink.com/lighting_your_dreams/1906617069227540481.html | 中文正文展示产品段","2025-03-31
2025-03-31",2026-10-03,光子平台；PD/TIA；连接器；精确通道；DSP外围定义；量产
R06,光迅科技 / Accelink,整模块（型号/产品族/演示版本见范围）,产品页/规格书,800G OSFP DR8,RTXM600-201,8 ×100G PAM4；retimed 800GAUI-8，当前浏览器DOM明确,8 ×100G PAM4 1310nm EML；DR8 parallel架构,500m SMF,retimed已披露；是否DSP及其制程/型号UNKNOWN，不以retimed自动补DSP,EML 1310nm,页面未列MUX/DEMUX；并行8路架构，不补WDM,当前实时DOM未呈现Receiver规格；历史官网搜索缓存列PIN，暂仅线索；TIA UNKNOWN,OSFP / MPO-16,<16W；0–70°C,当前官网可询盘产品目录；此P/N量产阶段UNKNOWN,https://www.accelink.com/en/lighting_your_dreams/1745716334399913986.html | RTXM600-201 / Key Features（JS加载后Chrome DOM）,UNKNOWN（页面无发布日期）,2026-10-03,PD当前规格；TIA；DSP类型；量产；制造工艺/内部BOM
R07,光迅科技 / Accelink,整模块（型号/产品族/演示版本见范围）,产品页/规格书,800G OSFP 2xFR4,RTXM600-210,8 ×100G PAM4；retimed 800GAUI-8，当前DOM明确,8 ×100G PAM4 EML CWDM；两组FR4为产品结构解释,2km SMF,retimed明确；DSP类型/制程/型号UNKNOWN,EML CWDM,CWDM发射明确；2×FR4的复用/解复用功能为架构解释；AWG/薄膜实现UNKNOWN,当前DOM未列接收类型；历史官网搜索缓存列PIN，暂线索；TIA UNKNOWN,OSFP / Dual LC receptacles（当前DOM）；历史表写Dual Duplex LC，当前先保留Dual LC,<16W；0–70°C,当前官网可询盘产品列示，P/N量产UNKNOWN,https://www.accelink.com/en/lighting_your_dreams/1745731709229400066.html | RTXM600-210 / Key Features,UNKNOWN,2026-10-03,CWDM精确波长当前DOM；PD；TIA；DSP；MUX技术；P/N量产
R08,光迅科技 / Accelink,整模块（型号/产品族/演示版本见范围）,产品页/规格书,1.6T OSFP-XD DR8,RTXM700-200,16 ×100G PAM4 retimed，当前DOM明确；官网电接口文字label为400GAUI-4，疑点保留，不自行改为1600GAUI,8 ×200G PAM4，正文每路最高212.5Gb/s,500m SMF,retimed明确；DSP芯片、gearbox具体型号/制程UNKNOWN,Cooled EML 1311nm（当前Key Features）；不要与OSFP224 SiPh/3nm版本合并,DR8并行结构；具体内部无源光件UNKNOWN,UNKNOWN；历史搜索表写PD，当前DOM不列Receiver,OSFP-XD；Dual MPO-12 receptacles,<25W；0–70°C,当前官网可询盘具体P/N，量产/认证阶段UNKNOWN,https://www.accelink.com/en/lighting_your_dreams/1729755138554798081.html | RTXM700-200 / Key Features,UNKNOWN（当前产品页无日期）,2026-10-03,DSP/gearbox；PD/TIA；内部封装/光学件；量产；400GAUI-4电接口label待厂商澄清
R09,光迅科技 / Accelink,整模块（型号/产品族/演示版本见范围）,产品页/规格书,1.6T OSFP224 DR8（官网当前配置）,RTXM700-502,UNKNOWN（当前Key Features未直接披露电通道；不得直接以OFC2025稿8×200G电或OSFP224名称填入）,8 ×200G PAM4；每通道最高212.5Gbps直接披露,500m SMF,UNKNOWN（产品页不披露DSP，不能自动认作OFC2025的3nm升级版）,Sipho modulator / Sipho-based transmitter明确；CW光源、调制器具体结构UNKNOWN,UNKNOWN（DR8并行标准架构可解释，内部光学器件未披露）,UNKNOWN,标题OSFP224，Key Features写OSFP1600；dual MPO-12 APC,30W；15–70°C（官网当前Key Features，不与其他版本功耗混合）,当前官网具体P/N可询盘；量产/客户认证UNKNOWN,https://www.accelink.com/en/lighting_your_dreams/1859158602116268033.html | RTXM700-502 / Key Features,UNKNOWN,2026-10-03,电通道；DSP及其代际；PD/TIA；CW光源；调制器结构；量产；是否对应2025 3nm升级版
R10,新易盛 / Eoptolink,整模块（型号/产品族/演示版本见范围）,产品族披露,800G DR8 LPO（OFC 2024产品族）,UNKNOWN（OIF厂商PDF未列P/N）,资料给每通道106.25Gbps PAM4；该 DR8 版本完整电通道表与SKU对应UNKNOWN,DR8 并行配置；资料给106.25Gbps PAM4/通道，完整通道对应仍需SKU规格,500m SMF,仅TX线性Driver、RX TIA；模块内不需DSP/CDR ASIC,SiPh transmitter；CW光源/调制器结构UNKNOWN,UNKNOWN：具体合分波器件、材料和集成位置未披露；两个产品的光路不合并,PIN and TIA array明确；PIN材料/芯片型号UNKNOWN,OSFP / QSFP112-DD产品族；该配置精确形态与连接器待SKU确认,<8W（产品族上限，非每SKU实测）,OFC 2024展示资料，说明具体路线；不证任一SKU大批量,"https://www.oiforum.com/wp-content/uploads/OIF_PLL_Demo_Eoptolink_OFC2024.pdf | p1, FEATURES与PRODUCT DESCRIPTION",OFC 2024 2024-03-26至28,2026-10-03,精确SKU；完整电通道对应；CW激光器规格；调制器；MUX实现；该版本连接器；量产
R11,新易盛 / Eoptolink,整模块（型号/产品族/演示版本见范围）,产品族披露,800G 2×FR4 LPO（OFC 2024产品族）,UNKNOWN（OIF厂商PDF未列P/N）,资料给每通道106.25Gbps PAM4；该 2×FR4 版本完整电通道表与SKU对应UNKNOWN,2×FR4 波分配置；资料给106.25Gbps PAM4/通道，完整通道对应仍需SKU规格,2km SMF,仅TX线性Driver、RX TIA；模块内不需DSP/CDR ASIC,SiPh transmitter；CW光源/调制器结构UNKNOWN,UNKNOWN：具体合分波器件、材料和集成位置未披露；两个产品的光路不合并,PIN and TIA array明确；PIN材料/芯片型号UNKNOWN,OSFP / QSFP112-DD产品族；该配置精确形态与连接器待SKU确认,<8W（产品族上限，非每SKU实测）,OFC 2024展示资料，说明具体路线；不证任一SKU大批量,"https://www.oiforum.com/wp-content/uploads/OIF_PLL_Demo_Eoptolink_OFC2024.pdf | p1, FEATURES与PRODUCT DESCRIPTION",OFC 2024 2024-03-26至28,2026-10-03,精确SKU；完整电通道对应；CW激光器规格；调制器；MUX实现；该版本连接器；量产
R12,新易盛 / Eoptolink,整模块（型号/产品族/演示版本见范围）,产品页/规格书,800G OSFP DR8 Immersion cooled,EOLO-138HG-5H-XYMX,8 independent I/O，800GAUI-8；8×106.25Gbps PAM4,8 parallel ×106.25Gbps PAM4 / 1310nm,500m SMF；主机KP4 FEC,发射Driver与接收TIA集成进DSP（规格书明述）；芯片型号/制程UNKNOWN,UNKNOWN；不能从LPO产品族SiPh推入本SKU,并行8通道，内部光学BOM UNKNOWN,TIA集成进DSP明确；PD类型UNKNOWN,OSFP；MPO-16位于光纤尾纤末端,<14.5W；20–60°C，Two Phase Immersion Cooled环境,Preliminary V1.a数据简表；不证量产交付,https://www.eoptolink.com/pdf/800G/OSFP%20Liquid%20Cooling/Brief%20EOLO-138HG-5H-XYMX%20Preliminary%20V1.a.pdf | p1 Features/产品说明/订货表,文件未标明确日历日期,2026-10-03,激光/调制平台；PD类型；DSP供应商与制程；内部无源光件；量产
R13,新易盛 / Eoptolink,整模块（型号/产品族/演示版本见范围）,产品族披露,Gen2 1.6T OSFP / OSFP-RHS 2DR4（EML变体，完整后缀未知）,EOLO-13T-5H-xDxx（型号模式；小写x表示未公开变体，不能自行指定某suffix对应SiPh或EML）,200G/channel与200G SerDes已披露；总8路由1.6T/200G与2DR4配置推导，非稿逐字的电通道表,2DR4对应两组4路；具体baud/波长UNKNOWN,UNKNOWN（该稿未直接披露，不由5H型号编码推500m）,Fully retimed；3nm DSP明确，供应商/芯片型号UNKNOWN,EML发射版本；裸片型号及内部封装UNKNOWN,2DR4配置；具体内部光学件UNKNOWN,UNKNOWN,OSFP及OSFP-RHS；2 MPO-12,相较前代模块约下降20%（厂商比较，绝对功耗及测试基线UNKNOWN）,OFC2025将演示/发布；available变体，不等于已核量产,https://www.prnewswire.com/news-releases/eoptolink-launches-its-gen2-1-6t-osfp-and-osfp-rhs-transceiver-family-at-ofc-2025--302414882.html | web行475–482；News provided by / SOURCE Eoptolink,2025-03-29,2026-10-03,完整P/N与平台变体映射；精确通道baud/波长；CW光源；PD/TIA；内部光学件；距程；量产
R14,新易盛 / Eoptolink,整模块（型号/产品族/演示版本见范围）,产品族披露,Gen2 1.6T OSFP / OSFP-RHS 2DR4（SiPh变体，完整后缀未知）,EOLO-13T-5H-xDxx（型号模式；小写x表示未公开变体，不能自行指定某suffix对应SiPh或EML）,200G/channel与200G SerDes已披露；总8路由1.6T/200G与2DR4配置推导，非稿逐字的电通道表,2DR4对应两组4路；具体baud/波长UNKNOWN,UNKNOWN（该稿未直接披露，不由5H型号编码推500m）,Fully retimed；3nm DSP明确，供应商/芯片型号UNKNOWN,SiPh发射版本；光源与具体调制器结构UNKNOWN,2DR4配置；具体内部光学件UNKNOWN,UNKNOWN,OSFP及OSFP-RHS；2 MPO-12,相较前代模块约下降20%（厂商比较，绝对功耗及测试基线UNKNOWN）,OFC2025将演示/发布；available变体，不等于已核量产,https://www.prnewswire.com/news-releases/eoptolink-launches-its-gen2-1-6t-osfp-and-osfp-rhs-transceiver-family-at-ofc-2025--302414882.html | web行475–482；News provided by / SOURCE Eoptolink,2025-03-29,2026-10-03,完整P/N与平台变体映射；精确通道baud/波长；CW光源；PD/TIA；内部光学件；距程；量产
R15,新易盛 / Eoptolink,整模块（型号/产品族/演示版本见范围）,产品族披露,Gen2 1.6T OSFP / OSFP-RHS 2FR4（EML变体，完整后缀未知）,EOLO-16T-02-xxx（型号模式；不指定某suffix的光子平台）,200G/channel与200G SerDes已披露；总8路为容量推导，非逐字规格表,2FR4类型明确；双4波长光通道为标准架构推导，本文未列波长,UNKNOWN（不以02型号代码代替规格书）,Fully retimed；3nm DSP明确；供应商/型号UNKNOWN,EML发射版本；裸片型号及内部封装UNKNOWN,2FR4需要两组复用/解复用为架构推导；AWG或薄膜实现UNKNOWN,UNKNOWN,OSFP及OSFP-RHS；2 duplex LC,相较前代模块约下降20%，绝对W数/基线UNKNOWN,OFC2025演示发布，未核量产,https://www.prnewswire.com/news-releases/eoptolink-launches-its-gen2-1-6t-osfp-and-osfp-rhs-transceiver-family-at-ofc-2025--302414882.html | web行476–482,2025-03-29,2026-10-03,完整P/N；SiPh/EML后缀映射；波长/baud；MUX具体技术；PD/TIA；距程；量产
R16,新易盛 / Eoptolink,整模块（型号/产品族/演示版本见范围）,产品族披露,Gen2 1.6T OSFP / OSFP-RHS 2FR4（SiPh变体，完整后缀未知）,EOLO-16T-02-xxx（型号模式；不指定某suffix的光子平台）,200G/channel与200G SerDes已披露；总8路为容量推导，非逐字规格表,2FR4类型明确；双4波长光通道为标准架构推导，本文未列波长,UNKNOWN（不以02型号代码代替规格书）,Fully retimed；3nm DSP明确；供应商/型号UNKNOWN,SiPh发射版本；光源与具体调制器结构UNKNOWN,2FR4需要两组复用/解复用为架构推导；AWG或薄膜实现UNKNOWN,UNKNOWN,OSFP及OSFP-RHS；2 duplex LC,相较前代模块约下降20%，绝对W数/基线UNKNOWN,OFC2025演示发布，未核量产,https://www.prnewswire.com/news-releases/eoptolink-launches-its-gen2-1-6t-osfp-and-osfp-rhs-transceiver-family-at-ofc-2025--302414882.html | web行476–482,2025-03-29,2026-10-03,完整P/N；SiPh/EML后缀映射；波长/baud；MUX具体技术；PD/TIA；距程；量产
R17,Coherent,整模块（型号/产品族/演示版本见范围）,产品页/规格书,800G-DR8+ OSFP,FTCE4527E1PxM；x=C/L,8×106.25 Gb/s PAM4；53.125 GBd；retimed,8路100GBASE-FR1；每路53.125 GBd PAM4，1304.5–1317.5nm；聚合850Gb/s物理速率，名义800G；2km,2km,规格书明确重定时；是否完整DSP/芯片型号/工艺未披露,EML发射器；准确裸片型号及封装未知,UNKNOWN：核验来源未披露，未补造内部BOM或供应商,PIN接收；TIA芯片型号和工艺未披露,OSFP；PDF明确MPO-16；网页MPO12冲突未解除；C=0–70°C，L=20–60°C,规格书<17 W，17W最大值覆盖全温度/供电范围；非典型22W等口径,官网列示规格且公开规格书；准确SKU商业阶段UNKNOWN,"https://www.coherent.com/networking/transceivers/datacom/FTCE4527E1PxM | 800G-DR8+ OSFP product page FTCE4527E1PxM / 产品参数表，第149–165行
https://www.coherent.com/content/dam/coherent/site/en/resources/datasheet/networking/optical-transceivers/osfp/ftce4527e1pxm-transceiver-ds.pdf | FTCE4527E1PxM Product Specification Rev B3 / PDF第1页PRODUCT FEATURES；第3–4页Electrical/Optical Characteristics","UNKNOWN
2024-10",2026-10-03,连接器以规格书记录MPO-16，同时保留官网参数表MPO12冲突；并行单模各路同1310nm波段；不能据此证明内部没有任何合分光组件；单一产品EML/PIN不证明Coherent所有模块均EML
R18,Coherent,整模块（型号/产品族/演示版本见范围）,产品页/规格书,1.6T-DR8 OSFP,FTCF2519E3PCA,8×200G PAM4主机接口；页面引用OIF CEI-224G-LR；未列精确线路速率,8×200G PAM4；1310nm；500m并行单模,500m,UNKNOWN：核验来源未披露，未补造内部BOM或供应商,UNKNOWN：核验来源未披露，未补造内部BOM或供应商,UNKNOWN：核验来源未披露，未补造内部BOM或供应商,UNKNOWN：核验来源未披露，未补造内部BOM或供应商,OSFP；dual MPO-12；0–70°C,UNKNOWN：核验来源未披露，未补造内部BOM或供应商,官网列示准确产品；QSFP-DD版本仅称未来推出，不能写成已有,https://www.coherent.com/networking/transceivers/datacom/FTCF2519E3PCA | 1.6T-DR8 OSFP Optical Transceivers FTCF2519E3PCA / 产品描述第120行及参数表第152–161行,UNKNOWN,2026-10-03,该SKU页面未明示SiPh、DSP供应商、CW、EML或PD类型；以下Coherent展会配置不得自动绑定到此SKU
R19,Coherent,整模块（型号/产品族/演示版本见范围）,演示/发布配置,1.6T-DR8 OSFP硅光演示配置,UNKNOWN：公开来源未提供准确SKU,8×200 Gb/s,8×200 Gb/s；8对单模光纤；500m,500m,NVIDIA提供DSP；未公开芯片型号或工艺,Coherent硅光；同段未公开CW型号/数量与调制器结构,UNKNOWN：核验来源未披露，未补造内部BOM或供应商,UNKNOWN：核验来源未披露，未补造内部BOM或供应商,OSFP；连接器具体规格UNKNOWN,UNKNOWN：核验来源未披露，未补造内部BOM或供应商,2024-09-23发布的ECOC演示公告；不能据展会日期自动确认完成，更不能确认量产,https://www.coherent.com/news/press-releases/coherent-demonstrates-two-advanced-transceiver-modules | Coherent to Demonstrate 1.6T-DR8 and 800G-DR4 Transceivers at ECOC 2024 / 1.6T-DR8与800G-DR4小节，第115–119行,2024-09-23,2026-10-03,SiPh配置与准确SKUFTC...缺少直接绑定；未混入OFC25三种SiPh配置的LRO或3nmDSP到此2024配置
R20,Coherent,整模块（型号/产品族/演示版本见范围）,演示/发布配置,800G-DR4 OSFP 200G差分EML演示,UNKNOWN：公开来源未提供准确SKU,8×100 Gb/s,4×200 Gb/s；4对单模光纤；500m,500m,UNKNOWN：核验来源未披露，未补造内部BOM或供应商,Coherent 200G差分EML；具体芯片与封装型号UNKNOWN,UNKNOWN：核验来源未披露，未补造内部BOM或供应商,UNKNOWN：核验来源未披露，未补造内部BOM或供应商,OSFP；连接器规格未披露,UNKNOWN：核验来源未披露，未补造内部BOM或供应商,2024-09-23公布将演示；精确SKU与量产状态未披露,https://www.coherent.com/news/press-releases/coherent-demonstrates-two-advanced-transceiver-modules | Coherent to Demonstrate 1.6T-DR8 and 800G-DR4 Transceivers at ECOC 2024 / 1.6T-DR8与800G-DR4小节，第115–119行,2024-09-23,2026-10-03,8电/4光要求速率映射是功能层解释，但DSP/gearbox具体实现未经此段确认；同篇1.6T演示的NVIDIA DSP不能自动分配到本800G配置
R21,Coherent,整模块（型号/产品族/演示版本见范围）,演示/发布配置,1.6T-DR8 OSFP硅光LRO演示配置,UNKNOWN：公开来源未提供准确SKU,8×200G,8×200G,UNKNOWN：本稿未取得无冲突的该配置距离规格,LRO：DSP只发送方向重定时；芯片型号/工艺未披露,硅光；光源和PIC内部结构未知,UNKNOWN：核验来源未披露，未补造内部BOM或供应商,UNKNOWN：核验来源未披露，未补造内部BOM或供应商,OSFP；连接器/距离未在该段披露,UNKNOWN：核验来源未披露，未补造内部BOM或供应商,2025-03-31 OFC技术演示公告；未作为SKU商业阶段,https://www.coherent.com/news/press-releases/coherent-to-showcase-innovative-products-and-technologies-at-ofc2025 | Coherent OFC 2025 technology and product demonstrations / Silicon Photonics based 1.6T Transceivers小节，第147–148行,2025-03-31,2026-10-03,同段另两个演示是ultra-low BER及3nmDSP；不得将3nmDSP归给LRO配置；路线级对照可用，具体SKU配置绑定UNKNOWN
R22,Lumentum,整模块（型号/产品族/演示版本见范围）,产品页/规格书,800G 2×DR4 OSFP,UNKNOWN：公开来源未提供准确SKU,8×106.25 Gb/s PAM4（物理线路速率）,8×106.25 Gb/s PAM4；产品名义800G；500m单模,500m,集成DSP；芯片型号/工艺及Tx/Rx重定时细节未披露,4颗1311nm CW DFB激光器＋硅光；PIC内具体调制器结构未披露,UNKNOWN：核验来源未披露，未补造内部BOM或供应商,UNKNOWN：核验来源未披露，未补造内部BOM或供应商,OSFP；2×MTP-12/APC；CMIS 5.2；壳温0–70°C,典型功耗<15.2 W；未披露详细测量条件,官网列示产品规格；准确配置当前送样/出货/认证阶段UNKNOWN,https://www.lumentum.com/en/products/800g-2dr4-osfp-transceiver-module | 800G 2×DR4 OSFP Transceiver Module / Overview，网页第14–15行,UNKNOWN,2026-10-03,这是Lumentum自有产品页，不是NVIDIA 1.6T合作演示；MUX/DEMUX、PD/TIA、调制器材料和CW到8通道分光拓扑未披露
R23,Lumentum,整模块（型号/产品族/演示版本见范围）,产品页/规格书,1.6T 2×DR4 OSFP（完整重定时）,UNKNOWN：公开来源未提供准确SKU,8×212.5 Gb/s PAM4（物理线路速率）,8×212.5 Gb/s PAM4；名义1.6T；500m单模,500m,集成DSP；Tx与Rx均重定时；芯片型号/工艺未知,SiPh硅光平台＋1311nm CW DFB连续波激光器；颗数和调制器结构未披露,UNKNOWN：核验来源未披露，未补造内部BOM或供应商,UNKNOWN：核验来源未披露，未补造内部BOM或供应商,OSFP；2×MPO-16/APC；CMIS 5.3,典型22 W；非独立实测,官网列示产品规格；准确配置当前商业阶段UNKNOWN,https://www.lumentum.com/en/products/16t-2dr4-osfp-transceiver-module | 1.6T 2×DR4 OSFP Transceiver Module / Overview，网页第14–15行,UNKNOWN,2026-10-03,不能套用800G页的4颗1311nm CW到该1.6T配置；不能用NVIDIA演示的8×200G EML或UHP供光替代自有模块BOM；1.6T CW激光器颗数、调制器和内部器件型号待补
R24,Lumentum,整模块（型号/产品族/演示版本见范围）,产品页/规格书,1.6T 2×DR4 TRO OSFP,UNKNOWN：公开来源未提供准确SKU,8×212.5 Gb/s PAM4,8×212.5 Gb/s PAM4；500m单模,500m,DSP；TRO只发送侧重定时；接收侧具体模拟器件型号未披露,SiPh硅光平台＋1311nm CW DFB连续波激光器；颗数和调制器结构未披露,UNKNOWN：核验来源未披露，未补造内部BOM或供应商,UNKNOWN：核验来源未披露，未补造内部BOM或供应商,OSFP；双MPO-16/APC；CMIS 5.3,典型16 W；非独立实测,官网列示产品规格；准确配置当前商业阶段UNKNOWN,"https://www.lumentum.com/products/16t-2dr4-tro-osfp-transceiver-module | 1.6T 2×DR4 TRO OSFP Transceiver Module / Overview，网页第14–15行
https://www.lumentum.com/en/products/16t-2dr4-tro-osfp-transceiver-module | OG13 Lumentum1.6T2DR4 TRO / 同URL的HTML嵌入Features明确1311nm CW DFB、20–60°C、RSSI/Tx监测","UNKNOWN
UNKNOWN",2026-10-03,TRO与完整重定时是电处理变化，不能当成不同光学平台；22W与16W是两页典型规格，缺相同测试条件，不声称单变量实测节省6W或整机收益；1.6T CW激光器颗数、调制器和内部器件型号待补
R25,Source Photonics,整模块（型号/产品族/演示版本见范围）,产品页/规格书,1.6T-2DR4 500m OSFP-RHS,SPQ-HE8-8DO-COD（按正文；URL为COB）,支持1.6TAUI-8 C2M接口；单通道精确Gb/s未在页面写出,支持1.6TBASE-DR8与500m；页面未显式列每光通道速率,500m,3nm DSP；厂商/型号、收发重定时细节未知,EML发射；准确裸片型号/数量未知,UNKNOWN：核验来源未披露，未补造内部BOM或供应商,PIN PD接收；TIA型号未知,OSFP-RHS/OSFP1600；CMIS 5.3；0–70°C；连接器未披露,UNKNOWN：核验来源未披露，未补造内部BOM或供应商,官网列示配置；无法把产品族出货直接绑定该SKU,https://www.sourcephotonics.com/product/spq-he8-8do-cob/ | SPQ-HE8-8DO-COD 1.6T-2DR4 OSFP-RHS / 标题及Features，第164–181行,UNKNOWN,2026-10-03,来源只列标准接口，8电/8光×200G为解释性拆解，未把该推导记为逐字规格；未将网页URL的COB当作正文COD的另一个确定版本；精确波长、MUX/DEMUX、封装组件及DSP品牌均UNKNOWN
R26,Source Photonics,整模块（型号/产品族/演示版本见范围）,冲突待澄清,1.6T-2FR4 OSFP-RHS（内部规格冲突待澄清）,SPQ-HE2-8FO-COD（正文；URL为COB）,UNKNOWN：核验来源未披露，未补造内部BOM或供应商,UNKNOWN：核验来源未披露，未补造内部BOM或供应商,UNKNOWN：本稿未取得无冲突的该配置距离规格,标题3nm DSP；具体芯片未知,EML发射（标题与Feature一致）,UNKNOWN：核验来源未披露，未补造内部BOM或供应商,PIN PD；TIA未知,OSFP-RHS/OSFP1600；CMIS5.3；0–70°C；连接器未知,UNKNOWN：核验来源未披露，未补造内部BOM或供应商,官网列示；距离与标准矛盾待原厂规格书确认,https://www.sourcephotonics.com/product/spq-he2-8fo-cob/ | SPQ-HE2-8FO-COD 1.6T-2FR4 OSFP-RHS / 标题与Features，第164–181行,UNKNOWN,2026-10-03,标题为2FR4/2km，Features为500m/DR8；光通道、波长与合分波结构不因标题自动定案；不采用该页做800G/1.6T FR4明确BOM或量产比较
R27,Source Photonics,整模块（型号/产品族/演示版本见范围）,产品族披露,800G DR4，200G单波EML版本,UNKNOWN：公开来源未提供准确SKU,UNKNOWN：核验来源未披露，未补造内部BOM或供应商,[工程推断] 800G由4×200G光通道组成：来自DR4名称与单波200G的合并解释，非准确SKUdatasheet逐项确认,UNKNOWN：本稿未取得无冲突的该配置距离规格,UNKNOWN：核验来源未披露，未补造内部BOM或供应商,产品族明确200G PAM4 EML/O-band；未精确到某裸片或SKU,UNKNOWN：核验来源未披露，未补造内部BOM或供应商,UNKNOWN：核验来源未披露，未补造内部BOM或供应商,800G系列包括OSFP或QSFP-DD；哪个形态对应本版本及连接器未知,UNKNOWN：核验来源未披露，未补造内部BOM或供应商,2025-04宣布产品可获得；2026-03称200G单波800G/1.6T产品自2025年开始生产出货，仅家族层级,"https://www.sourcephotonics.com/news/source-photonics-announce-the-product-availability-of-its-200g-per-lane-based-1-6t-and-800g-pam4-transceiver-family-products-at-ofc25/ | Source Photonics 200G-per-lane 1.6T and 800G family at OFC25 / 首段及产品段，第29–31行
https://www.sourcephotonics.com/news/source-photonics-to-spotlight-its-latest-optical-innovations-announce-to-receive-two-industry-awards-for-two-product-families-during-ofc26/ | Source Photonics OFC26 optical innovations / 200G单波800G/1.6T历史出货段；1.6T complete product family段","2025-04-01
2026-03-16",2026-10-03,电通道8×100G或4×200G不能自行二选一；不把2023旧800G DR8具体型号冒充200G/lane DR4；不把1.6T DR8的多平台可选推广到本800G DR4；PD/TIA、DSP、连接器与SKU缺失
R28,Source Photonics,整模块（型号/产品族/演示版本见范围）,产品族披露,800G FR4，200G单波EML版本,UNKNOWN：公开来源未提供准确SKU,UNKNOWN：核验来源未披露，未补造内部BOM或供应商,[工程推断] FR4名称＋单波200G对应4×200G波长通道；准确SKU光接口待确认,UNKNOWN：本稿未取得无冲突的该配置距离规格,UNKNOWN：核验来源未披露，未补造内部BOM或供应商,产品族200G PAM4 EML；披露CWDM/LWDM波长选项，但未把某一组绑定本SKU,[工程推断] FR4波分功能需要发送合波/接收分波；具体AWG/TFF/自由空间或PIC实现未知,UNKNOWN：核验来源未披露，未补造内部BOM或供应商,800G产品族OSFP或QSFP-DD；该版本具体形态/连接器未知,UNKNOWN：核验来源未披露，未补造内部BOM或供应商,2025-04可获得、2026-03出货自述为家族层级，非本SKU独立确认,"https://www.sourcephotonics.com/news/source-photonics-announce-the-product-availability-of-its-200g-per-lane-based-1-6t-and-800g-pam4-transceiver-family-products-at-ofc25/ | Source Photonics 200G-per-lane 1.6T and 800G family at OFC25 / 首段及产品段，第29–31行
https://www.sourcephotonics.com/news/source-photonics-to-spotlight-its-latest-optical-innovations-announce-to-receive-two-industry-awards-for-two-product-families-during-ofc26/ | Source Photonics OFC26 optical innovations / 200G单波800G/1.6T历史出货段；1.6T complete product family段","2025-04-01
2026-03-16",2026-10-03,不能将标准所需合分波功能写成已证实使用AWG或某供应商；不能将新闻列的CWDM与LWDM同时赋给一个模块；DSP、PD/TIA、准确电通道和SKU待补
R29,新易盛 / Eoptolink,整模块（型号/产品族/演示版本见范围）,产品页/规格书,800G FR8,EOLO-168HG-02-P / V1.b,8×106.25Gbps PAM4,8个CWDM波长；单模光纤,2km,双向PAM4 retimer ASIC；集成EML/modulator Driver,8路EML发射,8波长波分功能；MUX/DEMUX具体工艺未披露,8个PD；两组4通道TIA；Features明确PIN；接收重定时,OSFP；LC,<16W（规格书条件）,原厂产品页/规格书登记；不等于逐型号当前量产,https://www.eoptolink.com/pdf/800G/OSFP/Brief%20EOLO-168HG-02-P%20V1.b.pdf | EFR p1,V1.b，无日历日期,2026-10-03,内部芯片厂商/型号、材料、设备与量产采用证据尚待补
R30,新易盛 / Eoptolink,整模块（型号/产品族/演示版本见范围）,产品页/规格书,800G DR8 EOLO-138HG-5H-xDx,800G DR8 EOLO-138HG-5H-xDx,8×106.25G PAM4，800GAUI8,8路1310nm并行，500m,500m,Driver与TIA集成在DSP中；DSP品牌/制程未列,PDF未列EML/SiPh，保留尚未披露,并行光路；无波分合分波需求（按所列并行配置作功能解释）,本PDF未列探测器结构/材料；TIA集成DSP；具体型号未列,OSFP；双MPO12,<14.5W，0–70°C,原厂产品页/规格书登记；不等于逐型号当前量产,https://www.eoptolink.com/pdf/800G/OSFP/Brief%20EOLO-138HG-5H-xDx%20V1.b.pdf | EDPDF p1,V1.b，日历日未标,2026-10-03,内部芯片厂商/型号、材料、设备与量产采用证据尚待补
R31,新易盛 / Eoptolink,整模块（型号/产品族/演示版本见范围）,产品页/规格书,800G2FR4：目录EOLO-168HG-02-XX，PDF内部EOLO-168HG-02-1,800G2FR4：目录EOLO-168HG-02-XX，PDF内部EOLO-168HG-02-1,8×106.25G PAM4，800GAUI8,2组4 CWDM；8EML，2MUX/2DEMUX，2km,2km,双向PAM4 retimer；具体芯片未列,8路EML发射,2个MUX＋2个DEMUX；具体器件工艺未披露,8个PD；PIN结构，材料未列；两组4通道TIA，接收方向连接retimer,OSFP；双duplexLC,<16W，0–70°C,原厂产品页/规格书登记；不等于逐型号当前量产,https://www.eoptolink.com/pdf/800G/OSFP/Brief%20EOLO-168HG-02-XX%20V1.a.pdf | E2FPDF p1,V1.a，日历日未标,2026-10-03,内部芯片厂商/型号、材料、设备与量产采用证据尚待补
R32,新易盛 / Eoptolink,整模块（型号/产品族/演示版本见范围）,产品页/规格书,800GVR8：EOLO-858HG-01-M,800GVR8：EOLO-858HG-01-M,8×106.25G PAM4，53.125GBd,8×850nmVCSEL，MMF并行,30m OM3/50m OM4,PAM4收发retimer；具体芯片未列,8路850nm VCSEL,并行光路；无波分合分波需求（按所列并行配置作功能解释）,8个PIN/PD，材料未列；两组4通道TIA，接收方向连接retimer,OSFP；MPO16APC,<15W，15–70°C,原厂产品页/规格书登记；不等于逐型号当前量产,https://www.eoptolink.com/pdf/800G/OSFP/Brief%20EOLO-858HG-01-M%20V1.c.pdf | EVPDF p1,V1.c，日历日未标,2026-10-03,内部芯片厂商/型号、材料、设备与量产采用证据尚待补
R33,新易盛 / Eoptolink,整模块（型号/产品族/演示版本见范围）,产品页/规格书,800G并行8×100G LR：EOLO-138HG-10-xDx,800G并行8×100G LR：EOLO-138HG-10-xDx,8×106.25G PAM4，800GAUI8,8EML/1310nm并行，10km,10km,双向PAM4 retimer；Driver/TIA集成DSP,8路EML发射,并行光路；无波分合分波需求（按所列并行配置作功能解释）,8个PD；结构/材料未列；集成TIA；具体型号未列,OSFP；双MPO12,<14.5W，0–70°C,原厂产品页/规格书登记；不等于逐型号当前量产,https://www.eoptolink.com/pdf/800G/OSFP/Brief%20EOLO-138HG-10-xDx%20V1.b.pdf | ELPDF p1,V1.b，日历日未标,2026-10-03,内部芯片厂商/型号、材料、设备与量产采用证据尚待补
R34,光迅科技 / Accelink,整模块（型号/产品族/演示版本见范围）,产品页/规格书,800G OSFP224 DR4,RTXM700-546,UNKNOWN：本轮所核型号页未列电通道，不能按封装名补写,4双工光通道；每通道212.5Gbps PAM4,500m,UNKNOWN：所核型号页未列DSP实现,SiPh modulator硅光调制器；激光器未列,DR4并行配置；内部光路器件未披露,UNKNOWN：所核型号页未列PD/TIA,OSFP224；MPO12/APC,16W；0–70°C,原厂产品页/规格书登记；不等于逐型号当前量产,https://www.accelink.com/en/lighting_your_dreams/2084555909131960322.html | ADR4 RTXM700-546 / Key Features,未标,2026-10-03,内部芯片厂商/型号、材料、设备与量产采用证据尚待补
R35,光迅科技 / Accelink,整模块（型号/产品族/演示版本见范围）,产品页/规格书,1.6T OSFP224 2FR4,RTXM700-532,8×200G；1600GAUI-8,8×200G PAM4；CWDM,2km,UNKNOWN：所核型号页未列DSP实现；不能套展会产品族3nm,SiPh CWDM发射,2FR4波分功能；器件实现未列,UNKNOWN：所核型号页未列PD/TIA,OSFP224；双duplex LC,26W；0–70°C,原厂产品页/规格书登记；不等于逐型号当前量产,https://www.accelink.com/en/lighting_your_dreams/2084552858237173762.html | A2FR RTXM700-532,未标,2026-10-03,内部芯片厂商/型号、材料、设备与量产采用证据尚待补
R36,Coherent,整模块（型号/产品族/演示版本见范围）,产品页/规格书,800G 2FR4 EML,FTCE4717E1PCB,8×106.25Gbps PAM4；重定时,8×100G CWDM,2km,收发电接口重定时；DSP型号/工艺未知,8×100G CWDM EML,两组四波长波分；MUX/DEMUX具体器件未知,PIN；TIA型号与集成位置未披露,OSFP；双LC,17W最大值；规格书15–70°C/网页0–70°C冲突,原厂产品页/规格书登记；不等于逐型号当前量产,"https://www.coherent.com/networking/transceivers/datacom/FTCE4717E1PCB | OG02 Coherent FTCE4717E1PCB / 参数表及产品简介
https://www.coherent.com/resources/datasheet/networking/optical-transceivers/osfp/ftce4717e1pcb-transceiver-ds.pdf | OG03 Coherent FTCE4717E1PCB规格书 / Rev B08，PDF第1、3–5页；网页与PDF温度冲突保留","UNKNOWN
2024-04",2026-10-03,内部芯片厂商/型号、材料、设备与量产采用证据尚待补；温区网页与规格书冲突保留；不合并不同版本
R37,华工科技,整模块（型号/产品族/演示版本见范围）,产品页/规格书,800G OSFP 2×FR4,MTRO-F6F6C,8×106.25Gb/s PAM4,8×106.25Gb/s光信号；两组CWDM4波分,2km SMF,UNKNOWN：所核资料未列电处理架构或芯片,UNKNOWN：所核资料未列光源和调制平台,2×CWDM4 MUX/DEMUX设计；具体器件材料/工艺未列,UNKNOWN：所核资料未列PD/TIA,OSFP MSA 5.0；双duplex LC；CMIS5.2,最大14W，Tcase=70°C,原厂目录/规格登记；逐型号当前量产尚未证明,"https://www.genuine-opto.com/dghfhdfghs/440.jhtml | 800G OSFP 2×FR4产品页：型号正文
https://www.genuine-opto.com/uploadfile/cms/www/202404/18140331xew1.jpg | 800G OSFP 2×FR4原厂规格图Features/Description/Compliance；Chrome视觉读回","网页未标日期；2026-10-03读取
网页未标日期；2026-10-03读取",2026-10-03,资料对象：具体型号/原厂网页规格图；壳温0–70°C；功耗为原厂规格口径，非独立实测；图中未列DSP芯片、内部互连、材料设备或制造测试型号映射；网页日期未标；图片路径的202404不当作正式发布日期
R38,华工科技,整模块（型号/产品族/演示版本见范围）,产品页/规格书,800G OSFP SR8,MTRO-12F6C,8×53.125GBd PAM4；800GAUI-8 C2M,8×53.125GBd PAM4；800G-SR8,OM4/OM5 100m,UNKNOWN：所核资料未列电处理架构或芯片,850nm VCSEL阵列＋发射driver,并行SR8配置；不需波长合分波是功能解释，内部光路器件未列,PIN光电二极管阵列＋TIA；型号/数量未列,OSFP；MPO16-APC；CMIS5.2,<14W,原厂目录/规格登记；逐型号当前量产尚未证明,"https://www.genuine-opto.com/dghfhdfghs/439.jhtml | 800G OSFP SR8产品页：型号正文
https://www.genuine-opto.com/uploadfile/cms/www/202404/181401276yy2.jpg | 800G OSFP SR8原厂规格图Features/Description/Compliance；Chrome视觉读回","网页未标日期；2026-10-03读取
网页未标日期；2026-10-03读取",2026-10-03,资料对象：具体型号/原厂网页规格图；壳温0–70°C；功耗为原厂规格口径，非独立实测；图中未列DSP芯片、内部互连、材料设备或制造测试型号映射；网页日期未标；图片路径的202404不当作正式发布日期
R39,华工科技,整模块（型号/产品族/演示版本见范围）,产品页/规格书,800G OSFP DR8,MTRO-D5F6C,8×106.25Gb/s PAM4,8×106.25Gb/s光信号；DR8并行,500m SMF,UNKNOWN：所核资料未列电处理架构或芯片,UNKNOWN：所核资料未列光源和调制平台,并行DR8；不需波长合分波是功能解释，内部光路器件未列,UNKNOWN：所核资料未列PD/TIA,OSFP MSA5.0；2×MPO12-APC；CMIS5.2,最大14W，Tcase=70°C,原厂目录/规格登记；逐型号当前量产尚未证明,"https://www.genuine-opto.com/dghfhdfghs/438.jhtml | 800G OSFP DR8产品页：型号正文
https://www.genuine-opto.com/uploadfile/cms/www/202404/18135648xbhl.jpg | 800G OSFP DR8原厂规格图Features/Description/Compliance；Chrome视觉读回","网页未标日期；2026-10-03读取
网页未标日期；2026-10-03读取",2026-10-03,资料对象：具体型号/原厂网页规格图；壳温0–70°C；功耗为原厂规格口径，非独立实测；图中未列DSP芯片、内部互连、材料设备或制造测试型号映射；网页日期未标；图片路径的202404不当作正式发布日期
R40,华工科技,整模块（型号/产品族/演示版本见范围）,历史计划/待更新,1.6T DR8 OSFP（200G DSP）,未列P/N,UNKNOWN：所核资料未列逐通道电接口,1310nm；212.5Gbps PAM4/光通道；正文未列完整通道表,UNKNOWN：所核资料未列距离,产品名称直接标with 200G DSP；芯片供应商、制程及主机通道映射未列,自研硅光芯片；TFLN调制器/量子点激光器为兼容平台，不能写成各型号已采用,UNKNOWN：所核资料未列内部合分波器件,UNKNOWN：所核资料未列PD/TIA,OSFP；具体光连接器未列,UNKNOWN：所核资料未列功耗,正文说2024年准备推出/送样两类样机；不把旧计划升为当前逐型号量产,https://www.genuine-opto.com/dghfhdfghs/451.jhtml | 华工正源1.6T/200G per lane正文：2024送样计划,页面未标发布日期；正文为2024送样计划；2026-10-03读取,2026-10-03,资料对象：历史送样计划/产品族；同页另列1.6T DR8 OSFP AOC，不能把AOC与可插拔光接口混成一个型号；2025年报有1.6T家族规模化交付；未证明正好对应本页200G DSP版本；距离、绝对功耗、PD/TIA、激光规格未列
R41,华工科技,整模块（型号/产品族/演示版本见范围）,产品族披露,800G硅光LPO系列,年报未列P/N,UNKNOWN：所核资料未列逐通道电接口,UNKNOWN：所核资料未列逐通道光接口,UNKNOWN：所核资料未列距离,LPO产品族直接命名；线性电处理的具体driver/TIA型号未列,硅光平台直接披露；CW光源型号/数量、调制器结构未列,UNKNOWN：所核资料未列内部合分波器件,UNKNOWN：所核资料未列PD/TIA,UNKNOWN：所核资料未列封装和连接器,UNKNOWN：所核资料未列功耗,2025年报直接自述系列规模化交付；不扩展为全部官网800G型号量产,https://static.cninfo.com.cn/finalpage/2026-03-26/1225031509.PDF | 华工科技2025年报；既有P209/P210/P211/P212原文锚,2026-03-26；既有账本原文锚，本轮未重取其全部正文,2026-10-03,资料对象：产品族/交付披露；既有P209与P212支持产品族及自研硅光应用；不能据公司平台把MTRO-F6F6C或MTRO-D5F6C定为该LPO族；封装、电/光通道、距离和功耗需该族规格书
R42,联特科技,整模块（型号/产品族/演示版本见范围）,产品族披露,800G OSFP 2×FR4 SiPho LPO,年报产品族，无P/N,UNKNOWN：所核资料未列逐通道电接口,两组FR4；表列1271/1291/1311/1331nm,2km,LPO，原厂产品表直接命名；具体线性driver/TIA及主机均衡配合未列,SiPho硅光平台，原厂产品表直接命名；激光器类型/数量未列,两组四波长合分波是命名与波长的功能解释；MUX/DEMUX工艺未列,UNKNOWN：所核资料未列PD/TIA,OSFP；光连接器/散热版本未在产品表列出,UNKNOWN：所核资料未列功耗,2025年报已登记本配置；单波100G的800G/400G多方案族已规模化量产，但未逐项证明本配置量产,https://disc.static.szse.cn/disc/disk03/finalpage/2026-04-29/eca187bd-8949-4a99-a323-fc77b30260b7.pdf | 联特科技2025年报：印刷p12–13产品表，p21研发阶段（PDF页11–12/20）,2026-04-29；2026-10-03定向读取,2026-10-03,资料对象：原厂年报产品表/产品族；产品表给封装、名称、距离、波长；不据100G/200G光通道速率反推主机电通道；光源、PD/TIA、芯片型号/制程与工序对应未列；公司COC/键合/耦合/老化/测试流程为通用能力，不绑定此配置
R43,联特科技,整模块（型号/产品族/演示版本见范围）,产品族披露,800G OSFP 2DR4 TFLN,年报产品族，无P/N,UNKNOWN：所核资料未列逐通道电接口,2DR4并行；表列1311nm,500m,UNKNOWN：所核资料未列电处理架构或芯片,TFLN薄膜铌酸锂调制平台，表名直接披露；配用CW光源未列,并行2DR4；无波长合分波需求是功能解释；内部光学件未列,UNKNOWN：所核资料未列PD/TIA,OSFP；光连接器/散热版本未在产品表列出,UNKNOWN：所核资料未列功耗,2025年报已登记本配置；800G/400G多方案族量产口径未明确拆到TFLN本配置,https://disc.static.szse.cn/disc/disk03/finalpage/2026-04-29/eca187bd-8949-4a99-a323-fc77b30260b7.pdf | 联特科技2025年报：印刷p12–13产品表，p21研发阶段（PDF页11–12/20）,2026-04-29；2026-10-03定向读取,2026-10-03,资料对象：原厂年报产品表/产品族；产品表给封装、名称、距离、波长；不据100G/200G光通道速率反推主机电通道；光源、PD/TIA、芯片型号/制程与工序对应未列；公司COC/键合/耦合/老化/测试流程为通用能力，不绑定此配置
R44,联特科技,整模块（型号/产品族/演示版本见范围）,产品族披露,1.6T OSFP 2FR4 LRO,年报产品族，无P/N,UNKNOWN：所核资料未列逐通道电接口,两组FR4；表列1271/1291/1311/1331nm,2km,LRO路线直接表列；实际Tx DSP/driver、Rx TIA实现未列,UNKNOWN：所核资料未列光源和调制平台,波分功能；具体MUX/DEMUX工艺未列,UNKNOWN：所核资料未列PD/TIA,OSFP；光连接器/散热版本未在产品表列出,UNKNOWN：所核资料未列功耗,2025年报说单波200G的1.6T FRO/LRO/LPO部分项目由样机转小批量试产并送客户验证；本配置未单独给完成阶段,https://disc.static.szse.cn/disc/disk03/finalpage/2026-04-29/eca187bd-8949-4a99-a323-fc77b30260b7.pdf | 联特科技2025年报：印刷p12–13产品表，p21研发阶段（PDF页11–12/20）,2026-04-29；2026-10-03定向读取,2026-10-03,资料对象：原厂年报产品表/产品族；产品表给封装、名称、距离、波长；不据100G/200G光通道速率反推主机电通道；光源、PD/TIA、芯片型号/制程与工序对应未列；公司COC/键合/耦合/老化/测试流程为通用能力，不绑定此配置
R45,青岛海信宽带多媒体技术有限公司,整模块（型号/产品族/演示版本见范围）,产品页/规格书,1.6T OSFP DR4,LMS3981-PC+,UNKNOWN：目录Data Rate列为8:4，表中未逐字定义比值对象/逐电通道线速,1.6T DR4 PMD；光通道线速和波长本表未列,500m,UNKNOWN：所核资料未列电处理架构或芯片,UNKNOWN：所核资料未列光源和调制平台,DR4/2DR4并行功能为PMD命名解释；内部光学件未列,UNKNOWN：所核资料未列PD/TIA,OSFP；MPO12,32W（表列值，非独立实测）,当前原厂P/N目录登记；表头有LPO/LRO总体量产自述，不能逐P/N套用,https://www.ligent.com/products/products_module/16t/ | Ligent当前1.6T目录表：Data Rate/PMD/P/N/Power,网页未标日期；2026-10-03读取,2026-10-03,资料对象：具体P/N/原厂目录表；0–70°C；8:4/8:8原值保留，不自动补为8×200G电/4×400G或8×200G光；PD/TIA、激光/SiPh/EML、DSP型号及内部工艺未在本表披露；同族IHS/RHS两个P/N共享表列规格；其他内部差异未证明
R46,青岛海信宽带多媒体技术有限公司,整模块（型号/产品族/演示版本见范围）,产品页/规格书,1.6T OSFP 2DR4,LMS3831S-PC+（IHS） / LMS3821S-PC2（RHS）,UNKNOWN：目录Data Rate列为8:8，表中未逐字定义比值对象/逐电通道线速,1.6T 2DR4 PMD；光通道线速和波长本表未列,500m,UNKNOWN：所核资料未列电处理架构或芯片,UNKNOWN：所核资料未列光源和调制平台,DR4/2DR4并行功能为PMD命名解释；内部光学件未列,UNKNOWN：所核资料未列PD/TIA,OSFP IHS/RHS；2×MPO12,25W（表列值，非独立实测）,当前原厂P/N目录登记；表头有LPO/LRO总体量产自述，不能逐P/N套用,https://www.ligent.com/products/products_module/16t/ | Ligent当前1.6T目录表：Data Rate/PMD/P/N/Power,网页未标日期；2026-10-03读取,2026-10-03,资料对象：具体P/N/原厂目录表；0–70°C；8:4/8:8原值保留，不自动补为8×200G电/4×400G或8×200G光；PD/TIA、激光/SiPh/EML、DSP型号及内部工艺未在本表披露；同族IHS/RHS两个P/N共享表列规格；其他内部差异未证明
R47,青岛海信宽带多媒体技术有限公司,整模块（型号/产品族/演示版本见范围）,产品页/规格书,1.6T OSFP 2FR4,LMS3836S-PC+（IHS） / LMS3826S-PC1（RHS）,UNKNOWN：目录Data Rate列为8:8分组，表中未逐字定义比值对象/逐电通道线速,1.6T 2FR4 PMD；光通道线速和波长本表未列,2km,UNKNOWN：所核资料未列电处理架构或芯片,UNKNOWN：所核资料未列光源和调制平台,2×FR4/LR4波分功能为PMD命名解释；具体合分波器件未列,UNKNOWN：所核资料未列PD/TIA,OSFP IHS/RHS；双LC,26.5W（表列值，非独立实测）,当前原厂P/N目录登记；表头有LPO/LRO总体量产自述，不能逐P/N套用,https://www.ligent.com/products/products_module/16t/ | Ligent当前1.6T目录表：Data Rate/PMD/P/N/Power,网页未标日期；2026-10-03读取,2026-10-03,资料对象：具体P/N/原厂目录表；0–70°C；8:4/8:8原值保留，不自动补为8×200G电/4×400G或8×200G光；PD/TIA、激光/SiPh/EML、DSP型号及内部工艺未在本表披露；同族IHS/RHS两个P/N共享表列规格；其他内部差异未证明
R48,青岛海信宽带多媒体技术有限公司,整模块（型号/产品族/演示版本见范围）,产品页/规格书,1.6T OSFP 2DR4 LRO（RTLR）,LMS3831R-PC+（IHS） / LMS3831R-PC2（RHS）,UNKNOWN：目录Data Rate列为目录所属1.6T分组，表中未逐字定义比值对象/逐电通道线速,1.6T 2DR4 LRO（RTLR） PMD；光通道线速和波长本表未列,500m,LRO（RTLR）为本款产品名直接标签；具体DSP/driver/TIA与Tx/Rx拓扑未列,UNKNOWN：所核资料未列光源和调制平台,DR4/2DR4并行功能为PMD命名解释；内部光学件未列,UNKNOWN：所核资料未列PD/TIA,OSFP IHS/RHS；2×MPO12,17W（表列值，非独立实测）,当前原厂P/N目录登记；表头有LPO/LRO总体量产自述，不能逐P/N套用,https://www.ligent.com/products/products_module/16t/ | Ligent当前1.6T目录表：Data Rate/PMD/P/N/Power,网页未标日期；2026-10-03读取,2026-10-03,资料对象：具体P/N/原厂目录表；0–70°C；8:4/8:8原值保留，不自动补为8×200G电/4×400G或8×200G光；PD/TIA、激光/SiPh/EML、DSP型号及内部工艺未在本表披露；同族IHS/RHS两个P/N共享表列规格；其他内部差异未证明
R49,青岛海信宽带多媒体技术有限公司,整模块（型号/产品族/演示版本见范围）,产品页/规格书,1.6T OSFP 2FR4 LRO（RTLR）,LMS3836R-PC+（IHS） / LMS3836R-PC1（RHS）,UNKNOWN：目录Data Rate列为目录所属1.6T分组，表中未逐字定义比值对象/逐电通道线速,1.6T 2FR4 LRO（RTLR） PMD；光通道线速和波长本表未列,2km,LRO（RTLR）为本款产品名直接标签；具体DSP/driver/TIA与Tx/Rx拓扑未列,UNKNOWN：所核资料未列光源和调制平台,2×FR4/LR4波分功能为PMD命名解释；具体合分波器件未列,UNKNOWN：所核资料未列PD/TIA,OSFP IHS/RHS；双LC,17.5W（表列值，非独立实测）,当前原厂P/N目录登记；表头有LPO/LRO总体量产自述，不能逐P/N套用,https://www.ligent.com/products/products_module/16t/ | Ligent当前1.6T目录表：Data Rate/PMD/P/N/Power,网页未标日期；2026-10-03读取,2026-10-03,资料对象：具体P/N/原厂目录表；0–70°C；8:4/8:8原值保留，不自动补为8×200G电/4×400G或8×200G光；PD/TIA、激光/SiPh/EML、DSP型号及内部工艺未在本表披露；同族IHS/RHS两个P/N共享表列规格；其他内部差异未证明
R50,青岛海信宽带多媒体技术有限公司,整模块（型号/产品族/演示版本见范围）,产品页/规格书,1.6T OSFP 2LR4,LMS3838-PC1,UNKNOWN：目录Data Rate列为8:8，表中未逐字定义比值对象/逐电通道线速,1.6T 2LR4 PMD；光通道线速和波长本表未列,10km,UNKNOWN：所核资料未列电处理架构或芯片,UNKNOWN：所核资料未列光源和调制平台,2×FR4/LR4波分功能为PMD命名解释；具体合分波器件未列,UNKNOWN：所核资料未列PD/TIA,OSFP；双LC,29W（表列值，非独立实测）,当前原厂P/N目录登记；表头有LPO/LRO总体量产自述，不能逐P/N套用,https://www.ligent.com/products/products_module/16t/ | Ligent当前1.6T目录表：Data Rate/PMD/P/N/Power,网页未标日期；2026-10-03读取,2026-10-03,资料对象：具体P/N/原厂目录表；0–70°C；8:4/8:8原值保留，不自动补为8×200G电/4×400G或8×200G光；PD/TIA、激光/SiPh/EML、DSP型号及内部工艺未在本表披露；同族IHS/RHS两个P/N共享表列规格；其他内部差异未证明
R51,青岛海信宽带多媒体技术有限公司,整模块（型号/产品族/演示版本见范围）,演示/发布配置,1.6T OSFP DR8（2024双光子平台发布）,原稿未列P/N,UNKNOWN：所核资料未列逐通道电接口,DR8族；逐通道速率/波长原摘录未给,UNKNOWN：所核资料未列距离,UNKNOWN：所核资料未列电处理架构或芯片,SiPh与EML两个开发平台，既有P254官方稿摘录直接披露；单一P/N未对齐,UNKNOWN：所核资料未列内部合分波器件,UNKNOWN：所核资料未列PD/TIA,OSFP；连接器未取得,UNKNOWN：所核资料未列功耗,2024-09-11宣布推出/双平台开发；不据集团全品类量产能力推定这款已量产,https://hbmt.hisense.com/ | 海信宽带历史官网；P254保留2024-09-11发布稿摘录，当前跳转Ligent,事件2024-09-11；账本核锚2026-07-30；本轮未重新取回历史全文,2026-10-03,资料对象：历史官方发布/产品族；旧官网已跳转；本轮复用既有P254摘录，不称当前历史全文重新核验；不能把SiPh/EML任一平台套入当前LMS383x/398x系列
R52,剑桥科技,整模块（型号/产品族/演示版本见范围）,产品页/规格书,1.6T OSFP-XD 2×DR4 EML,TRX5J00PNFDMF000,16×53.125GBd PAM4；2×800GAUI-8,8×106.25GBd PAM4；2×800GBASE-DR4,500m SMF,UNKNOWN：所核资料未列电处理架构或芯片,1310nm EA-DFB（产品名EML）,UNKNOWN：所核资料未列内部合分波器件,PIN；TIA未列,OSFP-XD；双MPO12；120-pad电连接器,TBD（原页明确）,原厂目录/规格登记；逐型号当前量产尚未证明,https://www.cigtech.us/photonics | CIG USA Photonics原厂配置页；读取下列具体型号段,网页未标日期；2026-10-03读取,2026-10-03,资料对象：具体型号/原厂产品页；0–70°C；OSFP-XD旧封装配置，不能套2025年新1.6T族3nmDSP；DSP/driver、内部互连、PD/TIA型号、当前量产未列
R53,剑桥科技,整模块（型号/产品族/演示版本见范围）,产品页/规格书,800G QSFP-DD 2×FR4 EML,TRD5J10ENFDLF000,2×4路53.125GBd PAM4；400GAUI-4,2×4波长53.125GBd PAM4；400GBASE-FR4,2km SMF,UNKNOWN：所核资料未列电处理架构或芯片,CWDM EA-DFB（EML）,双组CWDM波分功能；器件工艺未列,PIN；TIA未列,QSFP-DD800；双duplex LC；76-pad电连接器,最大16W,原厂目录/规格登记；逐型号当前量产尚未证明,https://www.cigtech.us/photonics | CIG USA Photonics原厂配置页；读取下列具体型号段,网页未标日期；2026-10-03读取,2026-10-03,资料对象：具体型号/原厂产品页；0–70°C；当前页登记不等于截至核对日逐型号量产；本页多款800G摘要把Aggregate写成425Gb/s，与800G标题/通道描述不一致；保留冲突，不拿该数算总容量；TOSA/ROSA封装、MUX工艺、DSP/PD/TIA料号、材料设备与测试采用未列
R54,剑桥科技,整模块（型号/产品族/演示版本见范围）,产品页/规格书,800G QSFP-DD DR8 SiPh LPO,TLD5J0APNFDMF000,8路53.125GBd PAM4线性电接口,8路53.125GBd PAM4；800GBASE-DR,500m SMF,线性接口，无DSP；原厂逐型号直接披露,1310nm CW-LD＋SiP调制器,DR8并行；波长合分波不适用为功能解释,PIN；TIA型号未列,QSFP-DD800；双MPO12,最大8W,原厂目录/规格登记；逐型号当前量产尚未证明,https://www.cigtech.us/photonics | CIG USA Photonics原厂配置页；读取下列具体型号段,网页未标日期；2026-10-03读取,2026-10-03,资料对象：具体型号/原厂产品页；0–70°C；当前页登记不等于截至核对日逐型号量产；本页多款800G摘要把Aggregate写成425Gb/s，与800G标题/通道描述不一致；保留冲突，不拿该数算总容量；TOSA/ROSA封装、MUX工艺、DSP/PD/TIA料号、材料设备与测试采用未列
R55,剑桥科技,整模块（型号/产品族/演示版本见范围）,演示/发布配置,2025 1.6T 2×DR4/DR8及2×FR4（200G/Lambda）,发布稿未列精确P/N,UNKNOWN：所核资料未列逐通道电接口,200G/光通道产品族；PAM4物理线速发布稿未列,UNKNOWN：所核资料未列距离,Retimed；3nm DSP，供应商/芯片型号未列,SiPh和EML两种设计版本；不是同时装于同一型号,UNKNOWN：所核资料未列内部合分波器件,UNKNOWN：所核资料未列PD/TIA,UNKNOWN：所核资料未列封装和连接器,官方称相比前代最高降低20%；绝对值与基线未列,OFC2025发布并现场演示；本稿未取得各后缀当前出货证据,https://www.cigtech.com/cn/Press/Info/11894?year=2021 | 剑桥科技OFC2025官方发布：200G/Lambda3nm及100G/Lambda5nm产品族,2025-04-02（正文事件2025-04-01）；2026-10-03读取,2026-10-03,资料对象：产品族发布/演示；不能把该3nm家族DSP套入上方OSFP-XD具体型号；硅光/EML家族版本已知；各平台后缀、电通道、连接器与器件料号未配对
R56,德科立,整模块（型号/产品族/演示版本见范围）,既有摘录/产品族,400G相干光模块,UNKNOWN：现有引语未列具体料号,UNKNOWN：当前所用资料未给出该项型号实现,400G相干传输；光调制器/偏振结构未列,UNKNOWN：当前所用资料未给出该项型号实现,相干处理路线；DSP型号与工艺未列,UNKNOWN：当前所用资料未给出该项型号实现,UNKNOWN：当前所用资料未给出该项型号实现,UNKNOWN：当前所用资料未给出该项型号实现,UNKNOWN：当前所用资料未给出该项型号实现,UNKNOWN：当前所用资料未给出该项型号实现,引语称完成小批量试产；不等于型号已规模量产,http://static.cninfo.com.cn/finalpage/2026-03-31/1225064041.PDF | P087｜现有points命中引语；本轮未回读原PDF/回答,原账本检索2026-07-25；资料发布日期未核,2026-10-03,资料对象：相干传输/产品族；同句800G对象是“相干模块器件”，未据此新增完整800G相干模块。；该条为现有账本引语，未回读2025年报正文。
R57,德科立,整模块（型号/产品族/演示版本见范围）,既有摘录/产品族,800G硅光光收发模块,UNKNOWN：现有引语未列具体料号,UNKNOWN：当前所用资料未给出该项型号实现,800G光收发模块；通道数/PMD未列,UNKNOWN：当前所用资料未给出该项型号实现,UNKNOWN：当前所用资料未给出该项型号实现,基于硅光芯片；激光器与调制器结构未列,UNKNOWN：当前所用资料未给出该项型号实现,UNKNOWN：当前所用资料未给出该项型号实现,UNKNOWN：当前所用资料未给出该项型号实现,UNKNOWN：当前所用资料未给出该项型号实现,硅光平台初建、模块开发完成，正在推向量产（原引语）；不写为已量产,http://static.cninfo.com.cn/finalpage/2026-03-31/1225064041.PDF | P109｜现有points命中引语；本轮未回读原PDF/回答,原账本检索2026-07-25；资料发布日期未核,2026-10-03,资料对象：数通/硅光产品族；800G与1.6T共享同一开发主张；未取得各速率的料号、接口和完整实现。；硅光不自动推出CW颗数、Ge PD、MUX工艺或封装采用。
R58,德科立,整模块（型号/产品族/演示版本见范围）,既有摘录/产品族,1.6T硅光光收发模块,UNKNOWN：现有引语未列具体料号,UNKNOWN：当前所用资料未给出该项型号实现,1.6T光收发模块；通道数/PMD未列,UNKNOWN：当前所用资料未给出该项型号实现,UNKNOWN：当前所用资料未给出该项型号实现,基于硅光芯片；激光器与调制器结构未列,UNKNOWN：当前所用资料未给出该项型号实现,UNKNOWN：当前所用资料未给出该项型号实现,UNKNOWN：当前所用资料未给出该项型号实现,UNKNOWN：当前所用资料未给出该项型号实现,硅光平台初建、模块开发完成，正在推向量产（原引语）；不写为已量产,http://static.cninfo.com.cn/finalpage/2026-03-31/1225064041.PDF | P109｜现有points命中引语；本轮未回读原PDF/回答,原账本检索2026-07-25；资料发布日期未核,2026-10-03,资料对象：数通/硅光产品族；800G与1.6T共享同一开发主张；未取得各速率的料号、接口和完整实现。；硅光不自动推出CW颗数、Ge PD、MUX工艺或封装采用。
R59,德科立,整模块（型号/产品族/演示版本见范围）,既有摘录/产品族,电信传输相干与非相干光收发模块族,UNKNOWN：现有引语未列具体料号,UNKNOWN：当前所用资料未给出该项型号实现,155M、1.25G、10G、100G、400G及以上；相干/非相干并列，未逐速率配对,族级列10/40/80km及以上；未配对型号或调制路线,UNKNOWN：当前所用资料未给出该项型号实现,UNKNOWN：当前所用资料未给出该项型号实现,UNKNOWN：当前所用资料未给出该项型号实现,UNKNOWN：当前所用资料未给出该项型号实现,UNKNOWN：当前所用资料未给出该项型号实现,UNKNOWN：当前所用资料未给出该项型号实现,现有资料中的公司自述；本轮未重新验证当前阶段, | P159｜现有points命中引语｜本地扫描(),原账本检索2026-07-26；资料发布日期未核,2026-10-03,资料对象：电信传输/多配置产品族；P159锚仅记“本地扫描()”，没有可直接回读的原URL。；各速率、距离与相干/非相干路线是族列表，不能任意拼成SKU。
R60,德科立,整模块（型号/产品族/演示版本见范围）,既有摘录/产品族,GPON OLT与COMBO PON接入模块族,UNKNOWN：现有引语未列具体料号,UNKNOWN：当前所用资料未给出该项型号实现,GPON OLT、COMBO PON接入用途；波长与上下行配比未列,UNKNOWN：当前所用资料未给出该项型号实现,UNKNOWN：当前所用资料未给出该项型号实现,UNKNOWN：当前所用资料未给出该项型号实现,UNKNOWN：当前所用资料未给出该项型号实现,UNKNOWN：当前所用资料未给出该项型号实现,UNKNOWN：当前所用资料未给出该项型号实现,UNKNOWN：当前所用资料未给出该项型号实现,现有资料中的公司自述；本轮未重新验证当前阶段, | P160｜现有points命中引语｜本地扫描(),原账本检索2026-07-26；资料发布日期未核,2026-10-03,资料对象：PON接入/产品族；P160是本地扫描摘录；GPON/COMBO与BOSA分层，BOSA不作为整模块型号。
R61,德科立,整模块（型号/产品族/演示版本见范围）,既有摘录/产品族,10G灰光/彩光无线接入光模块族,UNKNOWN：现有引语未列具体料号,UNKNOWN：当前所用资料未给出该项型号实现,10G灰光与彩光并列；具体波长/激光器未列,UNKNOWN：当前所用资料未给出该项型号实现,UNKNOWN：当前所用资料未给出该项型号实现,UNKNOWN：当前所用资料未给出该项型号实现,UNKNOWN：当前所用资料未给出该项型号实现,UNKNOWN：当前所用资料未给出该项型号实现,UNKNOWN：当前所用资料未给出该项型号实现,UNKNOWN：当前所用资料未给出该项型号实现,现有资料中的公司自述；本轮未重新验证当前阶段, | P160｜现有points命中引语｜本地扫描(),原账本检索2026-07-26；资料发布日期未核,2026-10-03,资料对象：无线接入/产品族；P160仅给用途与速率族；灰光/彩光型号与距离没有一一配对。
R62,德科立,整模块（型号/产品族/演示版本见范围）,既有摘录/产品族,25G灰光/彩光无线接入光模块族,UNKNOWN：现有引语未列具体料号,UNKNOWN：当前所用资料未给出该项型号实现,25G灰光与彩光并列；具体波长/激光器未列,UNKNOWN：当前所用资料未给出该项型号实现,UNKNOWN：当前所用资料未给出该项型号实现,UNKNOWN：当前所用资料未给出该项型号实现,UNKNOWN：当前所用资料未给出该项型号实现,UNKNOWN：当前所用资料未给出该项型号实现,UNKNOWN：当前所用资料未给出该项型号实现,UNKNOWN：当前所用资料未给出该项型号实现,现有资料中的公司自述；本轮未重新验证当前阶段, | P160｜现有points命中引语｜本地扫描(),原账本检索2026-07-26；资料发布日期未核,2026-10-03,资料对象：无线接入/产品族；P160仅给用途与速率族；灰光/彩光型号与距离没有一一配对。
R63,长芯博创,整模块（型号/产品族/演示版本见范围）,既有摘录/产品族,400G SR4多模光模块,UNKNOWN：现有引语未列具体料号,UNKNOWN：当前所用资料未给出该项型号实现,400G多模SR4族；具体光lane速率、波长未列,UNKNOWN：当前所用资料未给出该项型号实现,UNKNOWN：当前所用资料未给出该项型号实现,UNKNOWN：原引语仅称多模，未直接列VCSEL,UNKNOWN：当前所用资料未给出该项型号实现,UNKNOWN：当前所用资料未给出该项型号实现,UNKNOWN：当前所用资料未给出该项型号实现,UNKNOWN：当前所用资料未给出该项型号实现,引语称具备批量供货能力；逐型号出货状态未列,https://static.cninfo.com.cn/finalpage/2026-03-28/1225045047.PDF | P119｜现有points命中引语；本轮未回读原PDF/回答,原账本检索2026-07-26；资料发布日期未核,2026-10-03,资料对象：数据中心/多模产品族；不从多模/SR标签补写VCSEL、PIN或某DSP；内部实现待规格书。
R64,长芯博创,整模块（型号/产品族/演示版本见范围）,既有摘录/产品族,800G SR8多模光模块,UNKNOWN：现有引语未列具体料号,UNKNOWN：当前所用资料未给出该项型号实现,800G多模SR8族；具体光lane速率、波长未列,UNKNOWN：当前所用资料未给出该项型号实现,UNKNOWN：当前所用资料未给出该项型号实现,UNKNOWN：原引语仅称多模，未直接列VCSEL,UNKNOWN：当前所用资料未给出该项型号实现,UNKNOWN：当前所用资料未给出该项型号实现,UNKNOWN：当前所用资料未给出该项型号实现,UNKNOWN：当前所用资料未给出该项型号实现,引语称具备批量供货能力；逐型号出货状态未列,https://static.cninfo.com.cn/finalpage/2026-03-28/1225045047.PDF | P119｜现有points命中引语；本轮未回读原PDF/回答,原账本检索2026-07-26；资料发布日期未核,2026-10-03,资料对象：数据中心/多模产品族；不从多模/SR标签补写VCSEL、PIN或某DSP；内部实现待规格书。
R65,长芯博创,整模块（型号/产品族/演示版本见范围）,既有摘录/产品族,PON光纤接入光收发模块族,UNKNOWN：现有引语未列具体料号,UNKNOWN：当前所用资料未给出该项型号实现,用于PON光纤接入网；PON代际、速率/波长未列,UNKNOWN：当前所用资料未给出该项型号实现,UNKNOWN：当前所用资料未给出该项型号实现,UNKNOWN：当前所用资料未给出该项型号实现,UNKNOWN：当前所用资料未给出该项型号实现,UNKNOWN：当前所用资料未给出该项型号实现,UNKNOWN：当前所用资料未给出该项型号实现,UNKNOWN：当前所用资料未给出该项型号实现,现有资料中的公司自述；本轮未重新验证当前阶段,"https://static.cninfo.com.cn/finalpage/2026-03-28/1225045047.PDF | P120｜现有points命中引语；本轮未回读原PDF/回答
https://static.cninfo.com.cn/finalpage/2026-03-28/1225045047.PDF | P184｜现有points命中引语；本轮未回读原PDF/回答","原账本检索2026-07-26；资料发布日期未核
原账本检索2026-07-26；资料发布日期未核",2026-10-03,资料对象：PON接入/产品族；基于现有points直接引语展开产品族；未把账本整条“生产中”继承到每个型号。；未列型号BOM、器件供应商或采购/制造分工的项目保持未知。
R66,长芯博创,整模块（型号/产品族/演示版本见范围）,既有摘录/产品族,无线前传/中回传光收发模块族,UNKNOWN：现有引语未列具体料号,UNKNOWN：当前所用资料未给出该项型号实现,用于无线承载前传、中回传；速率/波长未列,UNKNOWN：当前所用资料未给出该项型号实现,UNKNOWN：当前所用资料未给出该项型号实现,UNKNOWN：当前所用资料未给出该项型号实现,UNKNOWN：当前所用资料未给出该项型号实现,UNKNOWN：当前所用资料未给出该项型号实现,UNKNOWN：当前所用资料未给出该项型号实现,UNKNOWN：当前所用资料未给出该项型号实现,现有资料中的公司自述；本轮未重新验证当前阶段,https://static.cninfo.com.cn/finalpage/2026-03-28/1225045047.PDF | P184｜现有points命中引语；本轮未回读原PDF/回答,原账本检索2026-07-26；资料发布日期未核,2026-10-03,资料对象：无线承载/产品族；基于现有points直接引语展开产品族；未把账本整条“生产中”继承到每个型号。；未列型号BOM、器件供应商或采购/制造分工的项目保持未知。
R67,铭普光磁,整模块（型号/产品族/演示版本见范围）,既有摘录/产品族,10G至800G数通光模块族,UNKNOWN：现有引语未列具体料号,UNKNOWN：当前所用资料未给出该项型号实现,10G至800G数通产品范围；未给各档PMD或光lane实现,UNKNOWN：当前所用资料未给出该项型号实现,UNKNOWN：当前所用资料未给出该项型号实现,UNKNOWN：当前所用资料未给出该项型号实现,UNKNOWN：当前所用资料未给出该项型号实现,UNKNOWN：当前所用资料未给出该项型号实现,UNKNOWN：当前所用资料未给出该项型号实现,UNKNOWN：当前所用资料未给出该项型号实现,现有资料中的公司自述；本轮未重新验证当前阶段,"https://static.cninfo.com.cn/finalpage/2026-04-25/1225190103.PDF | P078｜现有points命中引语；本轮未回读原PDF/回答
https://static.cninfo.com.cn/finalpage/2026-04-25/1225190103.PDF | P183｜现有points命中引语；本轮未回读原PDF/回答","原账本检索2026-07-25；资料发布日期未核
原账本检索2026-07-26；资料发布日期未核",2026-10-03,资料对象：数据中心/多速率产品族；“从10G到800G”是供货范围；不据此编造每个中间速率/料号。；不把自有TOSA/BOSA产品族自动配为本系列模块采用。
R68,铭普光磁,整模块（型号/产品族/演示版本见范围）,既有摘录/产品族,4G/5G承载传输光模块族,UNKNOWN：现有引语未列具体料号,UNKNOWN：当前所用资料未给出该项型号实现,服务4G/5G无线承载传输；具体速率/波长未列,UNKNOWN：当前所用资料未给出该项型号实现,UNKNOWN：当前所用资料未给出该项型号实现,UNKNOWN：当前所用资料未给出该项型号实现,UNKNOWN：当前所用资料未给出该项型号实现,UNKNOWN：当前所用资料未给出该项型号实现,UNKNOWN：当前所用资料未给出该项型号实现,UNKNOWN：当前所用资料未给出该项型号实现,现有资料中的公司自述；本轮未重新验证当前阶段,"https://static.cninfo.com.cn/finalpage/2026-04-25/1225190103.PDF | P078｜现有points命中引语；本轮未回读原PDF/回答
https://static.cninfo.com.cn/finalpage/2026-04-25/1225190103.PDF | P183｜现有points命中引语；本轮未回读原PDF/回答","原账本检索2026-07-25；资料发布日期未核
原账本检索2026-07-26；资料发布日期未核",2026-10-03,资料对象：无线承载/产品族；基于现有points直接引语展开产品族；未把账本整条“生产中”继承到每个型号。；未列型号BOM、器件供应商或采购/制造分工的项目保持未知。
R69,铭普光磁,整模块（型号/产品族/演示版本见范围）,既有摘录/产品族,FTTx固网接入光模块族,UNKNOWN：现有引语未列具体料号,UNKNOWN：当前所用资料未给出该项型号实现,固网FTTx接入用途；具体PON代际与上下行配比未列,UNKNOWN：当前所用资料未给出该项型号实现,UNKNOWN：当前所用资料未给出该项型号实现,UNKNOWN：当前所用资料未给出该项型号实现,UNKNOWN：当前所用资料未给出该项型号实现,UNKNOWN：当前所用资料未给出该项型号实现,UNKNOWN：当前所用资料未给出该项型号实现,UNKNOWN：当前所用资料未给出该项型号实现,现有资料中的公司自述；本轮未重新验证当前阶段,"https://static.cninfo.com.cn/finalpage/2026-04-25/1225190103.PDF | P078｜现有points命中引语；本轮未回读原PDF/回答
https://static.cninfo.com.cn/finalpage/2026-04-25/1225190103.PDF | P183｜现有points命中引语；本轮未回读原PDF/回答","原账本检索2026-07-25；资料发布日期未核
原账本检索2026-07-26；资料发布日期未核",2026-10-03,资料对象：固网接入/产品族；基于现有points直接引语展开产品族；未把账本整条“生产中”继承到每个型号。；未列型号BOM、器件供应商或采购/制造分工的项目保持未知。
R70,亨通光电,整模块（型号/产品族/演示版本见范围）,既有摘录/产品族,GPON/XGPON/XGSPON/COMBO PON OLT模块族,UNKNOWN：现有引语未列具体料号,UNKNOWN：当前所用资料未给出该项型号实现,族级列GPON/XGPON/XGSPON/COMBO PON OLT；各制式速率波长未配对,UNKNOWN：当前所用资料未给出该项型号实现,UNKNOWN：当前所用资料未给出该项型号实现,UNKNOWN：当前所用资料未给出该项型号实现,UNKNOWN：当前所用资料未给出该项型号实现,UNKNOWN：当前所用资料未给出该项型号实现,UNKNOWN：当前所用资料未给出该项型号实现,UNKNOWN：当前所用资料未给出该项型号实现,引语称可提供多类模块解决方案；逐型号交付阶段未列,https://static.cninfo.com.cn/finalpage/2026-04-25/1225195764.PDF | P139｜现有points命中引语；本轮未回读原PDF/回答,原账本检索2026-07-26；资料发布日期未核,2026-10-03,资料对象：PON接入/多制式产品族；基于现有points直接引语展开产品族；未把账本整条“生产中”继承到每个型号。；未列型号BOM、器件供应商或采购/制造分工的项目保持未知。
R71,亨通光电,整模块（型号/产品族/演示版本见范围）,既有摘录/产品族,50G COMBO PON OLT非对称光模块,UNKNOWN：现有引语未列具体料号,UNKNOWN：当前所用资料未给出该项型号实现,50G COMBO PON、非对称上下行；具体上下行数值/波长未列,UNKNOWN：当前所用资料未给出该项型号实现,UNKNOWN：当前所用资料未给出该项型号实现,UNKNOWN：当前所用资料未给出该项型号实现,UNKNOWN：当前所用资料未给出该项型号实现,UNKNOWN：当前所用资料未给出该项型号实现,UNKNOWN：当前所用资料未给出该项型号实现,UNKNOWN：当前所用资料未给出该项型号实现,引语称已发布；没有型号量产锚,https://static.cninfo.com.cn/finalpage/2026-04-25/1225195764.PDF | P139｜现有points命中引语；本轮未回读原PDF/回答,原账本检索2026-07-26；资料发布日期未核,2026-10-03,资料对象：PON接入/已发布产品族；基于现有points直接引语展开产品族；未把账本整条“生产中”继承到每个型号。；未列型号BOM、器件供应商或采购/制造分工的项目保持未知。
R72,亨通光电,AOC有源光缆,既有摘录/产品族,10G至800G AOC有源光缆族,UNKNOWN：现有引语未列具体料号,UNKNOWN：当前所用资料未给出该项型号实现,算力中心10G至800G AOC范围；各档光通道、光源未列,UNKNOWN：当前所用资料未给出该项型号实现,UNKNOWN：当前所用资料未给出该项型号实现,UNKNOWN：当前所用资料未给出该项型号实现,UNKNOWN：当前所用资料未给出该项型号实现,UNKNOWN：当前所用资料未给出该项型号实现,AOC有源光缆；两端封装及分支形式未列,UNKNOWN：当前所用资料未给出该项型号实现,引语称可提供产品，部分低功耗AOC获超算客户反馈；未逐档映射,https://static.cninfo.com.cn/finalpage/2026-04-25/1225195764.PDF | P140｜现有points命中引语；本轮未回读原PDF/回答,原账本检索2026-07-26；资料发布日期未核,2026-10-03,资料对象：数通/AOC产品族；AOC与可插拔光模块分开；超低功耗没有可比测试数值。
R73,亨通光电,整模块（型号/产品族/演示版本见范围）,既有摘录/产品族,算力中心高速可插拔/光模块产品族,UNKNOWN：现有引语未列具体料号,UNKNOWN：当前所用资料未给出该项型号实现,引语另列高速光模块；本句10G–800G明确修饰AOC，模块逐速率待原表,UNKNOWN：当前所用资料未给出该项型号实现,UNKNOWN：当前所用资料未给出该项型号实现,UNKNOWN：当前所用资料未给出该项型号实现,UNKNOWN：当前所用资料未给出该项型号实现,UNKNOWN：当前所用资料未给出该项型号实现,UNKNOWN：当前所用资料未给出该项型号实现,UNKNOWN：当前所用资料未给出该项型号实现,公司产品范围自述；逐速率、型号与交付未列,https://static.cninfo.com.cn/finalpage/2026-04-25/1225195764.PDF | P140｜现有points命中引语；本轮未回读原PDF/回答,原账本检索2026-07-26；资料发布日期未核,2026-10-03,资料对象：数通/高速模块能力范围；不将配图/判定注记的800G DR8当作本命中句直接证明。
R74,长飞光纤,整模块（型号/产品族/演示版本见范围）,既有摘录/产品族,800G高速光模块,UNKNOWN：现有引语未列具体料号,UNKNOWN：当前所用资料未给出该项型号实现,800G高速模块；PMD、通道与光子平台未列,UNKNOWN：当前所用资料未给出该项型号实现,UNKNOWN：当前所用资料未给出该项型号实现,UNKNOWN：当前所用资料未给出该项型号实现,UNKNOWN：当前所用资料未给出该项型号实现,UNKNOWN：当前所用资料未给出该项型号实现,UNKNOWN：当前所用资料未给出该项型号实现,UNKNOWN：当前所用资料未给出该项型号实现,引语称已推出；未给型号量产/出货阶段,https://static.cninfo.com.cn/finalpage/2026-03-28/1225048080.PDF | P185｜现有points命中引语；本轮未回读原PDF/回答,原账本检索2026-07-26；资料发布日期未核,2026-10-03,资料对象：数通/已推出产品族；集团产品组合披露，不证明长飞母公司或各内部器件全部自制。；长芯实体归属来自原记录判定说明，产品原句没有精确型号制造主体。
R75,长飞光纤,整模块（型号/产品族/演示版本见范围）,既有摘录/产品族,1.6T高速光模块,UNKNOWN：现有引语未列具体料号,UNKNOWN：当前所用资料未给出该项型号实现,1.6T高速模块；PMD、通道与光子平台未列,UNKNOWN：当前所用资料未给出该项型号实现,UNKNOWN：当前所用资料未给出该项型号实现,UNKNOWN：当前所用资料未给出该项型号实现,UNKNOWN：当前所用资料未给出该项型号实现,UNKNOWN：当前所用资料未给出该项型号实现,UNKNOWN：当前所用资料未给出该项型号实现,UNKNOWN：当前所用资料未给出该项型号实现,引语称已推出；未给型号量产/出货阶段,https://static.cninfo.com.cn/finalpage/2026-03-28/1225048080.PDF | P185｜现有points命中引语；本轮未回读原PDF/回答,原账本检索2026-07-26；资料发布日期未核,2026-10-03,资料对象：数通/已推出产品族；集团产品组合披露，不证明长飞母公司或各内部器件全部自制。；长芯实体归属来自原记录判定说明，产品原句没有精确型号制造主体。
R76,中天科技,整模块（型号/产品族/演示版本见范围）,既有摘录/产品族,智算中心高速光模块族,UNKNOWN：现有引语未列具体料号,UNKNOWN：当前所用资料未给出该项型号实现,高速光模块；命中句未列具体速率、PMD,UNKNOWN：当前所用资料未给出该项型号实现,UNKNOWN：当前所用资料未给出该项型号实现,UNKNOWN：当前所用资料未给出该项型号实现,UNKNOWN：当前所用资料未给出该项型号实现,UNKNOWN：当前所用资料未给出该项型号实现,UNKNOWN：当前所用资料未给出该项型号实现,UNKNOWN：当前所用资料未给出该项型号实现,引语称规模出货/批量供货；未到逐型号阶段,"https://static.cninfo.com.cn/finalpage/2026-04-25/1225177318.PDF | P135｜现有points命中引语；本轮未回读原PDF/回答
https://static.cninfo.com.cn/finalpage/2026-04-25/1225177318.PDF | P136｜现有points命中引语；本轮未回读原PDF/回答","原账本检索2026-07-26；资料发布日期未核
原账本检索2026-07-26；资料发布日期未核",2026-10-03,资料对象：数据中心/高速模块产品族；不使用判定注记中的800G或客户名称补造命中句事实。；MPO连接器供货不证明某模块采用某芯数/端面MPO。
R77,武汉钧恒科技有限公司,整模块（型号/产品族/演示版本见范围）,既有摘录/产品族,光模块研发制造销售产品族,UNKNOWN：现有引语未列具体料号,UNKNOWN：当前所用资料未给出该项型号实现,光模块产品类别明确；数通/电信档位和PMD未列,UNKNOWN：当前所用资料未给出该项型号实现,UNKNOWN：当前所用资料未给出该项型号实现,UNKNOWN：当前所用资料未给出该项型号实现,UNKNOWN：当前所用资料未给出该项型号实现,UNKNOWN：当前所用资料未给出该项型号实现,UNKNOWN：当前所用资料未给出该项型号实现,UNKNOWN：当前所用资料未给出该项型号实现,现有引语明确研发、制造、销售及光模块收入占比>50%；型号阶段未列, | P039｜现有points命中引语｜S0a本地扫描2025年报（001267__em_汇绿生态_em__2025_2025年年度报告.pdf）；管理层讨论与分析·一、报告期内公司从事的主要业务,原账本检索2026-07-24；资料发布日期未核,2026-10-03,资料对象：模块/产品族待规格；属于汇绿生态控股子公司武汉钧恒；不把集团关系改成无关母公司自制。；P040为光模块结构定义，不作为其自制TOSA/ROSA/TIA或具体采用的依据。
R78,通宇通讯,整模块（型号/产品族/演示版本见范围）,既有摘录/产品族,四川光为800G OSFP 2×DR4光模块,UNKNOWN：现有引语未列具体料号,UNKNOWN：当前所用资料未给出该项型号实现,800G以太网；2×DR4并行族（原产品名）；光lane细节未列,UNKNOWN：当前所用资料未给出该项型号实现,UNKNOWN：当前所用资料未给出该项型号实现,硅光路线（原引语明确）；CW、调制器结构未列,UNKNOWN：当前所用资料未给出该项型号实现,UNKNOWN：当前所用资料未给出该项型号实现,OSFP；光连接器芯数/端面未列,UNKNOWN：当前所用资料未给出该项型号实现,引语称参股公司首批小批量交付；不升级规模量产, | P193｜现有points命中引语｜corpus/qa/002792/qa.jsonl#indexId=0001066DD44C0AAA440281E53DC3E383BF02；ir.p5w.net 全景网投关平台镜像深交所互动易(准披露渠道),原账本检索2026-07-30；资料发布日期未核,2026-10-03,资料对象：参股公司/数通硅光；产品及交付主体为参股公司四川光为，不是通宇母公司直接制造。；低功耗是公司措辞，缺数值与比较条件；不据硅光推完整BOM。
R79,中兴通讯,整模块（型号/产品族/演示版本见范围）,既有摘录/产品族,OTN 100G可插拔相干光模块,UNKNOWN：现有引语未列具体料号,UNKNOWN：当前所用资料未给出该项型号实现,100G OTN相干长距光传输；光调制平台未列,长距用途；公里数未列,搭载中兴自研相干DSP；型号/工艺未列,UNKNOWN：当前所用资料未给出该项型号实现,UNKNOWN：当前所用资料未给出该项型号实现,UNKNOWN：当前所用资料未给出该项型号实现,可插拔；具体封装未列,UNKNOWN：当前所用资料未给出该项型号实现,2026-07-08互动易原句称公司研发和生产，自用于光传输设备；逐型号阶段未列, | P192｜现有points命中引语｜corpus/qa/000063/qa.jsonl#indexId=2266884917732925440；irm.cninfo.com.cn 互动易(准披露渠道),原账本检索2026-07-27；资料发布日期未核,2026-10-03,资料对象：自研自用/相干传输产品族；100G/400G/800G是同一相干族列表，不能用800G DSP主张补所有档位参数。；用于服务器等数据通信的光模块为对外采购，未登记为中兴自产数通产品。
R80,中兴通讯,整模块（型号/产品族/演示版本见范围）,既有摘录/产品族,OTN 400G可插拔相干光模块,UNKNOWN：现有引语未列具体料号,UNKNOWN：当前所用资料未给出该项型号实现,400G OTN相干长距光传输；光调制平台未列,长距用途；公里数未列,搭载中兴自研相干DSP；型号/工艺未列,UNKNOWN：当前所用资料未给出该项型号实现,UNKNOWN：当前所用资料未给出该项型号实现,UNKNOWN：当前所用资料未给出该项型号实现,可插拔；具体封装未列,UNKNOWN：当前所用资料未给出该项型号实现,2026-07-08互动易原句称公司研发和生产，自用于光传输设备；逐型号阶段未列, | P192｜现有points命中引语｜corpus/qa/000063/qa.jsonl#indexId=2266884917732925440；irm.cninfo.com.cn 互动易(准披露渠道),原账本检索2026-07-27；资料发布日期未核,2026-10-03,资料对象：自研自用/相干传输产品族；100G/400G/800G是同一相干族列表，不能用800G DSP主张补所有档位参数。；用于服务器等数据通信的光模块为对外采购，未登记为中兴自产数通产品。
R81,中兴通讯,整模块（型号/产品族/演示版本见范围）,既有摘录/产品族,OTN 800G可插拔相干光模块,UNKNOWN：现有引语未列具体料号,UNKNOWN：当前所用资料未给出该项型号实现,800G OTN相干长距光传输；光调制平台未列,长距用途；公里数未列,搭载中兴自研相干DSP；型号/工艺未列,UNKNOWN：当前所用资料未给出该项型号实现,UNKNOWN：当前所用资料未给出该项型号实现,UNKNOWN：当前所用资料未给出该项型号实现,可插拔；具体封装未列,UNKNOWN：当前所用资料未给出该项型号实现,2026-07-08互动易原句称公司研发和生产，自用于光传输设备；逐型号阶段未列, | P192｜现有points命中引语｜corpus/qa/000063/qa.jsonl#indexId=2266884917732925440；irm.cninfo.com.cn 互动易(准披露渠道),原账本检索2026-07-27；资料发布日期未核,2026-10-03,资料对象：自研自用/相干传输产品族；100G/400G/800G是同一相干族列表，不能用800G DSP主张补所有档位参数。；用于服务器等数据通信的光模块为对外采购，未登记为中兴自产数通产品。
R82,锐捷网络,整模块（型号/产品族/演示版本见范围）,既有摘录/产品族,400G LPO光模块,UNKNOWN：现有引语未列具体料号,UNKNOWN：当前所用资料未给出该项型号实现,400G族；PMD/光子平台未列,UNKNOWN：当前所用资料未给出该项型号实现,厂商明确LPO线性架构；线性驱动/接收器件与主机分工未列,UNKNOWN：当前所用资料未给出该项型号实现,UNKNOWN：当前所用资料未给出该项型号实现,UNKNOWN：当前所用资料未给出该项型号实现,UNKNOWN：当前所用资料未给出该项型号实现,UNKNOWN：当前所用资料未给出该项型号实现,2026-07-10互动易原句称已规模量产交付；本轮未重核当日状态, | P187｜现有points命中引语｜corpus/qa/301165/qa.jsonl#indexId=2301891159369191424；irm.cninfo.com.cn 互动易(准披露渠道),原账本检索2026-07-27；资料发布日期未核,2026-10-03,资料对象：自研/数通LPO产品族；与其交换机/整体网络方案配套销售；不把系统采购或ODM猜测代替自研原句。；LPO标签未给出EML/SiPh、lane配置或Driver/TIA型号。
R83,锐捷网络,整模块（型号/产品族/演示版本见范围）,既有摘录/产品族,800G高速光模块,UNKNOWN：现有引语未列具体料号,UNKNOWN：当前所用资料未给出该项型号实现,800G族；未给PMD、光子平台或线性架构,UNKNOWN：当前所用资料未给出该项型号实现,UNKNOWN：当前所用资料未给出该项型号实现,UNKNOWN：当前所用资料未给出该项型号实现,UNKNOWN：当前所用资料未给出该项型号实现,UNKNOWN：当前所用资料未给出该项型号实现,UNKNOWN：当前所用资料未给出该项型号实现,UNKNOWN：当前所用资料未给出该项型号实现,2026-07-10原句称样机小规模适配；不继承400G量产阶段, | P187｜现有points命中引语｜corpus/qa/301165/qa.jsonl#indexId=2301891159369191424；irm.cninfo.com.cn 互动易(准披露渠道),原账本检索2026-07-27；资料发布日期未核,2026-10-03,资料对象：自研/数通样机产品族；该回答只将400G明确标LPO；没有证据把800G也标为LPO。
R84,四川光恒通信技术有限公司,整模块（型号/产品族/演示版本见范围）,产品族披露,800G OSFP DR8,UNKNOWN：所核页未取得完整料号,8×106.25Gb/s PAM4，53.125GBd,8×106.25Gb/s PAM4；G.652单模,500m，G.652 SMF，需KP-FEC,UNKNOWN：当前所用资料未给出该项型号实现,UNKNOWN：当前所用资料未给出该项型号实现,UNKNOWN：当前所用资料未给出该项型号实现,UNKNOWN：当前所用资料未给出该项型号实现,OSFP；双MPO-12,<16W；3.3V；壳温0–70°C,本轮原厂产品页/指南登记；未给当前量产或订单验收,https://www.cnsunstar.com/chanpinzhongxin/9.html | 四川光恒｜800G OSFP DR8产品特性,网页未标资料日；2026-10-03回读,2026-10-03,资料对象：本轮原厂资料/产品族；订货信息为图片，本轮未取得型号文本；没有把标题当料号。；页面未列EML/SiPh/激光器结构、DSP、PD/TIA；不从公司COB/BOX能力补本模块采用。
R85,四川光恒通信技术有限公司,整模块（型号/产品族/演示版本见范围）,产品族披露,800G OSFP SR8,UNKNOWN：所核页未取得完整料号,UNKNOWN：当前所用资料未给出该项型号实现,800G SR8短距产品族；具体光lane参数未列,UNKNOWN：当前所用资料未给出该项型号实现,UNKNOWN：当前所用资料未给出该项型号实现,UNKNOWN：当前所用资料未给出该项型号实现,UNKNOWN：当前所用资料未给出该项型号实现,UNKNOWN：当前所用资料未给出该项型号实现,OSFP,UNKNOWN：当前所用资料未给出该项型号实现,本轮原厂产品页/指南登记；未给当前量产或订单验收,https://www.cnsunstar.com/jiejuefangan/5.html | 四川光恒｜数据中心方案产品族清单,网页未标资料日；2026-10-03回读,2026-10-03,资料对象：本轮原厂资料/产品族；仅数据中心解决方案列表支持该族；未取得型号详情，不从SR8标题自动填写VCSEL或PIN。
R86,四川光恒通信技术有限公司,整模块（型号/产品族/演示版本见范围）,产品族披露,800G QSFP-DD DR8,UNKNOWN：所核页未取得完整料号,UNKNOWN：当前所用资料未给出该项型号实现,800G DR8短距产品族；具体光lane参数未列,UNKNOWN：当前所用资料未给出该项型号实现,UNKNOWN：当前所用资料未给出该项型号实现,UNKNOWN：当前所用资料未给出该项型号实现,UNKNOWN：当前所用资料未给出该项型号实现,UNKNOWN：当前所用资料未给出该项型号实现,QSFP-DD,UNKNOWN：当前所用资料未给出该项型号实现,本轮原厂产品页/指南登记；未给当前量产或订单验收,https://www.cnsunstar.com/jiejuefangan/5.html | 四川光恒｜数据中心方案产品族清单,网页未标资料日；2026-10-03回读,2026-10-03,资料对象：本轮原厂资料/产品族；与OSFP DR8是两个封装族，不继承OSFP页的双MPO12、功耗与接收器件。
R87,四川光恒通信技术有限公司,整模块（型号/产品族/演示版本见范围）,产品族披露,400G QSFP-DD DR4/FR4（配置未逐版配对）,UNKNOWN：所核页未取得完整料号,8×53.125Gb/s PAM4,4×106.25Gb/s PAM4；DR4/FR4并列,页面列最高2km G.652/KP-FEC；不能据此把DR4定为2km,UNKNOWN：当前所用资料未给出该项型号实现,UNKNOWN：当前所用资料未给出该项型号实现,UNKNOWN：当前所用资料未给出该项型号实现,UNKNOWN：当前所用资料未给出该项型号实现,QSFP-DD；本页未列外部连接器文本,页面列<8W、3.3V、0–70°C；未逐版配对,本轮原厂产品页/指南登记；未给当前量产或订单验收,https://www.cnsunstar.com/chanpinzhongxin/13.html | 四川光恒｜400G QSFP-DD DR4/FR4合并页,网页未标资料日；2026-10-03回读,2026-10-03,资料对象：本轮原厂资料/产品族；标题合列DR4/FR4，页内参数没有逐版映射；型号、光源、合分波器及光口对应仍未知。
R88,四川光恒通信技术有限公司,整模块（型号/产品族/演示版本见范围）,产品族披露,400G QSFP112 DR4,UNKNOWN：所核页未取得完整料号,UNKNOWN：当前所用资料未给出该项型号实现,400G DR4；目录列聚合最高425Gb/s,500m G.652 SMF（目录摘要）,UNKNOWN：当前所用资料未给出该项型号实现,UNKNOWN：当前所用资料未给出该项型号实现,UNKNOWN：当前所用资料未给出该项型号实现,UNKNOWN：当前所用资料未给出该项型号实现,QSFP112,UNKNOWN：当前所用资料未给出该项型号实现,本轮原厂产品页/指南登记；未给当前量产或订单验收,https://www.cnsunstar.com/chanpinzhongxin.html?cid=8 | 四川光恒｜模块目录中400G QSFP112 DR4标签,网页未标资料日；2026-10-03回读,2026-10-03,资料对象：本轮原厂资料/产品族；只回读目录标签，未取得该详情的订货表或内部器件；不借QSFP-DD页补实现。
R89,四川光恒通信技术有限公司,整模块（型号/产品族/演示版本见范围）,产品族披露,200G QSFP56 SR4；100G QSFP28 DR1/FR1,UNKNOWN：所核页未取得完整料号,UNKNOWN：当前所用资料未给出该项型号实现,数据中心列表中两个速率/封装族；内部路线未列,UNKNOWN：当前所用资料未给出该项型号实现,UNKNOWN：当前所用资料未给出该项型号实现,UNKNOWN：当前所用资料未给出该项型号实现,UNKNOWN：当前所用资料未给出该项型号实现,UNKNOWN：当前所用资料未给出该项型号实现,200G QSFP56；100G QSFP28,UNKNOWN：当前所用资料未给出该项型号实现,本轮原厂产品页/指南登记；未给当前量产或订单验收,https://www.cnsunstar.com/jiejuefangan/5.html | 四川光恒｜数据中心方案产品族清单,网页未标资料日；2026-10-03回读,2026-10-03,资料对象：本轮原厂资料/产品族；导航级族卡，非一件多速率产品；两类模块不共用推定BOM。
R90,四川光恒通信技术有限公司,整模块（型号/产品族/演示版本见范围）,产品族披露,100G QSFP28 LR4/ER4/ZR4（版本未配对）,UNKNOWN：所核页未取得完整料号,UNKNOWN：当前所用资料未给出该项型号实现,聚合103.125Gb/s；LAN-WDM EML方案；页面配置未逐LR/ER/ZR映射,页面列最高80km G.652；不是每个LR4/ER4版本都80km,页面列4通道CDR；具体芯片未列,页面列LAN-WDM EML；不能强配所有距离版,LAN-WDM波分功能；具体MUX/DEMUX工艺未列,页面列PIN＋SOA；TIA未列，配置未逐版对应,QSFP28；页面列BIDI LC（待逐型号确认）,3.3V；0–70°C；功耗未列,本轮原厂产品页/指南登记；未给当前量产或订单验收,https://www.cnsunstar.com/chanpinzhongxin/10.html | 四川光恒｜100G QSFP28 LR4/ER4/ZR4合并页,网页未标资料日；2026-10-03回读,2026-10-03,资料对象：本轮原厂资料/产品族；LR4/ER4/ZR4合并标题与BIDI LC、SOA配置需型号数据表配对；保留页面原列，未拼成单一SKU。
R91,四川光恒通信技术有限公司,整模块（型号/产品族/演示版本见范围）,产品族披露,50G/10G/2.5G三模PON OLT,UNKNOWN：所核页未取得完整料号,UNKNOWN：当前所用资料未给出该项型号实现,50G-PON：1342nm下行49.7664G/1286nm上行24.8832G；XGS：1577/1270nm、9.953G；GPON：1490nm 2.488G/1310nm 1.244G,UNKNOWN：当前所用资料未给出该项型号实现,UNKNOWN：当前所用资料未给出该项型号实现,50G和XGS发射EML；GPON发射DFB,单纤双向，多制式波长配置；具体滤波/合分波器件未列,三路接收均列APD-TIA；材料、型号与集成位置未列,SFP-DD；单纤双向，光连接器未列,UNKNOWN：当前所用资料未给出该项型号实现,本轮原厂产品页/指南登记；未给当前量产或订单验收,https://www.cnsunstar.com/chanpinzhongxin/17.html | 四川光恒｜50G PON OLT SFP-DD三模产品特性,网页未标资料日；2026-10-03回读,2026-10-03,资料对象：本轮原厂产品页/PON接入；上下行不对称，不能把产品名50G写成双向各50G。；三制式有各自光源/波长/接收配置；电接口lane、距离、功耗与料号仍未知。
R92,泰科电子(含关联方),整模块（型号/产品族/演示版本见范围）,产品族披露,800G OSFP-IHS SR8,2500927-1,8×53.125GBd PAM4；800GAUI-8,8×53.125GBd PAM4；800G-SR8,OM3 60m；OM4/OM5 100m,UNKNOWN：当前所用资料未给出该项型号实现,UNKNOWN：当前所用资料未给出该项型号实现,UNKNOWN：当前所用资料未给出该项型号实现,UNKNOWN：当前所用资料未给出该项型号实现,OSFP-IHS,<15W；0–70°C,本轮原厂产品页/指南登记；未给当前量产或订单验收,https://www.te.com/content/dam/te-com/documents/consumer-devices/global/ddn-optical-transceivers-guide-en.pdf | TE Optics Solution Guide｜800G SR8模块详情｜PDF第3页,2025-09（封底09-25）；2026-10-03回读,2026-10-03,资料对象：本轮原厂资料/产品族；该三种封装分别有料号和详情；指南未列它们的VCSEL/PIN/DSP器件型号。；CMIS5.0是管理规范，不证明某个MCU、存储或光电芯片被采用。
R93,泰科电子(含关联方),整模块（型号/产品族/演示版本见范围）,产品族披露,800G OSFP-RHS SR8,2500932-1,8×53.125GBd PAM4；800GAUI-8,8×53.125GBd PAM4；800G-SR8,OM3 60m；OM4/OM5 100m,UNKNOWN：当前所用资料未给出该项型号实现,UNKNOWN：当前所用资料未给出该项型号实现,UNKNOWN：当前所用资料未给出该项型号实现,UNKNOWN：当前所用资料未给出该项型号实现,OSFP-RHS,<15W；0–70°C,本轮原厂产品页/指南登记；未给当前量产或订单验收,https://www.te.com/content/dam/te-com/documents/consumer-devices/global/ddn-optical-transceivers-guide-en.pdf | TE Optics Solution Guide｜800G SR8模块详情｜PDF第4页,2025-09（封底09-25）；2026-10-03回读,2026-10-03,资料对象：本轮原厂资料/产品族；该三种封装分别有料号和详情；指南未列它们的VCSEL/PIN/DSP器件型号。；CMIS5.0是管理规范，不证明某个MCU、存储或光电芯片被采用。
R94,泰科电子(含关联方),整模块（型号/产品族/演示版本见范围）,产品族披露,800G QSFP-DD SR8,2500931-1,8×53.125GBd PAM4；800GAUI-8,8×53.125GBd PAM4；800G-SR8,OM3 60m；OM4/OM5 100m,UNKNOWN：当前所用资料未给出该项型号实现,UNKNOWN：当前所用资料未给出该项型号实现,UNKNOWN：当前所用资料未给出该项型号实现,UNKNOWN：当前所用资料未给出该项型号实现,QSFP-DD,<15W；0–70°C,本轮原厂产品页/指南登记；未给当前量产或订单验收,https://www.te.com/content/dam/te-com/documents/consumer-devices/global/ddn-optical-transceivers-guide-en.pdf | TE Optics Solution Guide｜800G SR8模块详情｜PDF第4页,2025-09（封底09-25）；2026-10-03回读,2026-10-03,资料对象：本轮原厂资料/产品族；该三种封装分别有料号和详情；指南未列它们的VCSEL/PIN/DSP器件型号。；CMIS5.0是管理规范，不证明某个MCU、存储或光电芯片被采用。
R95,泰科电子(含关联方),整模块（型号/产品族/演示版本见范围）,产品族披露,400G QSFP56-DD SR8,2500930-1,UNKNOWN：当前所用资料未给出该项型号实现,聚合425Gb/s；SR8多模族,OM3 70m；OM4/OM5 100m,UNKNOWN：当前所用资料未给出该项型号实现,UNKNOWN：当前所用资料未给出该项型号实现,UNKNOWN：当前所用资料未给出该项型号实现,UNKNOWN：当前所用资料未给出该项型号实现,QSFP56-DD；MPO16,<10W；0–70°C,本轮原厂产品页/指南登记；未给当前量产或订单验收,https://www.te.com/content/dam/te-com/documents/consumer-devices/global/ddn-optical-transceivers-guide-en.pdf | TE Optics Solution Guide｜400G SR8模块详情｜PDF第4页,2025-09（封底09-25）；2026-10-03回读,2026-10-03,资料对象：本轮原厂资料/产品族；电lane结构、光源和PD/TIA未在该详情列出；不从同页800G参数复制。
R96,泰科电子(含关联方),整模块（型号/产品族/演示版本见范围）,产品族披露,400G QSFP112 SR4,2500929-1,指南列4×53.125GBd PAM4，但接口名写800GAUI-8；标注矛盾待确认,标题SR4；同栏光口另写800G-SR8，与产品标题不一致,OM3 60m；OM4/OM5 100m,UNKNOWN：当前所用资料未给出该项型号实现,UNKNOWN：当前所用资料未给出该项型号实现,UNKNOWN：当前所用资料未给出该项型号实现,UNKNOWN：当前所用资料未给出该项型号实现,QSFP112；MPO12/APC（指南）,<9W；0–70°C,本轮原厂产品页/指南登记；未给当前量产或订单验收,https://www.te.com/content/dam/te-com/documents/consumer-devices/global/ddn-optical-transceivers-guide-en.pdf | TE Optics Solution Guide｜400G SR4模块详情｜PDF第5页,2025-09（封底09-25）；2026-10-03回读,2026-10-03,资料对象：本轮原厂资料/产品族；指南同栏电/光接口标签与400G标题不一致；本卡不擅自改写为已证正确接口。
R97,泰科电子(含关联方),整模块（型号/产品族/演示版本见范围）,产品族披露,200G QSFP56 SR4,2500928-1,200GAUI-4；聚合212.5Gb/s（指南）；每电lane速率未另列,200GBASE-SR4；四路全双工,OM3 70m/OM4 100m（需FEC）,UNKNOWN：当前所用资料未给出该项型号实现,UNKNOWN：当前所用资料未给出该项型号实现,UNKNOWN：当前所用资料未给出该项型号实现,UNKNOWN：当前所用资料未给出该项型号实现,QSFP56；MPO12/UPC,<4.5W；0–70°C,本轮原厂产品页/指南登记；未给当前量产或订单验收,https://www.te.com/content/dam/te-com/documents/consumer-devices/global/ddn-optical-transceivers-guide-en.pdf | TE Optics Solution Guide｜200G SR4模块详情｜PDF第5页,2025-09（封底09-25）；2026-10-03回读,2026-10-03,资料对象：本轮原厂资料/产品族；产品资料登记不等于逐型号量产；器件型号、供应商与制造工艺未列不补造。
R98,泰科电子(含关联方),AOC有源光缆,产品族披露,800G OSFP AOC,2497177-1至-8（1/2/3/5/10/15/20/30m）,800GAUI-8；每通道最高106Gb/s PAM4,850nm多模有源光缆；具体端内lane配对未给,订货长度1–30m,UNKNOWN：当前所用资料未给出该项型号实现,集成850nm VCSEL阵列,UNKNOWN：当前所用资料未给出该项型号实现,集成PD阵列；结构/材料、TIA未列,OSFP两端AOC,3.3V；该段未列功耗,本轮原厂产品页/指南登记；未给当前量产或订单验收,https://www.te.com/content/dam/te-com/documents/consumer-devices/global/ddn-optical-transceivers-guide-en.pdf | TE Optics Solution Guide｜800G OSFP AOC详情与长度料号｜PDF第7页,2025-09（封底09-25）；2026-10-03回读,2026-10-03,资料对象：本轮原厂指南/AOC；AOC长度后缀为指南登记，非1–30m每米一种料号；没有将分支AOC功耗复制到直连AOC。
R99,泰科电子(含关联方),整模块（型号/产品族/演示版本见范围）,产品族披露,1.6T OSFP 2×DR4 SiPh,UNKNOWN：概览图料号与该标签未可靠配对,UNKNOWN：当前所用资料未给出该项型号实现,1.6T；2×DR4,UNKNOWN：当前所用资料未给出该项型号实现,UNKNOWN：当前所用资料未给出该项型号实现,SiPh硅光（概览标签）；激光器未列,UNKNOWN：当前所用资料未给出该项型号实现,UNKNOWN：当前所用资料未给出该项型号实现,OSFP,UNKNOWN：当前所用资料未给出该项型号实现,本轮原厂产品页/指南登记；未给当前量产或订单验收,https://www.te.com/content/dam/te-com/documents/consumer-devices/global/ddn-optical-transceivers-guide-en.pdf | TE Optics Solution Guide｜产品组合概览中的SiPh标签｜PDF第2页,2025-09（封底09-25）；2026-10-03回读,2026-10-03,资料对象：本轮原厂指南/概览产品族；本轮PDF文本取回可见产品标签；概览图中的具体料号未可靠配对，不能借SR8详情补通道/功耗/距离。
R100,泰科电子(含关联方),整模块（型号/产品族/演示版本见范围）,产品族披露,800G OSFP-RHS DR8 LPO,UNKNOWN：概览图料号与该标签未可靠配对,UNKNOWN：当前所用资料未给出该项型号实现,800G DR8,UNKNOWN：当前所用资料未给出该项型号实现,LPO线性架构（概览标签）；具体驱动/接收芯片及主机分工未列,UNKNOWN：当前所用资料未给出该项型号实现,UNKNOWN：当前所用资料未给出该项型号实现,UNKNOWN：当前所用资料未给出该项型号实现,OSFP-RHS,UNKNOWN：当前所用资料未给出该项型号实现,本轮原厂产品页/指南登记；未给当前量产或订单验收,https://www.te.com/content/dam/te-com/documents/consumer-devices/global/ddn-optical-transceivers-guide-en.pdf | TE Optics Solution Guide｜产品组合概览中的LPO标签｜PDF第2页,2025-09（封底09-25）；2026-10-03回读,2026-10-03,资料对象：本轮原厂指南/概览LPO产品族；LPO与800G SR8常规模块是不同配置；不复制SR8通道、光源、功耗和距离。
R101,Applied Optoelectronics(AAOI),整模块（型号/产品族/演示版本见范围）,产品族披露,800G OSFP DR8,A8SMANQ8EDLA1677,8×100G；3.3V供电；电接口内部处理未列。,8路PAM4，53.125GBd；同波长并行SMF。,500m。,UNKNOWN（本次所核来源未披露）,发射波段1304.5–1317.5nm；EML/DFB/CW+SiPh实现UNKNOWN。,并行光接口；内部合分波实现未披露。,PAM4接收规格；PD类型和TIA UNKNOWN。,OSFP，双MPO-12 APC，0–70°C。,15W max表值；封面写<15W。,公开datasheet/可订型号；该型号具体出货阶段未披露。,"https://ao-inc.com/assets/resources-element-files/English/800G_OSFP_DR8_datasheet.pdf | AOI 800G OSFP DR8 datasheet，RD-4039A / 80-21-1629 A001
https://ao-inc.com/products/optical-transceivers/ | AOI Optical Transceivers（当前公开目录）","UNKNOWN（PDF未列发布日期）
UNKNOWN",2026-10-03,资料对象：数通模块；原厂资料主张；不等于独立测试或客户验收。；封面及光学表写1311nm，订购表写1331nm；保留原厂冲突。；不把公司整体自产激光器能力写成此型号已采用某种自产EML。
R102,Applied Optoelectronics(AAOI),整模块（型号/产品族/演示版本见范围）,产品族披露,1.6T 数据中心收发模块产品族,UNKNOWN（订单公告未列SKU）,1.6T总速率；通道配置未列。,1.6T总速率；DR/FR、光学通道未列。,UNKNOWN（本次所核来源未披露）,UNKNOWN（本次所核来源未披露）,UNKNOWN（本次所核来源未披露）,UNKNOWN（本次所核来源未披露）,UNKNOWN（本次所核来源未披露）,UNKNOWN（本次所核来源未披露）,UNKNOWN（本次所核来源未披露）,2026-03-09公司称收到首个批量订单；不等于已完成发货。,"https://newsroom.ao-inc.com/news-releases/aoi-receives-first-volume-order-of-1-6t-data-center-transceivers-from-major-hyperscale-customer/ | AOI Receives First Volume Order of 1.6T Data Center Transceivers
https://ao-inc.com/products/optical-transceivers/ | AOI Optical Transceivers（当前公开目录）","2026-03-09
UNKNOWN",2026-10-03,资料对象：数通模块；原厂资料主张；不等于独立测试或客户验收。；订单未披露PMD、封装、光源、DSP或型号，不能把800G DR8的规格搬到1.6T。
R103,Cisco,整模块（型号/产品族/演示版本见范围）,产品族披露,800G OSFP DR8,OSFP-800G-DR8,800GAUI-8；支持800GE及2×400/4×200/8×100 breakout。,8对并行SMF，每路单波长1310nm。,500m。,DSP/retimer型号UNKNOWN；FEC由主机完成不等于无DSP。,1310nm；激光/调制平台UNKNOWN。,并行接口；内部实现UNKNOWN。,PD/TIA UNKNOWN。,OSFP IHS；双MPO-12 APC；CMIS5.3、VDM。,14.2W typ；16W/17W max，VDM条件见表脚注。,公开产品及订购表、Cisco平台支持；本轮未核实际出货量。,"https://www.cisco.com/c/en/us/products/collateral/interfaces-modules/transceiver-modules/osfp-800g-transceiver-modules-ds.html | Cisco OSFP 800G Transceiver Modules Data Sheet
https://www.cisco.com/c/en/us/products/interfaces-modules/transceiver-modules/datasheet-listing.html | Cisco Transceiver Modules — Data Sheets","2026-01-05
UNKNOWN（目录列各文档更新日期）",2026-10-03,资料对象：数通模块；原厂资料主张；不等于独立测试或客户验收。
R104,Cisco,整模块（型号/产品族/演示版本见范围）,产品族披露,800G ZR+ OSFP DCO C-band,DP08SFP8-ZRB-A2,100/200/400/800GE client；电通道数量未列。,可调C-band单光载波；800G OpenROADM PCS/16QAM。,800G ZR+ >1000km放大DWDM；依赖线系统及损耗。,相干DCO；DSP型号/制程UNKNOWN。,可调谐C-band光学；具体激光和PIC材料UNKNOWN。,单载波入DWDM线系统；模块内合分波器件UNKNOWN。,相干接收；PD/TIA/混频器细节UNKNOWN。,OSFP，duplex LC，-5–75°C。,OSFP power class 8；未给此SKU具体W值。,2026-07-13 datasheet及订购表可见；未以目录证明批量交付。,"https://www.cisco.com/c/en/us/products/collateral/interfaces-modules/transceiver-modules/qsfp-dd-osfp-800g-zr-zr-plus-coherent-optics.html | Cisco QSFP-DD and OSFP 800G ZR/ZR+ Coherent Optics Modules Data Sheet
https://www.cisco.com/c/en/us/products/interfaces-modules/transceiver-modules/datasheet-listing.html | Cisco Transceiver Modules — Data Sheets","2026-07-13
UNKNOWN（目录列各文档更新日期）",2026-10-03,资料对象：相干模块；原厂资料主张；不等于独立测试或客户验收。
R105,Cisco,整模块（型号/产品族/演示版本见范围）,产品族披露,800G LPO 与1.6T OSFP新产品族,UNKNOWN（本次IR材料未列SKU）,800G/1.6T总速率；电通道未列。,SiPh硅光平台；光PMD未列。,UNKNOWN（本次所核来源未披露）,800G为LPO；1.6T电处理细节未列。,Cisco Silicon Photonics；激光结构与颗数UNKNOWN。,UNKNOWN（本次所核来源未披露）,UNKNOWN（本次所核来源未披露）,1.6T明确OSFP；800G LPO封装未在IR摘要列。,UNKNOWN（本次所核来源未披露）,2026-02-11财报材料称新发布。,https://investor.cisco.com/files/doc_financials/2026/q2/Q2-26-Earnings-Slides.pdf | Cisco Q2 FY2026 Summary — new 1.6T OSFP and 800G LPO,2026-02-11,2026-10-03,资料对象：数通模块；原厂资料主张；不等于独立测试或客户验收。；SiPh和LPO只绑定此次新产品族，不能套到所有Cisco 800G SKU。
R106,Ciena,整模块（型号/产品族/演示版本见范围）,产品族披露,WL6n Enhanced OSFP800 C-band,176-639x-9xx（族号；完整SKU未定）,面向400/800GbE；电通道数量未列。,800ZR 118GBd16QAM；ZR+ 131GBd PCS；PKT-MAX135GBd。,800ZR120km；16QAM模式500km；PCS模式800G1000km，模式不可混用。,WL6n，3nm CMOS coherent DSP；OFEC/SFEC按模式。,SOA-on-SiP异质集成；独立激光类型/颗数未列。,C-band DWDM；模块内合分波工艺未列。,相干接收；独立PD/TIA细节未列。,OSFP800，CMIS；连接器未在本infobrief列。,UNKNOWN（本次所核来源未披露）,现有CL065：2025-12-11管理层称WL6n 800G初始收入出货；不等于此族号逐SKU确认。,"https://www.ciena.com/__data/assets/pdf_file/0033/164499/wavelogic-6-nano-400g800g-enhanced-pluggable-transceivers_IB.pdf | WL6n 400G–800G Enhanced Pluggable Transceivers，IB232
https://www.ciena.com/products/wavelogic/wavelogic-6/wavelogic-6-nano | Ciena WaveLogic 6 Nano（当前产品族）
https://s25.q4cdn.com/550667411/files/doc_financials/2025/q4/Cienas-Fiscal-4th-Quarter-and-Year-End-2025-Financial-Results-Conference-Call.pdf | Ciena FY2025 Q4 earnings call；现有CL065原锚，未本轮重开","2026-01
UNKNOWN
2025-12-11",2026-10-03,资料对象：相干模块；原厂资料主张；不等于独立测试或客户验收。；电话会阶段来自当前账本已核原锚，本轮未重开逐字稿。；不得把Enhanced的SOA-on-SiP套到所有WL5n或Coherent-Lite。
R107,Ciena,整模块（型号/产品族/演示版本见范围）,产品族披露,WL6n 1.6T Coherent-Lite,UNKNOWN（产品族，无精确订购号）,8×224G SerDes；400/800/1.6TbE clients。,双800LR载波，合计1.6T；124GBd16QAM、BCH2。,O-band20km、C-band最高300km；2km fabric亦为设计用途。,3nm单DSP集成双800LR数据路径。,双PIC；PIC材料和激光类型/颗数未列。,双波长；支持O/C带WDM，内部MUX工艺未列。,双相干路径；PD/TIA细节未列。,OSFP；具体连接器未列。,仅称与IM-DD相当，无可核W值。,2025-03 infobrief计划2026H1可用；当前产品页列出，兑现阶段UNKNOWN。,"https://www.ciena.com/__data/assets/pdf_file/0038/159878/WaveLogic_6_Nano_1.6T_Coherent-Lite_Pluggable_Transceiver_IB.pdf | WL6n 1.6T Coherent-Lite Pluggable Transceiver，IB222
https://www.ciena.com/products/wavelogic/wavelogic-6/wavelogic-6-nano | Ciena WaveLogic 6 Nano（当前产品族）","2025-03
UNKNOWN",2026-10-03,资料对象：相干模块；原厂资料主张；不等于独立测试或客户验收。；计划日期已过不证明实际GA/交付；不能将WL6n 800G收入出货自动移给1.6T Coherent-Lite。
R108,Nokia,整模块（型号/产品族/演示版本见范围）,产品族披露,ICE-X 800G ZR/ZR+,ICE-X 800G（族；精确PN UNKNOWN）,800GAUI-8；支持100/200/400/800GE clients。,200–800G；16QAM/PCS/QPSK，60–135GBd按模式。,产品页称800G1700+km；各模式/CD reach表另有不同距离，不能合并为统一保证。,Nokia自研3nm CMOS DSP，DAC/ADC。,自研ICTR140 TROSA，InP单片集成；激光结构未列。,C/L带可调单载波；线路DWDM不等于内部多波长MUX。,ICTR140相干收发组件；PD/TIA细分UNKNOWN。,QSFP-DD800或OSFP；CMIS5.2/C-CMIS1.3；连接器未在本表明确。,OSFP C-temp稳态表列30W；规格标Preliminary。,现有CL051：2025Q3称800G相干可插拔GA并开始向美国客户发货；未逐ICE-X SKU对齐。,"https://www.nokia.com/asset/f/214587/ | ICE-X 800G ZR/ZR+ OSFP/QSFP-DD800，CID214587
https://www.nokia.com/optical-networks/icex-800g-zr-zr-plus/ | Nokia ICE-X 800G ZR/ZR+
https://www.nokia.com/optical-networks/pse-100-400-800g-pluggable-coherent-optics/ | Nokia PSE 100G/400G coherent pluggables（含当前光引擎目录）
https://www.nokia.com/newsroom/nokia-corporation-interim-report-for-q3-2025-789295/ | Nokia Q3 2025 report；现有CL051原锚，未本轮重开","2025-12
UNKNOWN
UNKNOWN
2025-10-23",2026-10-03,资料对象：相干模块；原厂资料主张；不等于独立测试或客户验收。；CID214587关键技术表为Preliminary，客户具体配置和模式需回核。；电话会/财报阶段来自当前账本原锚，本轮未重开财报；不是独立客户证据。
R109,Nokia,整模块（型号/产品族/演示版本见范围）,产品族披露,PSE 100G ZR,QDCO1,100GE/OTN；电通道细分未列。,100G可调WDM，28GBd。,无放大80km；单跨放大120km；多跨放大300km。,DCO；具体DSP型号未列。,UNKNOWN（本次所核来源未披露）,UNKNOWN（本次所核来源未披露）,UNKNOWN（本次所核来源未披露）,QSFP28。,<6W。,当前官网产品目录可见；实际销量未核。,https://www.nokia.com/optical-networks/pse-100-400-800g-pluggable-coherent-optics/ | Nokia PSE 100G/400G coherent pluggables（含当前光引擎目录）,UNKNOWN,2026-10-03,资料对象：相干模块；原厂资料主张；不等于独立测试或客户验收。；低速100G配置不能移给ICE-X 800G。
R110,Credo,整模块（型号/产品族/演示版本见范围）,产品族披露,800G 2×DR4 ZeroFlap,UNKNOWN（按族列，未给PN）,800G；电通道未在所核目录/GA公告列。,2×DR4，1310nm，parallel SMF。,500m。,具体DSP和retiming实现未列；ZeroFlap/PILOT遥测不等于DSP型号。,UNKNOWN（本次所核来源未披露）,并行光接口；内部实现UNKNOWN。,UNKNOWN（本次所核来源未披露）,OSFP RHS或IHS；双MPO-12 APC。,UNKNOWN（本次所核来源未披露）,2026-03-17公司宣布800G 2×DR4一般可用（GA）。,"https://credosemi.com/products/zeroflap-optical-transceivers/ | Credo ZeroFlap Optical Transceivers（当前目录）
https://investors.credosemi.com/news-events/news/news-details/2026/Credo-Launches-800G-ZeroFlap-Optical-Transceivers-Engineered-for-AI-Networks/default.aspx | Credo Launches 800G ZeroFlap Optical Transceivers","UNKNOWN
2026-03-17",2026-10-03,资料对象：数通模块；原厂资料主张；不等于独立测试或客户验收。；GA不是客户规模采用或销量证据；光源、PD/TIA、功耗均未在所核两源列。
R111,Credo,整模块（型号/产品族/演示版本见范围）,产品族披露,1.6T 2×FR4 ZeroFlap,UNKNOWN（目录无PN）,1.6T；lane配置未列。,2×FR4；目录波长统一填1310nm，完整四波长表未给。,2km。,UNKNOWN（本次所核来源未披露）,UNKNOWN（本次所核来源未披露）,FR4波分接口已知，内部MUX/DEMUX工艺UNKNOWN。,UNKNOWN（本次所核来源未披露）,OSFP IHS/RHS；双duplex LC。,UNKNOWN（本次所核来源未披露）,当前公开目录列出；800G GA不能移给此1.6T族。,https://credosemi.com/products/zeroflap-optical-transceivers/ | Credo ZeroFlap Optical Transceivers（当前目录）,UNKNOWN,2026-10-03,资料对象：数通模块；原厂资料主张；不等于独立测试或客户验收。；目录把FR4 Fiber Type写Parallel SMF、波长写1310nm，疑为通用模板；保留已知接口，不将模板当完整光学BOM。
R112,ADTRAN,整模块（型号/产品族/演示版本见范围）,产品族披露,LiteWave800,LiteWave800（具体PN UNKNOWN）,800G，依赖主机ASIC；细分电lane未列。,DR8，100G-DR-LPO光接口。,本产品资料未明确保证距离；100G-DR-LPO标准的500m不自动当产品实测。,LPO，消除模块DSP。,SM-VCSEL单模VCSEL＋自研低功耗电路；非通常多模850nm VCSEL定义。,DR8并行；内部光路未公开。,具体PD/TIA UNKNOWN。,OSFP；CMIS-VCS；具体光连接器未列。,模块级1pJ/bit为厂家主张；未以算式替代实测W值。,2026-03-10发布并列于当前产品页；未核批量交付。,"https://www.adtran.com/en/products-and-services/litewave800 | ADTRAN LiteWave800
https://www.adtran.com/-/media/adtran/resources/slides/2026/260310-litewave-800.pdf?rev=-1 | ADTRAN LiteWave800 presentation
https://www.adtran.com/de-de/newsroom/press-releases/20260310-adtran-sets-intra-data-center-benchmark-with-all-new-ultra-low-power-litewave800-lpo-module | ADTRAN announces LiteWave800
https://www.adtran.com/en/innovation/pluggable-optics | ADTRAN Pluggable Optics（当前目录）","UNKNOWN
2026-03-10
2026-03-10
UNKNOWN",2026-10-03,资料对象：数通模块；原厂资料主张；不等于独立测试或客户验收。；SM-VCSEL的single-mode光学路线与多模SR模块不同，不能只写通用VCSEL。；未取得精确SKU或同条件功耗/距离测试报告。
R113,Smartoptics,整模块（型号/产品族/演示版本见范围）,产品族披露,800G QSFP-DD 2×DR4,TD8002-S31C-SO,8×106.25G，800GAUI-8；2×400/8×100 breakout。,8路PAM4，53.125GBd，1311nm并行SMF。,500m。,DSP/retimer型号未列；host FEC不证明无DSP。,激光/调制器类型UNKNOWN。,并行接口，内部实现未列。,PAM4接收规格；PD/TIA未列。,QSFP-DD800；双MPO-12 APC；CMIS5.0；0–70°C。,<14W（文档定义为worst case）。,公开datasheet/订购号；未核该SKU销量。,"https://smartoptics.com/wp-content/uploads/2025/02/ds-td8002-s31c-so-qsfp-dd800-800g-2xdr4-r6.1.pdf | Smartoptics TD8002-S31C-SO，R6.1
https://smartoptics.com/products/optical-transceivers/ | Smartoptics Optical Transceivers（当前目录）","UNKNOWN（路径2025-02非文内发布日期）
UNKNOWN",2026-10-03,资料对象：数通模块；原厂资料主张；不等于独立测试或客户验收。；标题/订购表TD8002，正文误写TD8001；表内4×1311nm与正文/订购8路矛盾。；MSA栏误写OSFP、FEC文字亦待核；不据这些模板项改写明确QSFP-DD订购配置。
R114,Smartoptics,整模块（型号/产品族/演示版本见范围）,产品族披露,800G OpenROADM PCS QSFP-DD,TD8006-TUNC-SO（标题；订购表另写TQD006-TUNC-SO）,800GAUI-8及400/200/100G接口；可聚合8×100/4×200/2×400。,800G PCS-131，131.3GBd；400–600G多模式；C-band可调。,文档给色散补偿/OSNR，未给统一实际链路km保证。,DSP framing＋相干双偏振；DSP供应商/制程未列。,可调谐光源/PIC材料和结构UNKNOWN。,DWDM单载波；host流聚合为电复用，不是多颗激光证明。,相干接收；PD/TIA细分未列。,QSFP-DD type2a，LC，CMIS5.3，15–75°C。,800G模式30.0W worst-case，默认CD范围且Muxponder模式；不可视为typ。,公开规格及订购表；本轮未核出货。,"https://smartoptics.com/wp-content/uploads/2025/07/ds-td8006-tunc-so-qsfp-dd800-800g-openroadm-pcs-r6.0.pdf | Smartoptics TD8006-TUNC-SO，R6.0
https://smartoptics.com/products/optical-transceivers/qsfp-dd/ | Smartoptics QSFP-DD 400G/800G
https://smartoptics.com/products/optical-transceivers/ | Smartoptics Optical Transceivers（当前目录）","UNKNOWN（路径2025-07非文内发布日期）
UNKNOWN
UNKNOWN",2026-10-03,资料对象：相干模块；原厂资料主张；不等于独立测试或客户验收。；标题型号和末页订购号冲突未解决；不静默择一。
R115,Jabil,整模块（型号/产品族/演示版本见范围）,产品族披露,1.6T DR8 OSFP IHS,OS8DS3M2Cxx0PAM（订购模式，xx可配置）,8×200G；PAM4 106.25GBd。,8×200G PAM4，1311nm，DR8。,500m；DR8+另型2km。,具体DSP/retimer型号及工艺未在datasheet列。,2025发布平台采用Intel SiPh引擎；独立激光类型/颗数未列。,1311nm并行接口；内部实现未列。,PD/TIA未列。,OSFP IHS flat-top；双MPO-12 APC；RHS/MPO-16有另订购变体。,族规格typ <26W；精确SKU逐温度曲线未给。,2025-04-01发布；当前datasheet有订购模式，未核SKU批量出货。,"https://www.jabil.com/dam/jcr:cec3b44a-6968-41ef-af6e-d2b3901043f7/Jabil_1.6T%20DR8-DR8%2B-2xDR4-2xDR4%2B%20Transceiver%20Datasheet_07.pdf | Jabil 1.6T DR8/DR8+/2xDR4/2xDR4+ datasheet，1.0
https://www.jabil.com/news/jabil-launches-1.6t-pluggable-transceiver.html | Jabil Launches 1.6T Pluggable Transceiver — Intel SiPh platform
https://www.jabil.com/industries/photonics.html | Jabil Photonics（当前产品及服务目录）","2025-01-15（初版；当前PDF版权2026）
2025-04-01
UNKNOWN",2026-10-03,资料对象：数通模块；原厂资料主张；不等于独立测试或客户验收。；Intel SiPh锚针对2025发布的平台；未公开完整SKU到引擎BOM关联。
R116,Jabil,整模块（型号/产品族/演示版本见范围）,产品族披露,1.6T 2×FR4 OSFP,OS8DIRLCCxx0CL4（flat-top；xx可配置）,8×200G PAM4，106.25GBd。,两套4λWDM，1271/1291/1311/1331nm；光113.4375GBd。,2km。,具体DSP/retimer未列；电光baud不同已知，不补造转换芯片。,2025发布平台采用Intel SiPh；此SKU激光结构/颗数未列。,2×FR4波分；MUX/DEMUX工艺UNKNOWN。,PD/TIA未列。,OSFP IHS flat-top，双LC；RHS另号OS8DIRLCCxxSCL4。,typ <26W（产品族）。,原厂datasheet与发布产品族可见；具体SKU交付未核。,"https://www.jabil.com/dam/jcr:568cbd27-8187-4153-ad02-f596479762fc/Jabil_1.6T%202xFR4%20Transceiver%20Datasheet_05.pdf | Jabil 1.6T 2xFR4 datasheet，1.0
https://www.jabil.com/news/jabil-launches-1.6t-pluggable-transceiver.html | Jabil Launches 1.6T Pluggable Transceiver — Intel SiPh platform","2025-01-15
2025-04-01",2026-10-03,资料对象：数通模块；原厂资料主张；不等于独立测试或客户验收。；不能用DR8的单波长/并行光纤或106.25GBd光侧数据替代2×FR4。
R117,Jabil,整模块（型号/产品族/演示版本见范围）,产品族披露,1.6T LRO DR8 OSFP IHS,OL8DS3M2Cxx0PAM（订购模式，xx可配置）,8×200G PAM4，106.25GBd。,8×200G PAM4，1311nm，DR8；DR8+光baud另值。,DR8 500m；DR8+另型2km。,LRO/RTLR，接收线性；具体发射retimer/DSP型号未披露。,激光/PIC平台UNKNOWN（本LRO datasheet未列）。,并行接口；内部实现未列。,线性接收；PD/TIA细分未列。,OSFP IHS flat-top，双MPO-12 APC；MPO-16/RHS有独立订购模式。,11W typ，13W max（产品族）。,2026-03-20初版规格；当前公开目录列出，未核批量交付。,"https://www.jabil.com/dam/jcr:35daa182-ceec-4ce9-a961-79dbb15025db/Jabil_1.6T%20LRO%20DR8-DR8%2B%20Optical%20Transceiver%20Datasheet_04%20(1).pdf | Jabil 1.6T LRO DR8/DR8+ datasheet，1.0
https://www.jabil.com/industries/photonics.html | Jabil Photonics（当前产品及服务目录）","2026-03-20
UNKNOWN",2026-10-03,资料对象：数通模块；原厂资料主张；不等于独立测试或客户验收。；不得把2025全平台Intel SiPh新闻无条件移给2026 LRO新SKU。；封面支持MPO-16，机械描述仍只写双MPO-12；按订购表区分各变体。
R118,Marvell,整模块（型号/产品族/演示版本见范围）,产品族披露,COLORZ 800,COLORZ 800（族；完整SKU UNKNOWN）,800GbE switch/router；电lane未在brief列。,800G单载波120GBd16QAM；C或L带可调。,2024-09 brief为800G最高500km；PCS/当前目录扩到1000km以上，依版本和模式。,5nm Orion coherent DSP。,窄线宽可调激光＋SiPh调制器＋driver。,单载波DWDM；内部合分波工艺未列。,相干接收＋TIA；PD材料/混频器未列。,QSFP-DD或OSFP，SMF duplex LC。,brief未列W值。,当前官方产品目录与brief可见；不据获奖或发布判实际销量。,"https://www.marvell.com/content/dam/marvell/en/public-collateral/optical-modules/marvell-optical-module-colorz-800-zr-zr%2B-product-brief.pdf | Marvell COLORZ 800 product brief
https://www.marvell.com/products/optical-modules.html | Marvell DCI Optical Modules（当前目录）
https://www.marvell.com/company/newsroom/marvell-doubles-reach-of-800Gbps-zr-zrplus-pluggable-modules-with-pcs.html | Marvell Doubles Reach of COLORZ 800 with PCS","2024-09
UNKNOWN
UNKNOWN（本次未回核具体发布日期）",2026-10-03,资料对象：相干模块；原厂资料主张；不等于独立测试或客户验收。；Marvell是完整COLORZ模块提供方，不仅是DSP供应商。；120GBd16QAM旧brief与PCS远距模式应分开，不能合成同一保证配置。
