输入范围,原名,输入ID,读者目录名,目录ID
points,Fabrinet,P001,Fabrinet,C001
points,"Maruwa Co.,Ltd",P002,"Maruwa Co.,Ltd",C053
points,Marvell,P003,Marvell,C105
points,"OharaQuartzCo.,Ltd.",P004,"OharaQuartzCo.,Ltd.",C002
points,三环集团,P005；P080,三环集团,C054
points,上海函泰电子科技有限公司,P006,上海函泰电子科技有限公司,C106
points,上海普恩化工有限公司,P007,上海普恩化工有限公司,C003
points,上海景仓通信技术有限公司,P008,上海景仓通信技术有限公司,C055
points,东山精密,P009；P130；P131；P132；P133,东山精密,C107
points,东田微,P010；P106；P272；P273,东田微,C004
points,中瓷电子,P011；P137,中瓷电子,C056
points,京瓷,P012,京瓷,C108
points,仕佳光子,P013；P071；P094；P141；P142,仕佳光子,C005
points,优迅股份,P014；P118,优迅股份,C057
points,光库科技,P015；P143；P144；P145；P146,光库科技,C109
points,光迅科技,P016；P072；P088；P100；P103；P147；P148；P149；P150,光迅科技,C006
points,北京康特睿科光电科技有限公司,P017,北京康特睿科光电科技有限公司,C058
points,北京通美晶体,P018,北京通美晶体,C110
points,博敏电子,P019,博敏电子,C007
points,博通(Broadcom),P020,博通(Broadcom),C059
points,四会富仕,P021,四会富仕,C111
points,大阳日酸特殊气体,P022,大阳日酸特殊气体,C008
points,天孚通信,P023；P024；P075；P107；P153；P154；P155；P271,天孚通信,C060
points,太辰光,P025；P026；P156,太辰光,C112
points,广东瑞谷光网通信股份有限公司,P027,广东瑞谷光网通信股份有限公司,C009
points,弘景光电,P028,弘景光电,C061
points,成都中住光纤有限公司,P029,成都中住光纤有限公司,C113
points,斯瑞新材,P030,斯瑞新材,C010
points,景旺电子,P031,景旺电子,C062
points,有研亿金新材料有限公司,P032,有研亿金新材料有限公司,C114
points,本川智能,P033,本川智能,C011
points,杜邦(含关联方),P034,杜邦(含关联方),C063
points,桂林芯飞光电子科技有限公司,P035,桂林芯飞光电子科技有限公司,C115
points,武汉云岭光电有限公司,P036,武汉云岭光电有限公司,C012
points,武汉云岭光电股份有限公司,P037,武汉云岭光电股份有限公司,C064
points,武汉昱升光电(原昱升光器件),P038,武汉昱升光电(原昱升光器件),C116
points,武汉钧恒科技有限公司,P039；P040,武汉钧恒科技有限公司,C013
points,永鼎股份,P041；P042；P043；P165；P166,永鼎股份,C065
points,江苏南大光电材料股份有限公司,P044,江苏南大光电材料股份有限公司,C117
points,泛孟新材料,P045,泛孟新材料,C014
points,泰库尼思科电子,P046,泰库尼思科电子,C066
points,洛阳中超新材料股份有限公司,P047,洛阳中超新材料股份有限公司,C118
points,深圳市东飞凌科技有限公司,P048,深圳市东飞凌科技有限公司,C015
points,深圳市力子光电科技有限公司,P049,深圳市力子光电科技有限公司,C067
points,深圳市路维光电股份有限公司,P050,深圳市路维光电股份有限公司,C119
points,湖北安一辰光电科技有限公司,P051,湖北安一辰光电科技有限公司,C016
points,源杰科技,P052；P095；P167,源杰科技,C068
points,炬光科技,P053；P117；P169,炬光科技,C120
points,猎奇智能,P055,猎奇智能,C017
points,生益电子,P056,生益电子,C069
points,生益科技,P057；P170,生益科技,C121
points,福晶科技,P058,福晶科技,C018
points,罗博特科/ficonTEC,P059,罗博特科/ficonTEC,C070
points,联特科技,P060；P105；P174；P175,联特科技,C122
points,联讯仪器,P061,联讯仪器,C019
points,芯思杰技术,P062,芯思杰技术,C071
points,西安卫光气体有限公司,P063,西安卫光气体有限公司,C123
points,诺力昂化学品,P064,诺力昂化学品,C020
points,迅捷兴,P065,迅捷兴,C072
points,长光华芯,P066；P079；P096；P097,长光华芯,C124
points,长盈通,P068；P069,长盈通,C021
points,陕西兴化集团有限责任公司,P070,陕西兴化集团有限责任公司,C073
points,新易盛,P073；P102；P108,新易盛,C125
points,中际旭创,P074；P138,中际旭创,C022
points,腾景科技,P076；P176；P177；P178,腾景科技,C074
points,剑桥科技,P077,剑桥科技,C126
points,铭普光磁,P078；P181；P182；P183,铭普光磁,C023
points,中船特气,P081,中船特气,C075
points,中京电子,P082,中京电子,C127
points,深南电路,P083,深南电路,C024
points,徕木股份,P084,徕木股份,C076
points,华正新材,P085,华正新材,C128
points,南亚新材,P086,南亚新材,C025
points,德科立,P087；P104；P109；P159；P160,德科立,C077
points,国民技术,P089；P195,国民技术,C129
points,AIXTRON,P090,AIXTRON,C026
points,Veeco,P091,Veeco,C078
points,Oxford Instruments,P092,Oxford Instruments,C130
points,Samco,P093,Samco,C027
points,三安光电,P098；P128,三安光电,C079
points,乾照光电,P099,乾照光电,C131
points,燕东微,P101,燕东微,C028
points,北方华创,P110；P111,北方华创,C080
points,苏大维格,P112,苏大维格,C132
points,拓荆科技,P113,拓荆科技,C029
points,矽电股份,P114；P171,矽电股份,C081
points,中微公司,P115,中微公司,C133
points,罗博特科,P116；P172；P173,罗博特科,C030
points,长芯博创,P119；P120；P121；P184,长芯博创,C082
points,路维光电,P122,路维光电,C134
points,聚飞光电,P123,聚飞光电,C031
points,蓝特光学,P124,蓝特光学,C083
points,新益昌,P125,新益昌,C135
points,东睦股份,P126,东睦股份,C032
points,上海贝岭,P129,上海贝岭,C084
points,中兴通讯,P134；P192,中兴通讯,C136
points,中天科技,P135；P136,中天科技,C033
points,亨通光电,P139；P140,亨通光电,C085
points,则成电子,P151,则成电子,C137
points,南大光电,P152,南大光电,C034
points,威尔高,P157,威尔高,C086
points,富士达,P158,富士达,C138
points,思瑞浦,P161,思瑞浦,C035
points,意华股份,P162,意华股份,C087
points,方正科技,P163,方正科技,C139
points,明阳电路,P164,明阳电路,C036
points,澳弘电子,P168,澳弘电子,C088
points,芯源微,P179,芯源微,C140
points,蘅东光,P180,蘅东光,C037
points,长飞光纤,P185,长飞光纤,C089
points,阿石创,P186,阿石创,C141
points,锐捷网络,P187,锐捷网络,C038
points,鹏鼎控股,P188,鹏鼎控股,C090
points,金百泽,P189,金百泽,C142
points,兆龙互连,P190,兆龙互连,C039
points,阿莱德,P191,阿莱德,C091
points,通宇通讯,P193,通宇通讯,C143
points,通富微电,P194,通富微电,C040
points,沪硅产业,P196,沪硅产业,C092
points,先导基电,P197,先导基电,C144
points,红板科技,P198,红板科技,C041
points,赛微电子,P199,赛微电子,C093
points,索尔思(Source Photonics),P200；P201,索尔思(Source Photonics),C145
points,云南鑫耀半导体材料有限公司,P202,云南鑫耀半导体材料有限公司,C042
points,苏州猎奇智能设备,P203；P204,苏州猎奇智能设备,C094
points,奥特维,P205,奥特维,C146
points,博众精工,P206,博众精工,C043
points,快克智能,P207,快克智能,C095
points,凯格精机,P208,凯格精机,C147
points,华工科技,P209；P210；P211；P212；P213；P214；P215；P216,华工科技,C044
points,普源精电,P217,普源精电,C096
points,Ciena,P218,Ciena,C148
points,Cisco,P219,Cisco,C045
points,Coherent,P220；P221；P222；P223；P224；P225；P226；P227；P228,Coherent,C097
points,Applied Optoelectronics(AAOI),P229；P230；P231；P232,Applied Optoelectronics(AAOI),C149
points,Lumentum,P233；P234；P235；P236；P237；P238；P239,Lumentum,C046
points,Nokia,P240,Nokia,C098
points,四川光恒通信技术有限公司,P241；P242；P243；P244,四川光恒通信技术有限公司,C150
points,四川飞普科技有限公司,P245,四川飞普科技有限公司,C047
points,四川九州光电子技术有限公司,P246；P247；P248,四川九州光电子技术有限公司,C099
points,武汉灿光光电有限公司,P249；P250；P251；P252,武汉灿光光电有限公司,C151
points,青岛海信宽带多媒体技术有限公司,P253；P254；P255,青岛海信宽带多媒体技术有限公司,C048
points,苏州星钥光子科技有限公司,P256,苏州星钥光子科技有限公司,C100
points,珠海鼎泰芯源晶体有限公司,P257,珠海鼎泰芯源晶体有限公司,C152
points,深圳市宏钢机械设备有限公司,P258,深圳市宏钢机械设备有限公司,C049
points,深圳市星欣磊实业有限公司,P259,深圳市星欣磊实业有限公司,C101
points,德国罗森博格通讯有限公司,P260,德国罗森博格通讯有限公司,C153
points,江苏兴光半导体有限公司,P261,江苏兴光半导体有限公司,C050
points,泰科电子(含关联方),P262；P263,泰科电子(含关联方),C102
points,波若威光纤通讯有限公司,P264；P265,波若威光纤通讯有限公司,C154
points,东莞福可喜玛通讯科技有限公司,P266,东莞福可喜玛通讯科技有限公司,C051
points,京东方Ａ,P267,京东方Ａ,C103
points,顺络电子,P268；P269,顺络电子,C155
points,汇聚科技,P270,汇聚科技,C052
points,紫光国微,P274,紫光国微,C104
calls/universe,Coherent,COHR,Coherent,C097
calls/universe,Lumentum,LITE,Lumentum,C046
calls/universe,Applied Optoelectronics,AAOI,Applied Optoelectronics(AAOI),C149
calls/universe,Fabrinet,FN,Fabrinet,C001
calls/universe,NVIDIA,NVDA,NVIDIA,C156
calls/universe,Arista,ANET,Arista,C157
calls/universe,Cisco,CSCO,Cisco,C045
calls/universe,Meta,META,Meta,C158
calls/universe,Broadcom,AVGO,博通(Broadcom),C059
calls/universe,Marvell,MRVL,Marvell,C105
calls/universe,Nokia,NOK,Nokia,C098
calls/universe,Ciena,CIEN,Ciena,C148
calls/universe,MACOM,MTSI,MACOM,C159
calls/universe,Credo,CRDO,Credo,C160
calls/universe,MaxLinear,MXL,MaxLinear,C161
calls/universe,Jabil,JBL,Jabil,C162
calls/universe,Veeco,VECO,Veeco,C078
calls/universe,FormFactor,FORM,FormFactor,C163
calls/universe,AXT,AXTI,AXT,C164
calls/universe,GlobalFoundries,GFS,GlobalFoundries,C165
calls/universe,Tower Semiconductor,TSEM,Tower Semiconductor,C166
calls/universe,Semtech,SMTC,Semtech,C167
calls/universe,AIXTRON,AIXA,AIXTRON,C026
calls/universe,ASMPT,ASMPT,ASMPT,C168
calls/universe,Soitec,SOI,Soitec,C169
calls/universe,Sumitomo Electric,SUMITOMO,Sumitomo Electric,C170
calls/universe,Furukawa Electric,FURUKAWA,Furukawa Electric,C171
calls/universe,POET Technologies,POET,POET Technologies,C172
calls/universe,Sivers Semiconductors,SIVERS,Sivers Semiconductors,C173
calls/universe,Sanmina,SANM,Sanmina,C174
calls/universe,Celestica,CLS,Celestica,C175
calls/universe,Mycronic,MYCRONIC,Mycronic,C176
calls/universe,Oxford Instruments,OXIG,Oxford Instruments,C130
calls/universe,VIAVI,VIAV,VIAVI,C177
calls/universe,ADTRAN,ADTN,ADTRAN,C178
calls/universe,Wiwynn,WIWYNN,Wiwynn,C179
calls/universe,Corning,GLW,Corning,C180
calls/universe,Lightwave Logic,LWLG,Lightwave Logic,C181
calls/universe,Smartoptics,SMOP,Smartoptics,C182
calls/watch,IQE plc,WATCH_IQE,IQE plc,C183
calls/watch,DustPhotonics,WATCH_DUST,DustPhotonics,C184
calls/watch,II-VI Incorporated,WATCH_IIVI,II-VI Incorporated,C185
calls/watch,Finisar Corporation,WATCH_FINISAR,Finisar Corporation,C186
calls/watch,Oclaro Inc.,WATCH_OCLARO,Oclaro Inc.,C187
calls/watch,NeoPhotonics Corporation,WATCH_NEOPHOTONICS,NeoPhotonics Corporation,C188
calls/watch,Cloud Light Technology Limited,WATCH_CLOUDLIGHT,Cloud Light Technology Limited,C189
calls/watch,Acacia Communications Inc.,WATCH_ACACIA,Acacia Communications Inc.,C190
calls/watch,Inphi Corporation,WATCH_INPHI,Inphi Corporation,C191
calls/watch,Polariton Technologies,WATCH_POLARITON,Polariton Technologies,C192
calls/watch,Infinera Corporation,WATCH_INFINERA,Infinera Corporation,C193
calls/watch,Nubis Communications Inc.,WATCH_NUBIS,Nubis Communications Inc.,C194
calls/watch,Hyperlume Inc.,WATCH_HYPERLUME,Hyperlume Inc.,C195
calls/watch,Fujikura,WATCH_FUJIKURA,Fujikura,C196
calls/watch,Mitsubishi Electric,WATCH_MELCO,Mitsubishi Electric,C197
calls/watch,ASE Technology,WATCH_ASE,ASE Technology,C198
calls/watch,SUSS MicroTec,WATCH_SUSS,SUSS MicroTec,C199
calls/watch,Samco,WATCH_SAMCO,Samco,C027
calls/watch,Keysight,WATCH_KEYS,Keysight,C200
calls/watch,Accton,WATCH_ACCTON,Accton,C201
calls/watch,Freiberger Compound Materials,WATCH_FREIBERGER,Freiberger Compound Materials,C202
calls/watch,NTT Innovative Devices,WATCH_NTTID,NTT Innovative Devices,C203
calls/watch,Fujitsu Optical Components,WATCH_FUJITSUOC,Fujitsu Optical Components,C204
calls/watch,OpenLight,WATCH_OPENLIGHT,OpenLight,C205
calls/watch,Sicoya,WATCH_SICOYA,Sicoya,C206
calls/watch,SCINTIL Photonics,WATCH_SCINTIL,SCINTIL Photonics,C207
calls/watch,Xscape Photonics,WATCH_XSCAPE,Xscape Photonics,C208
calls/watch,Avicena,WATCH_AVICENA,Avicena,C209
calls/watch,Ayar Labs,WATCH_AYAR,Ayar Labs,C210
calls/watch,Lightmatter,WATCH_LIGHTMATTER,Lightmatter,C211
calls/watch,Ranovus,WATCH_RANOVUS,Ranovus,C212
calls/watch,Source Photonics,WATCH_SOURCEPHOTONICS,索尔思(Source Photonics),C145
calls/watch,Molex,WATCH_MOLEX,Molex,C213
calls/watch,SENKO Advanced Components,WATCH_SENKO,SENKO Advanced Components,C214
calls/watch,Teramount,WATCH_TERAMOUNT,Teramount,C215
calls/watch,ficonTEC,WATCH_FICONTEC,ficonTEC,C216
calls/watch,PI,WATCH_PI,PI,C217
calls/watch,EV Group,WATCH_EVG,EV Group,C218
calls/watch,EXFO,WATCH_EXFO,EXFO,C219
calls/watch,Alphabet,WATCH_GOOGL,Alphabet,C220
calls/watch,Microsoft,WATCH_MSFT,Microsoft,C221
calls/watch,Amazon,WATCH_AMZN,Amazon,C222
calls/watch,Oracle,WATCH_ORCL,Oracle,C223
calls/watch,AMD,WATCH_AMD,AMD,C224
calls/watch,Ennostar,WATCH_ENNOSTAR,Ennostar,C225
calls/watch,Lumilens,WATCH_LUMILENS,Lumilens,C226
calls/watch,Microchip,WATCH_MCHP,Microchip,C227
