记录类型,原记录ID,公司原名,原节点或角色,原资料摘录,原来源定位,原资料检索日期,原判断,本稿使用边界
points原记录,P001,Fabrinet,EMS1,向OEM提供光通信组件/模块/子系统等复杂产品的光学封装与精密光机电电子制造服务,有锚；发行人自述（Fabrinet 10-K）,2026-07-24,edge_backed,摘录索引；本轮未逐条回原始来源；不得据节点类别生成产品BOM或供应关系
points原记录,P002,"Maruwa Co.,Ltd",M3,热沉,有锚；披露方产品列（长光华芯招股书供应商表）,2026-07-24,edge_backed,摘录索引；本轮未逐条回原始来源；不得据节点类别生成产品BOM或供应关系
points原记录,P003,Marvell,C5,"DSP+Driver+TIA全覆盖：""interconnect products include PAM, coherent and coherent-lite DSPs, laser drivers, TIAs, silicon phot","FY2026 10-K产品段(sec.gov mrvl-20260131.htm,补锚2026-07-24)",2026-07-24,edge_backed,摘录索引；本轮未逐条回原始来源；不得据节点类别生成产品BOM或供应关系
points原记录,P004,"OharaQuartzCo.,Ltd.",M4,石英片,有锚；披露方产品列（仕佳光子招股书供应商表）,2026-07-24,edge_backed,摘录索引；本轮未逐条回原始来源；不得据节点类别生成产品BOM或供应关系
points原记录,P005,三环集团,D4,"""专为光芯片封装设计的高可靠性陶瓷管壳""及""陶瓷封装管壳等光通信产品已推向市场""",[2025年年度报告](https://static.cninfo.com.cn/finalpage/2026-03-28/1225041594.PDF),2026-07-24,node_wide_gate,摘录索引；本轮未逐条回原始来源；不得据节点类别生成产品BOM或供应关系
points原记录,P006,上海函泰电子科技有限公司,M3,显影液、增粘剂、光刻胶等,有锚；披露方产品列（源杰招股书供应商表）,2026-07-24,edge_backed,摘录索引；本轮未逐条回原始来源；不得据节点类别生成产品BOM或供应关系
points原记录,P007,上海普恩化工有限公司,M4,EVA树脂,有锚；披露方产品列（仕佳光子招股书供应商表）,2026-07-24,edge_backed,摘录索引；本轮未逐条回原始来源；不得据节点类别生成产品BOM或供应关系
points原记录,P008,上海景仓通信技术有限公司,M4,光纤,有锚；披露方产品列（仕佳光子招股书供应商表）,2026-07-24,edge_backed,摘录索引；本轮未逐条回原始来源；不得据节点类别生成产品BOM或供应关系
points原记录,P009,东山精密,M1,"""索尔思光电拥有覆盖磷化铟衬底、外延材料至光芯片的全流程研发与工艺体系，技术壁垒持续夯实""",S0a本地扫描2025年报（002384__em_东山精密_em__2025_2025年年度报告.pdf）,2026-07-24,node_wide_gate,摘录索引；本轮未逐条回原始来源；不得据节点类别生成产品BOM或供应关系
points原记录,P010,东田微,D6,"""已完成光隔离器、WDM滤光片及组件等多类产品的布局""；""在光隔离器、WDM滤光片等高端器件领域迅速跻身稀缺供应商行列""",S0a本地扫描2025年报（301183__em_东田微_em__2025_2025年年度报告.pdf）,2026-07-24,node_wide_gate,摘录索引；本轮未逐条回原始来源；不得据节点类别生成产品BOM或供应关系
points原记录,P011,中瓷电子,D4,"""公司电子陶瓷系列产品包括光通信器件外壳""",[2023年年度报告](https://static.cninfo.com.cn/finalpage/2024-04-26/1219832754.PDF),2026-07-24,node_wide_gate,摘录索引；本轮未逐条回原始来源；不得据节点类别生成产品BOM或供应关系
points原记录,P012,京瓷,M3,热沉,有锚；披露方产品列（长光华芯招股书供应商表）,2026-07-24,edge_backed,摘录索引；本轮未逐条回原始来源；不得据节点类别生成产品BOM或供应关系
points原记录,P013,仕佳光子,D8,光芯片及器件（PLC分路器芯片系列、**AWG芯片系列产品**、DFB激光器芯片系列、光纤连接器）、室内光缆、线缆材料的研发、生产及销售,"有锚；发行人自述，产品构成条目升级：招股书""仕佳光子主要产品包括光芯片及器件…AWG芯片系列产品…""（ledger-SJZ SJZ284/286）+ 2024年报""应用于400G和800G光模块的CWDM/LAN WDM AWG组件已实现大批量出货""""60通道100GHz AWG…芯片及模块已在骨干及城域网…相干通信应用中实现批量出货""（ledger-SJ24 SJ24-32起）；供货边 E110",2026-07-24,edge_backed,摘录索引；本轮未逐条回原始来源；不得据节点类别生成产品BOM或供应关系
points原记录,P014,优迅股份,C5,"""优迅股份作为国内光通信电芯片领域的领军企业……专注于光通信前端收发电芯片的研发、设计与销售""；核心技术集群表自述""高带宽、低噪声、宽动态跨阻放大器设计技术""技术来源=自研/技术所处阶段=成熟应用/对应产品类型=""高速率跨阻放大器芯片""；5",S0a本地扫描2025年报（688807__em_优迅股份_em__2025_优迅股份：2025年年度报告.pdf），全文扩看核实,2026-07-24,node_wide_gate,摘录索引；本轮未逐条回原始来源；不得据节点类别生成产品BOM或供应关系
points原记录,P015,光库科技,D6,"""光通讯器件……主要产品包括隔离器""",[2023年年度报告](https://static.cninfo.com.cn/finalpage/2024-04-03/1219506244.PDF),2026-07-24,node_wide_gate,摘录索引；本轮未逐条回原始来源；不得据节点类别生成产品BOM或供应关系
points原记录,P016,光迅科技,MOD1,光收发模块、有源光缆、光放大器、波长管理器件、光通信器件、子系统等,有锚；发行人自述（2023年报）,2026-07-24,edge_backed,摘录索引；本轮未逐条回原始来源；不得据节点类别生成产品BOM或供应关系
points原记录,P017,北京康特睿科光电科技有限公司,P1,芯片封装（委托加工）,有锚；披露方产品列（源杰招股书委托加工表）,2026-07-24,edge_backed,摘录索引；本轮未逐条回原始来源；不得据节点类别生成产品BOM或供应关系
points原记录,P018,北京通美晶体,M1,衬底（InP等晶圆衬底）,有锚；披露方产品列（源杰/长光华芯招股书供应商表）；另 pilot-s0a 确认其现行 InP substrate 供货（AXT 2026-06-17 Form 8-K）,2026-07-24,edge_backed,摘录索引；本轮未逐条回原始来源；不得据节点类别生成产品BOM或供应关系
points原记录,P019,博敏电子,B1,"""已实现400G、800G光模块PCB批量供货，同时积极推动1.6T光模块PCB量产工作""",S0a本地扫描2025年报（603936__em_博敏电子_em__2025_博敏电子2025年年度报告.pdf）,2026-07-24,node_wide_gate,摘录索引；本轮未逐条回原始来源；不得据节点类别生成产品BOM或供应关系
points原记录,P020,博通(Broadcom),C5,"PHY/光组件：""AI semiconductor solutions include…physical layer devices (PHYs) and optical components""；""We supply a wide arra","FY2025 10-K产品段(sec.gov avgo-20251102.htm,共识结构层补锚2026-07-24)",2026-07-24,edge_backed,摘录索引；本轮未逐条回原始来源；不得据节点类别生成产品BOM或供应关系
points原记录,P021,四会富仕,B1,"""应用于光通信的800G光模块PCB等新型产品""",[2024年年度报告](https://static.cninfo.com.cn/finalpage/2025-03-29/1222948563.PDF),2026-07-24,node_wide_gate,摘录索引；本轮未逐条回原始来源；不得据节点类别生成产品BOM或供应关系
points原记录,P022,大阳日酸特殊气体,M3,磷化氢、砷化氢,有锚；披露方产品列（源杰招股书供应商表）,2026-07-24,edge_backed,摘录索引；本轮未逐条回原始来源；不得据节点类别生成产品BOM或供应关系
points原记录,P023,天孚通信,D6,"""光无源器件包括……光隔离器等""",[2020年向特定对象发行股票募集说明书](https://static.cninfo.com.cn/finalpage/2020-08-03/1208119960.PDF),2026-07-24,node_wide_gate,摘录索引；本轮未逐条回原始来源；不得据节点类别生成产品BOM或供应关系
points原记录,P024,天孚通信,D12,"""OSA光器件（TOSA/ROSA/BOSA）""",[2020年向特定对象发行股票募集说明书](https://static.cninfo.com.cn/finalpage/2020-08-03/1208119960.PDF),2026-07-24,context_only,摘录索引；本轮未逐条回原始来源；不得据节点类别生成产品BOM或供应关系
points原记录,P025,太辰光,D10,光互联元件类别下的陶瓷插芯、MT插芯，用于保证光纤定位,"有锚；发行人自述（2024年报产品应用表）：""陶瓷插芯、MT 插芯｜保证光纤定位""（ledger-TCG24 TCG24-产品应用表段）——升级前仅有仕佳光子招股书竞品段""太辰光主营…陶瓷插芯、光纤连接器""的同业描述，本轮补齐发行人自身产品表直证",2026-07-24,edge_backed,摘录索引；本轮未逐条回原始来源；不得据节点类别生成产品BOM或供应关系
points原记录,P026,太辰光,D8,陶瓷插芯/光纤连接器为主业（AWG为在研项目，尚未量产）,"有锚（在研阶段）；发行人自述：""AWG 芯片开发｜持续进行中｜产品实现批量产销""（ledger-TCG24 TCG24研发投入表，2024年报）——**注意**：这是在研项目，不构成""生产中""锚，仅作为该公司技术布局线索登记",2026-07-24,edge_backed,摘录索引；本轮未逐条回原始来源；不得据节点类别生成产品BOM或供应关系
points原记录,P027,广东瑞谷光网通信股份有限公司,P1,芯片封装（委托加工）,有锚；披露方产品列（源杰招股书委托加工表）,2026-07-24,edge_backed,摘录索引；本轮未逐条回原始来源；不得据节点类别生成产品BOM或供应关系
points原记录,P028,弘景光电,D9,"""凭借光学设计、精密制造等方面的优势，成功开发了多款光通信中的光无源器件（如非球面透镜、光纤阵列组件等）""",S0a本地扫描2025年报（301479__em_弘景光电_em__2025_2025年年度报告.pdf）,2026-07-24,node_wide_gate,摘录索引；本轮未逐条回原始来源；不得据节点类别生成产品BOM或供应关系
points原记录,P029,成都中住光纤有限公司,M4,光纤,有锚；披露方产品列（仕佳光子招股书供应商表）,2026-07-24,edge_backed,摘录索引；本轮未逐条回原始来源；不得据节点类别生成产品BOM或供应关系
points原记录,P030,斯瑞新材,B2,"""光模块芯片基座/壳体""为主要产品；""目前已实现壳体批量供应""",[2025年年度报告](https://static.cninfo.com.cn/finalpage/2026-04-28/1225214766.PDF),2026-07-24,node_wide_gate,摘录索引；本轮未逐条回原始来源；不得据节点类别生成产品BOM或供应关系
points原记录,P031,景旺电子,B1,"""800G光模块等高速PCB产品已实现量产""",[2024年年度报告](https://static.cninfo.com.cn/finalpage/2025-04-29/1223377812.PDF),2026-07-24,node_wide_gate,摘录索引；本轮未逐条回原始来源；不得据节点类别生成产品BOM或供应关系
points原记录,P032,有研亿金新材料有限公司,M3,金靶、铂靶、金锗靶等/贵金属蒸发材料,有锚；披露方产品列（源杰/长光华芯招股书供应商表）,2026-07-24,edge_backed,摘录索引；本轮未逐条回原始来源；不得据节点类别生成产品BOM或供应关系
points原记录,P033,本川智能,B1,"""高频高速产品已在光模块客户中实现小批量出货""",[2025年年度报告](https://static.cninfo.com.cn/finalpage/2026-04-29/1225228204.PDF),2026-07-24,node_wide_gate,摘录索引；本轮未逐条回原始来源；不得据节点类别生成产品BOM或供应关系
points原记录,P034,杜邦(含关联方),M4,芳纶纱,有锚；披露方产品列（仕佳光子招股书供应商表）,2026-07-24,edge_backed,摘录索引；本轮未逐条回原始来源；不得据节点类别生成产品BOM或供应关系
points原记录,P035,桂林芯飞光电子科技有限公司,P1,芯片封装（委托加工）,有锚；披露方产品列（源杰招股书委托加工表）,2026-07-24,edge_backed,摘录索引；本轮未逐条回原始来源；不得据节点类别生成产品BOM或供应关系
points原记录,P036,武汉云岭光电有限公司,C3,光通信用激光器和探测器芯片（含封装类产品）,有锚；同业描述（源杰招股书同业段）,2026-07-24,edge_backed,摘录索引；本轮未逐条回原始来源；不得据节点类别生成产品BOM或供应关系
points原记录,P037,武汉云岭光电股份有限公司,C3,光通信用激光器和探测器芯片（含封装类产品）,有锚；同业描述（源杰招股书同业段）,2026-07-24,edge_backed,摘录索引；本轮未逐条回原始来源；不得据节点类别生成产品BOM或供应关系
points原记录,P038,武汉昱升光电(原昱升光器件),P1,芯片封装（委托加工）,有锚；披露方产品列（源杰招股书委托加工表）；entity-evidence-q3：工商统一社会信用代码一致，确认同一法人更名（置信中高）,2026-07-24,edge_backed,摘录索引；本轮未逐条回原始来源；不得据节点类别生成产品BOM或供应关系
points原记录,P039,武汉钧恒科技有限公司,MOD1,"""武汉钧恒为公司的控股子公司，武汉钧恒2012年成立，总部位于武汉光谷，专业从事以光模块为主的光通信产品的研发、制造和销售""；""光模块业务的营业收入比重大于50%""",S0a本地扫描2025年报（001267__em_汇绿生态_em__2025_2025年年度报告.pdf）；管理层讨论与分析·一、报告期内公司从事的主要业务,2026-07-24,node_wide_gate,摘录索引；本轮未逐条回原始来源；不得据节点类别生成产品BOM或供应关系
points原记录,P040,武汉钧恒科技有限公司,D12,"""光模块由光器件、功能电路和光接口等构成，其中光器件是光模块的关键元件，包括激光器（TOSA）和探测器（ROSA）……通过跨阻放大器后将此电流信号转换成电压信号""（限定照录：此句为光模块内部结构的定义性描述句，非独立TOSA/ROSA/跨阻",S0a本地扫描2025年报（001267__em_汇绿生态_em__2025_2025年年度报告.pdf）,2026-07-24,node_wide_gate,摘录索引；本轮未逐条回原始来源；不得据节点类别生成产品BOM或供应关系
points原记录,P041,永鼎股份,D8,"""公司构建了覆盖'芯片-光器件-MPO'的全产业链体系，具备国内稀缺的IDM（集成器件制造）激光器FAB（晶圆制造）工厂……核心业务聚焦于三大类产品：……无源光器件：涵盖阵列波导光栅（AWG）、滤波片（Filter）、MT-FA（MT光纤阵",S0a本地扫描2025年报（600105__em_永鼎股份_em__2025_永鼎股份2025年年度报告.pdf）,2026-07-24,node_wide_gate,摘录索引；本轮未逐条回原始来源；不得据节点类别生成产品BOM或供应关系
points原记录,P042,永鼎股份,D9,"见上""波分复用器/AWG""节S0a并入表——同一引语覆盖AWG/阵列波导光栅/光纤阵列MT-FA/隔离器四品类，不重复整行",同上,2026-07-24,cross_reference,摘录索引；本轮未逐条回原始来源；不得据节点类别生成产品BOM或供应关系
points原记录,P043,永鼎股份,D6,"见""波分复用器/AWG""节S0a并入表——同一引语覆盖AWG/阵列波导光栅/光纤阵列MT-FA/隔离器四品类，不重复整行",同上,2026-07-24,cross_reference,摘录索引；本轮未逐条回原始来源；不得据节点类别生成产品BOM或供应关系
points原记录,P044,江苏南大光电材料股份有限公司,M3,磷烷、三甲基铟、三甲基镓等,有锚；披露方产品列（源杰招股书供应商表）；pilot-s0a 三甲基铟检索确认其为核心生产主体,2026-07-24,edge_backed,摘录索引；本轮未逐条回原始来源；不得据节点类别生成产品BOM或供应关系
points原记录,P045,泛孟新材料,M3,异丙醇、光刻胶去除液,有锚；披露方产品列（源杰招股书供应商表）,2026-07-24,edge_backed,摘录索引；本轮未逐条回原始来源；不得据节点类别生成产品BOM或供应关系
points原记录,P046,泰库尼思科电子,M3,热沉,有锚；披露方产品列（长光华芯招股书供应商表）,2026-07-24,edge_backed,摘录索引；本轮未逐条回原始来源；不得据节点类别生成产品BOM或供应关系
points原记录,P047,洛阳中超新材料股份有限公司,M4,氢氧化铝,有锚；披露方产品列（仕佳光子招股书供应商表）,2026-07-24,edge_backed,摘录索引；本轮未逐条回原始来源；不得据节点类别生成产品BOM或供应关系
points原记录,P048,深圳市东飞凌科技有限公司,P1,芯片封装（委托加工）,有锚；披露方产品列（源杰招股书委托加工表）,2026-07-24,edge_backed,摘录索引；本轮未逐条回原始来源；不得据节点类别生成产品BOM或供应关系
points原记录,P049,深圳市力子光电科技有限公司,P1,芯片封装（委托加工）,有锚；披露方产品列（源杰招股书委托加工表）,2026-07-24,edge_backed,摘录索引；本轮未逐条回原始来源；不得据节点类别生成产品BOM或供应关系
points原记录,P050,深圳市路维光电股份有限公司,M3,光刻掩模板,有锚；披露方产品列（源杰招股书供应商表）,2026-07-24,edge_backed,摘录索引；本轮未逐条回原始来源；不得据节点类别生成产品BOM或供应关系
points原记录,P051,湖北安一辰光电科技有限公司,P1,芯片封装（委托加工）,有锚；披露方产品列（源杰招股书委托加工表）,2026-07-24,edge_backed,摘录索引；本轮未逐条回原始来源；不得据节点类别生成产品BOM或供应关系
points原记录,P052,源杰科技,C1,光芯片的研发、设计、生产与销售（激光器芯片系列）,有锚；发行人自述（招股书/年报主营句）,2026-07-24,edge_backed,摘录索引；本轮未逐条回原始来源；不得据节点类别生成产品BOM或供应关系
points原记录,P053,炬光科技,D7,光学件,"半锚；披露方产品列（长光华芯招股书外协采购表），未专锚""透镜/准直透镜""字样",2026-07-24,edge_backed,摘录索引；本轮未逐条回原始来源；不得据节点类别生成产品BOM或供应关系
points原记录,P055,猎奇智能,EQ4,光通信/半导体/汽车自动化等领域智能生产装备；产品应用于贴片、光学耦合、老化测试三核心环节,有锚；发行人自述（招股书第五节）,2026-07-24,edge_backed,摘录索引；本轮未逐条回原始来源；不得据节点类别生成产品BOM或供应关系
points原记录,P056,生益电子,B1,"""研究开发高速光模块PCB产品，并实现产业化""（同段落，版面顺序有错位）",S0a本地扫描2025年报（688183__em_生益电子_em__2025_生益电子2025年年度报告.pdf）,2026-07-24,node_wide_gate,摘录索引；本轮未逐条回原始来源；不得据节点类别生成产品BOM或供应关系
points原记录,P057,生益科技,B1,"""研究开发高速光模块PCB产品制作工艺技术，攻克技术难点，并实现产业化""",S0a本地扫描2025年报（600183__em_生益科技_em__2025_生益科技2025年年度报告.pdf）,2026-07-24,node_wide_gate,摘录索引；本轮未逐条回原始来源；不得据节点类别生成产品BOM或供应关系
points原记录,P058,福晶科技,D7,精密光学元件涵盖……球面透镜、柱面透镜、非球面透镜，应用包括光通信波分复用器,部分证实；披露方产品列（[2025年年度报告](https://static.cninfo.com.cn/finalpage/2026-04-29/1225227139.pdf)），不宣称其透镜专供光模块，T1并入候选来自`flows/out/t1-leaf-fill.md`,2026-07-24,node_wide_gate,摘录索引；本轮未逐条回原始来源；不得据节点类别生成产品BOM或供应关系
points原记录,P059,罗博特科/ficonTEC,EQ7,高精度光学组件和光电元件生产设备；半导体自动化微组装及精密测试设备设计研发生产销售,有锚；竞品描述（发行人披露）；BOM词表 E011/E012 标注CPO耦合设备；C35内容台账补充：正基于硅光/CPO光模块技术需求研发激光辅助键合、倒装热压等先进封装工艺（发行人自述，设备-工序能力条目）,2026-07-24,edge_backed,摘录索引；本轮未逐条回原始来源；不得据节点类别生成产品BOM或供应关系
points原记录,P060,联特科技,D12,"""公司生产工序包括光芯片集成（COC）、光器件及光模块的生产，其中……光器件的生产工序包括软板焊接、元件贴装、COC贴装、金丝键合、耦合、高低温循环、测试、检验等""（生产模式章节自述，组件级封装工序具体到金丝键合/耦合）",S0a本地扫描2025年报（301205__em_联特科技_em__2025_2025年年度报告.pdf）,2026-07-24,node_wide_gate,摘录索引；本轮未逐条回原始来源；不得据节点类别生成产品BOM或供应关系
points原记录,P061,联讯仪器,EQ7,电子测量仪器和半导体测试设备的研发、制造、销售及服务,有锚；发行人自述（招股书）,2026-07-24,edge_backed,摘录索引；本轮未逐条回原始来源；不得据节点类别生成产品BOM或供应关系
points原记录,P062,芯思杰技术,P1,芯片封装（委托加工）,有锚；披露方产品列（源杰招股书委托加工表）,2026-07-24,edge_backed,摘录索引；本轮未逐条回原始来源；不得据节点类别生成产品BOM或供应关系
points原记录,P063,西安卫光气体有限公司,M3,氮气、氢气、氧气、氩气等,有锚；披露方产品列（源杰招股书供应商表）,2026-07-24,edge_backed,摘录索引；本轮未逐条回原始来源；不得据节点类别生成产品BOM或供应关系
points原记录,P064,诺力昂化学品,M3,金属有机物（MO源类）,有锚；披露方产品列（源杰招股书供应商表）,2026-07-24,edge_backed,摘录索引；本轮未逐条回原始来源；不得据节点类别生成产品BOM或供应关系
points原记录,P065,迅捷兴,B1,"""公司完成任意互联HDI结构的800G光模块PCB、1.6T光模块PCB技术研发""；""400G光模块PCB生产工艺技术自主研发""",S0a本地扫描2025年报（688655__em_迅捷兴_em__2025_2025年年度报告.pdf）,2026-07-24,node_wide_gate,摘录索引；本轮未逐条回原始来源；不得据节点类别生成产品BOM或供应关系
points原记录,P066,长光华芯,C1,半导体激光芯片、器件及模块等激光行业核心元器件的研发、生产与销售,有锚；发行人自述（招股书/年报）；CGHX内容台账补充：光纤耦合模块工艺流程含快轴/慢轴准直透镜组装（自用于封装，非透镜生产者）,2026-07-24,edge_backed,摘录索引；本轮未逐条回原始来源；不得据节点类别生成产品BOM或供应关系
points原记录,P068,长盈通,D8,"""产品简介……AWG器件：CWDM及LAN WDM AWG器件具备小尺寸……低损耗和低成本特征""",S0a本地扫描2025年报（688143__em_长盈通_em__2025_2025年年度报告.pdf）,2026-07-24,node_wide_gate,摘录索引；本轮未逐条回原始来源；不得据节点类别生成产品BOM或供应关系
points原记录,P069,长盈通,D9,"""公司以发行股份及支付现金方式并购……快速构建起光模块用无源内连光器件和光纤阵列器件的研发、生产、销售能力""",S0a本地扫描2025年报（688143__em_长盈通_em__2025_2025年年度报告.pdf）,2026-07-24,node_wide_gate,摘录索引；本轮未逐条回原始来源；不得据节点类别生成产品BOM或供应关系
points原记录,P070,陕西兴化集团有限责任公司,M3,氢气、氮气,有锚；披露方产品列（源杰招股书供应商表）,2026-07-24,edge_backed,摘录索引；本轮未逐条回原始来源；不得据节点类别生成产品BOM或供应关系
points原记录,P071,仕佳光子,D1,·工温应用·OTDR·内置DML激光器·4G/5G·同轴封装·TDLAS气体传感TOSA·内置半导体,https://static.cninfo.com.cn/finalpage/2026-04-18/1225122538.PDF,2026-07-25,判定闸-生产中,摘录索引；本轮未逐条回原始来源；不得据节点类别生成产品BOM或供应关系
points原记录,P072,光迅科技,D3,产品有XGSPON&GPONOLT/ONU的BOSA,https://static.cninfo.com.cn/finalpage/2026-04-23/1225148212.PDF,2026-07-25,判定闸-生产中,摘录索引；本轮未逐条回原始来源；不得据节点类别生成产品BOM或供应关系
points原记录,P073,新易盛,MOD1,指引第4号——创业板行业信息披露》中的“通信相关业务”的披露要求（一）主要业务、主要产品及用途目前，公司系光互联解决方案领域的全球领先企业，业务主要涵盖全系列光通信应用的光模块的研发、生产和销售，产品服务于人工智能算力集,https://static.cninfo.com.cn/finalpage/2026-04-24/1225172598.PDF,2026-07-25,判定闸-生产中,摘录索引；本轮未逐条回原始来源；不得据节点类别生成产品BOM或供应关系
points原记录,P074,中际旭创,MOD1,公司主营业务为高端光通信收发模块的研发、生产及销售，产品服务于云计算数据中心、数据通信、5G无线网络、电信传输和固网接入等领,https://static.cninfo.com.cn/finalpage/2026-03-31/1225056459.PDF,2026-07-25,判定闸-生产中,摘录索引；本轮未逐条回原始来源；不得据节点类别生成产品BOM或供应关系
points原记录,P075,天孚通信,D1,公司是全球光互连领域领先的一站式平台型技术企业,https://static.cninfo.com.cn/finalpage/2026-04-08/1225082705.PDF,2026-07-25,判定闸-生产中(OSA组件业务),摘录索引；本轮未逐条回原始来源；不得据节点类别生成产品BOM或供应关系
points原记录,P076,腾景科技,D7,主营业务公司是专业从事各类精密光学元组件、光纤器件、光测试仪器研发、生产和销售的高新技术企业,https://static.cninfo.com.cn/finalpage/2026-04-25/1225177429.PDF,2026-07-25,判定闸-生产中,摘录索引；本轮未逐条回原始来源；不得据节点类别生成产品BOM或供应关系
points原记录,P077,剑桥科技,MOD1,主营业务为从事电信、数通、企业网络与家庭网络领域通信连接的终端设备（包括电信宽带、无线网络与边缘计算）以及高速光模块产品的研发、生产与销售,https://static.cninfo.com.cn/finalpage/2026-03-31/1225053610.PDF,2026-07-25,判定闸-生产中,摘录索引；本轮未逐条回原始来源；不得据节点类别生成产品BOM或供应关系
points原记录,P078,铭普光磁,MOD3,，为数据中心/智算中心客户提供从10G到800G的全系列数通光模块；为电信设备商客户提供4G和5G网络承载传输的光模块；以及固网接入FTTx应用光模块，已成功研发了25G/50GPONONU、StickOLT等相关产品,https://static.cninfo.com.cn/finalpage/2026-04-25/1225190103.PDF,2026-07-25,判定闸-生产中(接入/电信类),摘录索引；本轮未逐条回原始来源；不得据节点类别生成产品BOM或供应关系
points原记录,P079,长光华芯,M2b,经营模式、行业情况说明(一)主要业务、主要产品或服务情况公司已建成覆盖芯片设计、外延生长、晶圆处理工,https://static.cninfo.com.cn/finalpage/2026-04-18/1225123248.PDF,2026-07-25,"判定闸-生产中(自有外延产线,GaAs系归M2b)",摘录索引；本轮未逐条回原始来源；不得据节点类别生成产品BOM或供应关系
points原记录,P080,三环集团,D10,领域客户的产品需求；受益于全球算力基础设施建设进程加快、光器件市场需求扩容，公司陶瓷插芯及配套产品销,https://static.cninfo.com.cn/finalpage/2026-03-28/1225041594.PDF,2026-07-25,判定闸-生产中,摘录索引；本轮未逐条回原始来源；不得据节点类别生成产品BOM或供应关系
points原记录,P081,中船特气,M3,型。截至报告期末，公司产品由85种增加至95种，新增产品包括五氟乙烷、七氟丙烷、磷烷混气、砷烷混气等,https://static.cninfo.com.cn/finalpage/2026-04-21/1225127119.PDF,2026-07-25,判定闸-生产中,摘录索引；本轮未逐条回原始来源；不得据节点类别生成产品BOM或供应关系
points原记录,P082,中京电子,B1,消费类电子产品等核心赛道，开展了《高电流应用超厚铜刚挠结合板技术研发》《800G光模块PCB产品开发,https://static.cninfo.com.cn/finalpage/2026-04-24/1225167909.PDF,2026-07-25,判定闸-在建(800G光模块PCB研发),摘录索引；本轮未逐条回原始来源；不得据节点类别生成产品BOM或供应关系
points原记录,P083,深南电路,B1,2024年以来，公司PCB业务在高速交换机、光模块、AI加速卡、服务器等领域的PCB产品需求增长均受益于上述趋势,https://static.cninfo.com.cn/finalpage/2026-03-13/1225006760.PDF,2026-07-25,判定闸-生产中(codex核锚:2025年报PCB应用领域产品主张),摘录索引；本轮未逐条回原始来源；不得据节点类别生成产品BOM或供应关系
points原记录,P084,徕木股份,B2,"800G光模块的壳体产品技术开发(湖南徕木)——2023年度投资项目计划表,总预算220万元",https://static.cninfo.com.cn/finalpage/2026-03-13/1225006760.PDF,2026-07-25,判定闸-在建(codex核锚:投资项目主张),摘录索引；本轮未逐条回原始来源；不得据节点类别生成产品BOM或供应关系
points原记录,P085,华正新材,M5,"""公司高速覆铜板主要聚焦在AI服务器、交换机、光模块等细分市场应用""",https://static.cninfo.com.cn/finalpage/2026-03-24/1225026426.PDF,2026-07-25,判定闸-生产中(2025年报高速覆铜板应用领域产品主张),摘录索引；本轮未逐条回原始来源；不得据节点类别生成产品BOM或供应关系
points原记录,P086,南亚新材,M5,"""通信网络设备（交换机/路由器/光模块等）：高速板,LowDK…""(产品应用矩阵行)",https://static.cninfo.com.cn/finalpage/2026-03-26/1225031388.PDF,2026-07-25,判定闸-生产中(2025年报产品应用矩阵含光模块),摘录索引；本轮未逐条回原始来源；不得据节点类别生成产品BOM或供应关系
points原记录,P087,德科立,MOD2,"""400G相干模块完成小批量试产;800G相干模块器件取得关键技术突破，并实现订单交付""",http://static.cninfo.com.cn/finalpage/2026-03-31/1225064041.PDF,2026-07-25,判定闸-生产中(kimi取证→本地语料复核2句HIT),摘录索引；本轮未逐条回原始来源；不得据节点类别生成产品BOM或供应关系
points原记录,P088,光迅科技,C4,"""公司一直重视硅光芯片的自主设计与开发，自研硅光芯片的流片采用外部代工的方式""(业绩说明会2026-001号)",https://notice.10jqka.com.cn/api/pdf/d08042a17d68d6e8.pdf,2026-07-25,"判定闸-生产中(kimi取证:自研+外代工流片,fab-lite;锚待codex复核)",摘录索引；本轮未逐条回原始来源；不得据节点类别生成产品BOM或供应关系
points原记录,P089,国民技术,C5,"""N32H493系列MCU主要适配800G/1.6T可插拔高速光模块，承担控制、监控、协议处理等功能，目前正在推进客户导入验证工作""(互动易2026-06-18)",https://ir.p5w.net/question/0001B169AFAEED4B47238BE0E9ECF650BDBF.shtml,2026-07-25,判定闸-在建(kimi取证:主控MCU客户导入中;C5格定义同步放宽含主控MCU),摘录索引；本轮未逐条回原始来源；不得据节点类别生成产品BOM或供应关系
points原记录,P090,AIXTRON,EQ1,"""growing demand for indium phosphide (InP)-based lasers and detectors…800G and beyond""(官方稿,Lumentum多台G10-AsP订单)",https://www.semiconductor-today.com/news_items/2026/may/aixtron-200526.shtml,2026-07-25,"判定闸-宇宙外观察(kimi取证;锚为官方稿转载镜像,待换aixtron.com原稿)",摘录索引；本轮未逐条回原始来源；不得据节点类别生成产品BOM或供应关系
points原记录,P091,Veeco,EQ1,"""Veeco and imec develop 300mm compatible process…barium titanate on silicon""(imec官方联合发布,硅光MBE)",https://www.imec-int.com/en/press/veeco-and-imec-develop-300mm-compatible-process-enable-integration-barium-titanate-silicon,2026-07-25,判定闸-宇宙外观察(kimi取证:imec联合官方稿),摘录索引；本轮未逐条回原始来源；不得据节点类别生成产品BOM或供应关系
points原记录,P092,Oxford Instruments,EQ2,"""We have been the leading supplier of InP plasma etch equipment to the datacom market""(官网新闻,为Coherent 6吋InP厂供全自动刻蚀/沉积)",https://www.oxinst.com/news/oxford-instruments-delivers-automated-6%E2%80%9D-inp-wafer-processing-for-next-gen-ai,2026-07-25,判定闸-宇宙外观察(kimi取证:官网原稿),摘录索引；本轮未逐条回原始来源；不得据节点类别生成产品BOM或供应关系
points原记录,P093,Samco,EQ2,"""Indium Phosphide (InP) is a key III-V semiconductor used in high-speed photonics, telecommunications""(官网InP刻蚀工艺页)",https://www.samcointl.com/processes/etching/inp-etching/,2026-07-25,"判定闸-宇宙外观察(kimi取证:官网工艺页,产品页级弱于新闻稿)",摘录索引；本轮未逐条回原始来源；不得据节点类别生成产品BOM或供应关系
points原记录,P094,仕佳光子,M2a,"""针对DFB激光器芯片，公司已建立了包含外延生长…完整工艺线…掌握MQW有源区设计、MOCVD外延…全产业链DFB激光器芯片生产企业""",https://static.cninfo.com.cn/finalpage/2026-04-18/1225122538.PDF,2026-07-25,"判定闸-生产中(codex核锚:内制MOCVD外延工序,非外延片外售)",摘录索引；本轮未逐条回原始来源；不得据节点类别生成产品BOM或供应关系
points原记录,P095,源杰科技,M2a,"""拥有多条覆盖MOCVD外延生长、光栅工艺…全流程自主可控的生产线""",https://static.cninfo.com.cn/finalpage/2026-03-25/1225028582.PDF,2026-07-25,"判定闸-生产中(codex核锚:IDM内制外延环节,非外售)",摘录索引；本轮未逐条回原始来源；不得据节点类别生成产品BOM或供应关系
points原记录,P096,长光华芯,M2a,"""已建成2吋、3吋、6吋半导体激光芯片量产线,拥有从外延生长…成套设备;构建了砷化镓、磷化铟…五大材料体系""",https://static.cninfo.com.cn/finalpage/2026-04-18/1225123248.PDF,2026-07-25,"判定闸-生产中(codex核锚:自有外延平台InP点名,自用工序)",摘录索引；本轮未逐条回原始来源；不得据节点类别生成产品BOM或供应关系
points原记录,P097,长光华芯,C2,"""目前已形成VCSEL、DFB、EML、PIN四大类光通信芯片产品矩阵…客户订单逐步起量,持续加大产能建设""",https://static.cninfo.com.cn/finalpage/2026-04-18/1225123248.PDF,2026-07-25,判定闸-生产中(codex核锚:产品矩阵+订单+产能三闭环),摘录索引；本轮未逐条回原始来源；不得据节点类别生成产品BOM或供应关系
points原记录,P098,三安光电,C2,"""公司可提供用于光模块的CW光源、VCSEL、EML、PD等激光器、探测器芯片,应用于400G、800G光模块的光芯片已批量出货""",https://static.cninfo.com.cn/finalpage/2026-04-25/1225193540.PDF,2026-07-25,"判定闸-生产中(codex核锚:400G/800G批量修饰集合光芯片,不单独归因VCSEL)",摘录索引；本轮未逐条回原始来源；不得据节点类别生成产品BOM或供应关系
points原记录,P099,乾照光电,C2,"""VCSEL数据光通信:10G/25G产品完成送样,预计2026年形成正式订单并交付;50G/100G产品已进入流片阶段""",https://static.cninfo.com.cn/finalpage/2026-03-28/1225043741.PDF,2026-07-25,"判定闸-在建(codex核锚:送样/流片=在建验证,不标生产中)",摘录索引；本轮未逐条回原始来源；不得据节点类别生成产品BOM或供应关系
points原记录,P100,光迅科技,C2,"""公司拥有多种类型激光器芯片(FP、DFB、EML、VCSEL等)、探测器芯片(PD、APD)以及SiP芯片平台…为各类产品的稳定量产提供保障""",https://static.cninfo.com.cn/finalpage/2026-04-23/1225148212.PDF,2026-07-25,"判定闸-生产中(codex核锚:集合性平台表述,条件通过)",摘录索引；本轮未逐条回原始来源；不得据节点类别生成产品BOM或供应关系
points原记录,P101,燕东微,C4,"""建成国内领先的8英寸SiN平台量产生产线…产能达3000片/月,年内累计产出1.48万片;建成12英寸SOI硅光工艺平台""",https://static.cninfo.com.cn/finalpage/2026-04-29/1225238474.PDF,2026-07-25,"判定闸-生产中(codex核锚:SiN已量产,SOI平台导入阶段;本地复核HIT)",摘录索引；本轮未逐条回原始来源；不得据节点类别生成产品BOM或供应关系
points原记录,P102,新易盛,C4,"""硅光PIC技术产业化…推出完全自主研发的PIC技术相关产品并实现产业化…进入小批量生产阶段""",https://static.cninfo.com.cn/finalpage/2026-04-24/1225172598.PDF,2026-07-25,"判定闸-生产中(codex核锚:厂内集成型小批量,非裸PIC外售;双栏串行本地复核实质HIT)",摘录索引；本轮未逐条回原始来源；不得据节点类别生成产品BOM或供应关系
points原记录,P103,光迅科技,C6,"""智能光网络应用光器件包括WSS、OTDR、相干器件等""(主要产品语境;在建工程另列相干器件与模块项目)",https://static.cninfo.com.cn/finalpage/2026-04-23/1225148212.PDF,2026-07-25,判定闸-生产中(codex核锚:保持相干器件集合粒度),摘录索引；本轮未逐条回原始来源；不得据节点类别生成产品BOM或供应关系
points原记录,P104,德科立,C6,"""光无源模块包括光开关、相干器件、WSS、OXC光背板等产品""(主营产品自述+以自主生产为主)",http://static.cninfo.com.cn/finalpage/2026-03-31/1225064041.PDF,2026-07-25,判定闸-生产中(codex核锚:集合名称不拆ITLA/ICR),摘录索引；本轮未逐条回原始来源；不得据节点类别生成产品BOM或供应关系
points原记录,P105,联特科技,D2,"""公司光模块产品主要由光发射组件TOSA、光接收组件ROSA…构成…光器件的生产工序包括软板焊接、元件贴装、COC贴装、金丝键合、耦合…""",https://static.cninfo.com.cn/finalpage/2026-04-29/1225239616.pdf,2026-07-25,"判定闸-生产中(codex核锚:BOM句+自产工序连读闭环,不证ROSA独立外售)",摘录索引；本轮未逐条回原始来源；不得据节点类别生成产品BOM或供应关系
points原记录,P106,东田微,D11,"""应用于波分复用器件的WDM滤光片(含CWDM/DWDM/LWDM等)及组件(如z-block组件)…WDM滤光片等高端产品已实现客户送样或小批量出货""",https://static.cninfo.com.cn/finalpage/2026-04-27/1225179306.PDF,2026-07-25,判定闸-生产中(codex核锚:本地复核HIT),摘录索引；本轮未逐条回原始来源；不得据节点类别生成产品BOM或供应关系
points原记录,P107,天孚通信,D11,"""产品表列示Optical Filter/Filter Block/WDM器件;已具备光收发模块上游配套光器件…规模量产能力…全工序厂内生产""",https://static.cninfo.com.cn/finalpage/2026-04-08/1225082705.PDF,2026-07-25,判定闸-生产中(codex核锚:产品表+量产陈述闭环),摘录索引；本轮未逐条回原始来源；不得据节点类别生成产品BOM或供应关系
points原记录,P108,新易盛,MOD2,"""高速相干技术光模块…完成项目设计及样品验证、进入小批量生产阶段;推出400G和800G ZR/ZR+相干光模块产品""",https://static.cninfo.com.cn/finalpage/2026-04-24/1225172598.PDF,2026-07-25,判定闸-生产中(codex核锚:研发项目表+产品段合用),摘录索引；本轮未逐条回原始来源；不得据节点类别生成产品BOM或供应关系
points原记录,P109,德科立,MOD1,"""初步完成硅光技术平台的搭建,完成800G和1.6T基于硅光芯片的光收发模块开发,正在推向量产""",http://static.cninfo.com.cn/finalpage/2026-03-31/1225064041.PDF,2026-07-25,"判定闸-在建(codex核锚:量产导入=在建,不提前标量产)",摘录索引；本轮未逐条回原始来源；不得据节点类别生成产品BOM或供应关系
points原记录,P110,北方华创,EQ1,"""已形成…外延…和金属有机化学气相沉积设备的全系列布局…主要批量销售…8英寸MOCVD…用于功率、射频、光电子、Micro LED…外延生长""",https://static.cninfo.com.cn/finalpage/2026-04-18/1225122918.PDF,2026-07-25,"判定闸-生产中(codex核锚:通用光电子MOCVD,未专指InP/GaAs光通信)",摘录索引；本轮未逐条回原始来源；不得据节点类别生成产品BOM或供应关系
points原记录,P111,北方华创,EQ2,"""刻蚀设备领域已形成ICP、CCP…多系列产品布局…批量销售""(同段:离子束刻蚀适用于激光器、探测器等光电子器件)",https://static.cninfo.com.cn/finalpage/2026-04-18/1225122918.PDF,2026-07-25,判定闸-生产中(codex核锚:通用刻蚀+光电子适用句),摘录索引；本轮未逐条回原始来源；不得据节点类别生成产品BOM或供应关系
points原记录,P112,苏大维格,EQ2,"""对外销售的光刻设备主要为激光直写光刻设备…已实现对国内部分行业的头部企业的销售""",https://static.cninfo.com.cn/finalpage/2026-04-24/1225172470.PDF,2026-07-25,"判定闸-生产中(codex核锚:生产+外销明确,客户应用较宽)",摘录索引；本轮未逐条回原始来源；不得据节点类别生成产品BOM或供应关系
points原记录,P113,拓荆科技,EQ5,"""已形成晶圆对晶圆混合键合…三维集成设备产品,已广泛应用于…硅光技术…;混合键合设备实现营业收入1.36亿元…量产规模大幅提升""",https://static.cninfo.com.cn/finalpage/2026-04-28/1225222226.PDF,2026-07-25,判定闸-生产中(codex核锚:设备+硅光应用+收入订单闭环;本地复核HIT),摘录索引；本轮未逐条回原始来源；不得据节点类别生成产品BOM或供应关系
points原记录,P114,矽电股份,EQ6,"""近年来公司研发并量产了分选机、曝光机和AOI检测设备等其他半导体专用设备""(上文客户覆盖光电芯片企业)",https://static.cninfo.com.cn/finalpage/2026-04-22/1225138756.PDF,2026-07-25,"判定闸-生产中(codex核锚:量产明确,客户名单仅补语境)",摘录索引；本轮未逐条回原始来源；不得据节点类别生成产品BOM或供应关系
points原记录,P115,中微公司,EQ1,"""公司硅和锗硅外延EPI设备已顺利运付客户端进行量产验证,并且获得客户高度认可"";""在MOCVD领域,用于氮化镓基LED外延生产的设备已在行业领先客户生产线上大规模投入量产…成为氮化镓基LED市场份额最大的MOCVD设备供应商""",https://static.cninfo.com.cn/finalpage/2026-03-31/1225062431.PDF,2026-07-26,"判定闸-生产中(本地复核HIT;通用光电子/LED MOCVD+锗硅EPI,未专指InP/GaAs光通信,同P110北方华创口径)",摘录索引；本轮未逐条回原始来源；不得据节点类别生成产品BOM或供应关系
points原记录,P116,罗博特科,EQ3,"""光子封测设备及系统:光子器件集成耦合设备、Bond自动化超高精度贴片设备、光纤预…""(主要业务/产品表列示)",https://static.cninfo.com.cn/finalpage/2026-03-31/1225059372.PDF,2026-07-26,"判定闸-生产中(本地复核HIT;明确光子封测语域,首个EQ3点)",摘录索引；本轮未逐条回原始来源；不得据节点类别生成产品BOM或供应关系
points原记录,P117,炬光科技,D9,"""V型槽阵列…用于高精度光纤阵列定位与固定…FTTX网络中的PLC分路器、WDM系统中的AWG、光纤单元阵列(FAU)等多通道光纤连接和集成,确保光纤阵列的精准对准,提升多通道光纤间的耦合效率""(产品表,数据中心/定制)",https://static.cninfo.com.cn/finalpage/2026-04-29/1225227562.PDF,2026-07-26,"判定闸-生产中(产品表列示;公司已在册P053@D7,本点为D9新能力)",摘录索引；本轮未逐条回原始来源；不得据节点类别生成产品BOM或供应关系
points原记录,P118,优迅股份,C5,"""国内光通信电芯片领域的领军企业…专注于光通信前端收发电芯片的研发、设计与销售…承担着对光通信电信号进行放大、驱动、重定时…产品广泛应用于光模组中""(国家级制造业单项冠军)",https://static.cninfo.com.cn/finalpage/2026-04-10/1225088673.PDF,2026-07-26,"判定闸-生产中(主营自述,TIA/驱动/CDR全线)",摘录索引；本轮未逐条回原始来源；不得据节点类别生成产品BOM或供应关系
points原记录,P119,长芯博创,MOD1,"""多模400GSR4、800GSR8产品具备批量供货能力""(原博创科技,业务覆盖光电芯片、光电模组、光模块、AOC)",https://static.cninfo.com.cn/finalpage/2026-03-28/1225045047.PDF,2026-07-26,判定闸-生产中(批量供货自述),摘录索引；本轮未逐条回原始来源；不得据节点类别生成产品BOM或供应关系
points原记录,P120,长芯博创,MOD3,"""应用于电信市场的产品包括用于光纤到户网络的PLC光分路器和光纤接入网(PON)光收发模块…持续推进PON光模块产品迭代升级""",https://static.cninfo.com.cn/finalpage/2026-03-28/1225045047.PDF,2026-07-26,判定闸-生产中(主营自述),摘录索引；本轮未逐条回原始来源；不得据节点类别生成产品BOM或供应关系
points原记录,P121,长芯博创,D8,"""用于骨干网和城域网密集波分复用(DWDM)系统的阵列波导光栅(AWG)…面向数据中心互联场景的无热阵列波导光栅(AAWG)实现批量出货""",https://static.cninfo.com.cn/finalpage/2026-03-28/1225045047.PDF,2026-07-26,判定闸-生产中(批量出货自述),摘录索引；本轮未逐条回原始来源；不得据节点类别生成产品BOM或供应关系
points原记录,P122,路维光电,M3,"""国内领先的专业第三方掩膜版厂商…为晶圆厂商、IC设计公司、封测厂商…提供掩膜版产品…先进封装掩膜版龙头供应商,半导体制程布局国内领先(14nm)"";行业段:""硅光芯片…制造依赖于多层光刻工艺(通常20-40层甚至更高),对应新增一整套掩膜版需求""",https://static.cninfo.com.cn/finalpage/2025-03-28/1222929157.PDF,2026-07-26,"判定闸-生产中(通用光刻母版=M3光刻耗材;硅光段为需求侧论证非客户证据,同P110北方华创通用口径)",摘录索引；本轮未逐条回原始来源；不得据节点类别生成产品BOM或供应关系
points原记录,P123,聚飞光电,D12,"""公司自研的10G、25G、100G、200GSR光引擎项目持续稳定量产…原已搭建完成应用于数据中心的400G、800G光模块项目工艺平台及量产线,其中400GSR、800GSR8光引擎项目持续出货,与部分客户合作开发的800GSR8代工项目正在推进中""",https://static.cninfo.com.cn/finalpage/2026-04-18/1225120883.PDF,2026-07-26,判定闸-生产中(光引擎量产+出货双主张;此前EQ8候选已驳回不影响本格),摘录索引；本轮未逐条回原始来源；不得据节点类别生成产品BOM或供应关系
points原记录,P124,蓝特光学,D7,"""主营业务为光学元器件的研发、生产和销售…形成了光学棱镜、光学透镜、光学晶圆等多个产品系列"";""目前主要业务集中在以智能手机为代表的消费电子市场、以车载高清摄像头/激光雷达为代表的汽车电子市场、以高速光模块需求为代表的光通信市场""",https://static.cninfo.com.cn/finalpage/2026-03-17/1225013060.PDF,2026-07-26,判定闸-生产中(主要业务集中于光通信市场自述+透镜产品线),摘录索引；本轮未逐条回原始来源；不得据节点类别生成产品BOM或供应关系
points原记录,P125,新益昌,EQ3,"""料卷式摆臂共晶机(HAD810-RJ)…自研精密力控双摆臂固晶结构,产能(UPH)38K/H,精度±25um。适用于半导体激光二极管封装,在光通讯领域(如2.5G、10G、25G光模块元器件)和激光显示领域应用广泛""",https://static.cninfo.com.cn/finalpage/2026-04-28/1225210169.PDF,2026-07-26,"判定闸-生产中(KN001准入①光通信应用自述;±25µm属2.5G-25G中低速档,非猎奇±1-3µm高速档,档位注记)",摘录索引；本轮未逐条回原始来源；不得据节点类别生成产品BOM或供应关系
points原记录,P126,东睦股份,B2,"""报告期内,公司成功开发了用于光模块散热的MIM结构件,主要用于满足国内某头部企业的复杂设计高散热需求,并顺利承接了800G\1600G等相关项目,目前正处于开发阶段,且尚未实现销售收入""",https://static.cninfo.com.cn/finalpage/2026-04-21/1225127680.PDF,2026-07-26,"判定闸-在建(承接项目+开发阶段+未售,诚实自述典范)",摘录索引；本轮未逐条回原始来源；不得据节点类别生成产品BOM或供应关系
points原记录,P128,三安光电,C1,"""光通讯类：主要适用于5G网络、接入光通讯芯片、CW光源、EML、DFB、FP、VCSEL、网、数据中心以及AI应用场景""",https://static.cninfo.com.cn/finalpage/2026-04-25/1225193540.PDF,2026-07-26,判定闸-生产中(子代理起草+引语机械验证;主要产品表自述光通讯芯片含CW光源/EML/DFB/FP),摘录索引；本轮未逐条回原始来源；不得据节点类别生成产品BOM或供应关系
points原记录,P129,上海贝岭,C5,"""网络通信领域存储器、专用SoC、电源等产品在接入网及中低速光模块市场份额持续提升，并积极向高速数通场景渗透""",https://static.cninfo.com.cn/finalpage/2026-03-31/1225051104.PDF,2026-07-26,判定闸-生产中(子代理起草+引语机械验证;存储器/专用SoC/电源芯片在光模块市场份额持续提升（在售），另有'光模块应用储能应用的AFE产品实现量产'；C5口径已),摘录索引；本轮未逐条回原始来源；不得据节点类别生成产品BOM或供应关系
points原记录,P130,东山精密,C1,"""索尔思光电拥有覆盖磷化铟衬底、外延材料至光芯片的全流程研发与工艺体系，技术壁垒持续夯实。目前CWlaser已实现规模化量产""",https://static.cninfo.com.cn/finalpage/2026-04-22/1225139318.PDF,2026-07-26,判定闸-生产中(子代理起草+引语机械验证;并表子公司索尔思CW激光器芯片规模化量产),摘录索引；本轮未逐条回原始来源；不得据节点类别生成产品BOM或供应关系
points原记录,P131,东山精密,M2a,"""索尔思光电拥有覆盖磷化铟衬底、外延材料至光芯片的全流程研发与工艺体系，技术壁垒持续夯实。目前CWlaser已实现规模化量产""",https://static.cninfo.com.cn/finalpage/2026-04-22/1225139318.PDF,2026-07-26,判定闸-生产中(子代理起草+引语机械验证;内制InP外延支撑芯片量产（内制外延，非对外销售）),摘录索引；本轮未逐条回原始来源；不得据节点类别生成产品BOM或供应关系
points原记录,P132,东山精密,MOD3,"""产品覆盖10GPON与25G/50GPON，符合F5G及F5G-A标准，广泛部署于FTTH、企业宽带""",https://static.cninfo.com.cn/finalpage/2026-04-22/1225139318.PDF,2026-07-26,判定闸-生产中(子代理起草+引语机械验证;PON光模块产品覆盖并广泛部署；另有50GSFP56无线接入模块小批量出货佐证),摘录索引；本轮未逐条回原始来源；不得据节点类别生成产品BOM或供应关系
points原记录,P133,东山精密,MOD1,"""通过收购索尔思光电，公司跻身全球光模块核心供应商行列，构建起“光模块（含光芯片）+AIPCB”的AI算力核心硬件产品的布局，成为全球唯一一家具备PCB、光芯片及光模块从研发、设计到量产全流程能力的企业""",https://static.cninfo.com.cn/finalpage/2026-04-22/1225139318.PDF,2026-07-26,判定闸-生产中(子代理起草+引语机械验证;光模块量产供应AIDC的主营自述；注意：800G/1.6T具体速率级在语料中多处于方案验证/样品阶段，复核时可酌情降为待),摘录索引；本轮未逐条回原始来源；不得据节点类别生成产品BOM或供应关系
points原记录,P134,中兴通讯,C5,"""800G相干DSP芯片等，已在运营商或互联网等多个行业发货""",https://static.cninfo.com.cn/finalpage/2026-03-07/1225000301.PDF,2026-07-26,判定闸-生产中(子代理起草+引语机械验证;自研芯片明述'已发货'，相干DSP属C5),摘录索引；本轮未逐条回原始来源；不得据节点类别生成产品BOM或供应关系
points原记录,P135,中天科技,MOD1,"""智算中心相关业务营收大幅提升，其中高速光模块产品实现规模出货""",https://static.cninfo.com.cn/finalpage/2026-04-25/1225177318.PDF,2026-07-26,判定闸-生产中(子代理起草+引语机械验证;800G光模块为光电智连系统产品且规模出货，跻身阿里腾讯数据中心供应商),摘录索引；本轮未逐条回原始来源；不得据节点类别生成产品BOM或供应关系
points原记录,P136,中天科技,D9,"""光模块、MPO连接器等产品实现批量供货""",https://static.cninfo.com.cn/finalpage/2026-04-25/1225177318.PDF,2026-07-26,判定闸-生产中(子代理起草+引语机械验证;MPO连接器对头部互联网大厂批量供货),摘录索引；本轮未逐条回原始来源；不得据节点类别生成产品BOM或供应关系
points原记录,P137,中瓷电子,B2,"""公司开创了我国光通信器件陶瓷外壳产品领域，持续创新材料和精益技术，氮化铝薄膜基板已实现批量供货，已成为国内规模最大的高端电子陶瓷外壳制造商，光模块封装用陶瓷外壳和基板市占率处于全球头部地位""",https://static.cninfo.com.cn/finalpage/2026-04-29/1225224991.PDF,2026-07-26,判定闸-生产中(子代理起草+引语机械验证;光通信器件陶瓷外壳+氮化铝基板批量供货、全球头部市占；语义亦贴合D4陶瓷管壳，建议判定闸复核归格),摘录索引；本轮未逐条回原始来源；不得据节点类别生成产品BOM或供应关系
points原记录,P138,中际旭创,MOD3,"""为云数据中心客户提供100G、200G、400G、800G和1.6T的高速光模块，为电信设备商客户提供5G前传、中传和回传光模块""",https://static.cninfo.com.cn/finalpage/2026-03-31/1225056459.PDF,2026-07-26,判定闸-生产中(子代理起草+引语机械验证;主营自述明确电信前传/中传/回传模块供货),摘录索引；本轮未逐条回原始来源；不得据节点类别生成产品BOM或供应关系
points原记录,P139,亨通光电,MOD3,"""可提供GPON/XGPON/XGSPONCOMBOPONOLT模块产品解决方案，同时在下一代50GPON“万兆光网”应用领域，发布了50GCOMBOPONOLT非对称光模块""",https://static.cninfo.com.cn/finalpage/2026-04-25/1225195764.PDF,2026-07-26,判定闸-生产中(子代理起草+引语机械验证;全系列前传彩光/PON局端及接入光模块产品自述),摘录索引；本轮未逐条回原始来源；不得据节点类别生成产品BOM或供应关系
points原记录,P140,亨通光电,MOD1,"""面向算力中心应用场景，可提供从10G到800G全系列AOC产品以及高速光模块产品，多款超低功耗AOC产品助力国内超算中心建设获得了客户的好评""",https://static.cninfo.com.cn/finalpage/2026-04-25/1225195764.PDF,2026-07-26,判定闸-生产中(子代理起草+引语机械验证;10G-800G AOC及高速光模块供货并有超算客户使用反馈(配图亨通800GDR8)),摘录索引；本轮未逐条回原始来源；不得据节点类别生成产品BOM或供应关系
points原记录,P141,仕佳光子,C1,"""公司DFB激光器芯片在接入网实现稳定批量供货，是接入网领域的重要芯片供应商。公司数据中心硅光用连续波激光CWDFB光源及器件已实现小批量供货。""",https://static.cninfo.com.cn/finalpage/2026-04-18/1225122538.PDF,2026-07-26,判定闸-生产中(子代理起草+引语机械验证;DFB接入网稳定批量供货+硅光CWDFB光源小批量供货，主营自述；EML仍在客户验证不计入),摘录索引；本轮未逐条回原始来源；不得据节点类别生成产品BOM或供应关系
points原记录,P142,仕佳光子,D9,"""800G/1.6T光模块用MT-FA产品部分已批量应用，部分处于客户验证和推广阶段。应用于CPO的高通道FAU产品已实现小批量出货。""",https://static.cninfo.com.cn/finalpage/2026-04-18/1225122538.PDF,2026-07-26,判定闸-生产中(子代理起草+引语机械验证;MT-FA批量应用+CPO用FAU小批量出货),摘录索引；本轮未逐条回原始来源；不得据节点类别生成产品BOM或供应关系
points原记录,P143,光库科技,C6,"""在铌酸锂调制器及芯片领域，公司生产的96Gbaud和130GBaud薄膜铌酸锂相干驱动调制器、70GHz薄膜铌酸锂模拟调制器""",https://static.cninfo.com.cn/finalpage/2026-03-24/1225026091.PDF,2026-07-26,判定闸-生产中(子代理起草+引语机械验证;自述'公司生产的'相干驱动调制器/相干调制器，属相干光组件，量产在售),摘录索引；本轮未逐条回原始来源；不得据节点类别生成产品BOM或供应关系
points原记录,P144,光库科技,D8,"""2、光通讯器件的设计、研发、生产、销售及服务主要产品包括隔离器、MEMSSwitch、波分复用器、偏振分束/合束器、光纤光栅、镀金光纤、光纤透镜、单芯和多芯光纤密封节等""",https://static.cninfo.com.cn/finalpage/2026-03-24/1225026091.PDF,2026-07-26,判定闸-生产中(子代理起草+引语机械验证;主营列表含波分复用器（另有WDM模块），属D8波分复用格),摘录索引；本轮未逐条回原始来源；不得据节点类别生成产品BOM或供应关系
points原记录,P145,光库科技,D9,"""光纤阵列产品，主要应用于100Gbps、400Gbps、800Gbps等高速、超高速光模块、相干通讯模块和WSS产品中，并成为全球主流头部数据通讯公司的核心供应商""",https://static.cninfo.com.cn/finalpage/2026-03-24/1225026091.PDF,2026-07-26,判定闸-生产中(子代理起草+引语机械验证;FAU/MPO/保偏光纤阵列主营+头部数通公司核心供应商自述),摘录索引；本轮未逐条回原始来源；不得据节点类别生成产品BOM或供应关系
points原记录,P146,光库科技,D7,"""2、光通讯器件的设计、研发、生产、销售及服务主要产品包括隔离器、MEMSSwitch、波分复用器、偏振分束/合束器、光纤光栅、镀金光纤、光纤透镜、单芯和多芯光纤密封节等""",https://static.cninfo.com.cn/finalpage/2026-03-24/1225026091.PDF,2026-07-26,判定闸-生产中(子代理起草+引语机械验证;主营列表含光纤透镜；另有CPO微光学连接器'开发了…提供了解决方案'，D7置信度低于其余格，闸内可降档),摘录索引；本轮未逐条回原始来源；不得据节点类别生成产品BOM或供应关系
points原记录,P147,光迅科技,C1,"""公司拥有多种类型激光器芯片（FP、DFB、EML、VCSEL等）、探测器芯片（PD、APD）以及SiP芯片平台，为直接调制和相干调制方案提供坚实支撑""",https://static.cninfo.com.cn/finalpage/2026-04-23/1225148212.PDF,2026-07-26,判定闸-生产中(子代理起草+引语机械验证;自述拥有DFB/EML激光器芯片平台且具规模量产能力),摘录索引；本轮未逐条回原始来源；不得据节点类别生成产品BOM或供应关系
points原记录,P148,光迅科技,C3,"""公司拥有多种类型激光器芯片（FP、DFB、EML、VCSEL等）、探测器芯片（PD、APD）以及SiP芯片平台，为直接调制和相干调制方案提供坚实支撑""",https://static.cninfo.com.cn/finalpage/2026-04-23/1225148212.PDF,2026-07-26,判定闸-生产中(子代理起草+引语机械验证;PD/APD探测器芯片自有),摘录索引；本轮未逐条回原始来源；不得据节点类别生成产品BOM或供应关系
points原记录,P149,光迅科技,D8,"""无源光器件产品包括AWG（阵列波导光栅）、VMUX（光功率可调波分复用器）、WDM（波分复用器）、VOA（可调光衰减器）""",https://static.cninfo.com.cn/finalpage/2026-04-23/1225148212.PDF,2026-07-26,判定闸-生产中(子代理起草+引语机械验证;AWG/波分复用为自家无源产品线),摘录索引；本轮未逐条回原始来源；不得据节点类别生成产品BOM或供应关系
points原记录,P150,光迅科技,MOD3,"""固网接入类主要应用于接入网光纤到户（FTTH），产品有XGSPON&GPONOLT/ONU的BOSA，10GbpsPON(10GEPON/10GGPON/10GComboPON)BOSA和光收发模块等""",https://static.cninfo.com.cn/finalpage/2026-04-23/1225148212.PDF,2026-07-26,判定闸-生产中(子代理起草+引语机械验证;接入类光收发模块为主营产品),摘录索引；本轮未逐条回原始来源；不得据节点类别生成产品BOM或供应关系
points原记录,P151,则成电子,EMS1,"""公司在光模块电子装联部分业务取得进展，公司首条量产产线已于2025年第四季度完成规划，并成功落地武汉，有望在2026年上半年完成首批试产订单""",https://static.cninfo.com.cn/finalpage/2026-04-24/1225194265.PDF,2026-07-26,判定闸-在建(子代理起草+引语机械验证;光模块电子装联量产产线落地武汉、待首批试产，属代工产线在建),摘录索引；本轮未逐条回原始来源；不得据节点类别生成产品BOM或供应关系
points原记录,P152,南大光电,M3,"""MO源系列产品是制备LED、新一代太阳能电池、相变存储器、半导体激光器、射频集成电路芯片等产品的核心原材料，在半导体照明、信息通讯等领域有极其重要的作用。公司是全球主要的MO源制造商之一""",https://static.cninfo.com.cn/finalpage/2026-04-10/1225087469.PDF,2026-07-26,判定闸-生产中(子代理起草+引语机械验证;全球主要MO源制造商，产品用途明列半导体激光器；磷烷/砷烷特气亦为主营（高纯类主用LED、安全源类主用IC，光芯片场景为),摘录索引；本轮未逐条回原始来源；不得据节点类别生成产品BOM或供应关系
points原记录,P153,天孚通信,D7,"""在无源器件方面，公司持续研发升级波分复用器件、高密度连接器及微光学组件等高精密无源产品，助力客户新产品交付。""",https://static.cninfo.com.cn/finalpage/2026-04-08/1225082705.PDF,2026-07-26,判定闸-生产中(子代理起草+引语机械验证;精密微光学组件为主营解决方案且持续交付),摘录索引；本轮未逐条回原始来源；不得据节点类别生成产品BOM或供应关系
points原记录,P154,天孚通信,D8,"""产品名称复用技术传输速率信号传输损耗抗干扰指标封装模式性能指标AWG器件波分复用<2.0dB>30dB隔离器组件<0.3dB>30dB""",https://static.cninfo.com.cn/finalpage/2026-04-08/1225082705.PDF,2026-07-26,判定闸-生产中(子代理起草+引语机械验证;通信传输零部件关键指标表自列AWG器件为在售产品（OCR混排但连续）),摘录索引；本轮未逐条回原始来源；不得据节点类别生成产品BOM或供应关系
points原记录,P155,天孚通信,D9,"""形成了并行光学设计与制造技术平台、光学模拟/设计技术平台、FAU光线阵列设计与制造技术平台、高速光引擎设计与封装技术平台等创新技术平台""",https://static.cninfo.com.cn/finalpage/2026-04-08/1225082705.PDF,2026-07-26,判定闸-生产中(子代理起草+引语机械验证;FAU光纤阵列设计与制造平台+规模量产能力自述),摘录索引；本轮未逐条回原始来源；不得据节点类别生成产品BOM或供应关系
points原记录,P156,太辰光,D9,"""分步增加生产场地及扩大生产规模，主要包括陶瓷插芯、MPO及常规跳线、MMC及MDC高密连接器、模块跳线等""",https://static.cninfo.com.cn/finalpage/2026-03-31/1225061015.PDF,2026-07-26,判定闸-生产中(子代理起草+引语机械验证;MPO跳线/高密连接器主营量产扩产；FAU产品开发基本实现项目目标),摘录索引；本轮未逐条回原始来源；不得据节点类别生成产品BOM或供应关系
points原记录,P157,威尔高,B1,"""公司主营业务是印制电路板的研发、生产和销售，产品类型包括高多层厚铜HDI板（电机、电控、电源）、MiniLED光电板、平面变压器、光模块等""",https://static.cninfo.com.cn/finalpage/2026-04-28/1225202924.PDF,2026-07-26,判定闸-生产中(子代理起草+引语机械验证;PCB厂主营自述产品类型含光模块(即光模块用PCB)，并列应用于数字通讯领域),摘录索引；本轮未逐条回原始来源；不得据节点类别生成产品BOM或供应关系
points原记录,P158,富士达,B2,"""主要产品类型为陶瓷封装管壳和陶瓷多层基板，封装管壳包括应用于航空航天、光先进CSMD、CSOP、通信、汽车电子、高陶瓷CBGA、CQFN、端消费电子等领域""",https://static.cninfo.com.cn/finalpage/2026-03-27/1225045678.PDF,2026-07-26,判定闸-生产中(子代理起草+引语机械验证;先进陶瓷封装管壳/多层基板为主营产品，应用领域自述含光通信(PDF表格两列交错致引语穿插，原义为'应用于航空航天、光通信),摘录索引；本轮未逐条回原始来源；不得据节点类别生成产品BOM或供应关系
points原记录,P159,德科立,MOD3,"""电信传输类光收发模块包括从155M、1.25G、10G、100G到400G及以上速率相干和非相干光收发模块，支持10km、40km、80km及以上传输距离""",本地扫描(),2026-07-26,判定闸-生产中(子代理起草+引语机械验证;电信传输/接入光收发模块为主营产品),摘录索引；本轮未逐条回原始来源；不得据节点类别生成产品BOM或供应关系
points原记录,P160,德科立,D3,"""宽带接入产品有GPONOLT、COMBOPON及BOSA等。无线接入产品主要包括前传子系统及各种10G、25G灰光和彩光光收发模块""",本地扫描(),2026-07-26,判定闸-生产中(子代理起草+引语机械验证;BOSA为自家宽带接入产品),摘录索引；本轮未逐条回原始来源；不得据节点类别生成产品BOM或供应关系
points原记录,P161,思瑞浦,C5,"""光模块控制芯片主要用于激光器和调制器的电压、电流偏置""",https://static.cninfo.com.cn/finalpage/2026-03-31/1225060234.PDF,2026-07-26,判定闸-生产中(子代理起草+引语机械验证;主要产品表自有'光模块控制芯片'品类，支持400G/800G/1.6T方案；营收增长自述归因光模块市场（同比+75.65),摘录索引；本轮未逐条回原始来源；不得据节点类别生成产品BOM或供应关系
points原记录,P162,意华股份,B2,"""公司具备高速光模块精密壳体及散热组件研发及批量交付能力，研发及生产的QSFP/OSFP等800G/1.6T高速模块壳体已大批量交付海思等光模块企业""",https://static.cninfo.com.cn/finalpage/2026-04-29/1225233182.PDF,2026-07-26,判定闸-生产中(子代理起草+引语机械验证;800G/1.6T光模块壳体+散热组件大批量交付光模块企业),摘录索引；本轮未逐条回原始来源；不得据节点类别生成产品BOM或供应关系
points原记录,P163,方正科技,B1,"""高层高阶UHD产品已通过头部厂商认证并批量交付，应用于800G及1.6T高端光模块产品已完成技术迭代与批量生产""",https://static.cninfo.com.cn/finalpage/2026-04-09/1225086146.PDF,2026-07-26,判定闸-生产中(子代理起草+引语机械验证;800G/1.6T光模块用UHD PCB认证通过并批量生产交付),摘录索引；本轮未逐条回原始来源；不得据节点类别生成产品BOM或供应关系
points原记录,P164,明阳电路,B1,"""目前，高速服务器、AI加速卡、800G光模块产品已经进入小批量阶段""",https://static.cninfo.com.cn/finalpage/2026-04-25/1225193330.PDF,2026-07-26,判定闸-生产中(子代理起草+引语机械验证;PCB主业自述800G光模块（PCB）进入小批量，比照新易盛C4小批量先例计生产中；宁严可改在建),摘录索引；本轮未逐条回原始来源；不得据节点类别生成产品BOM或供应关系
points原记录,P165,永鼎股份,C1,"""推进70mW、100mWCW-DFB及100GEML产品的批量化生产与性能迭代""",https://static.cninfo.com.cn/finalpage/2026-04-21/1225133679.PDF,2026-07-26,判定闸-生产中(子代理起草+引语机械验证;自有IDM激光器FAB，CW-DFB/EML批量化生产),摘录索引；本轮未逐条回原始来源；不得据节点类别生成产品BOM或供应关系
points原记录,P166,永鼎股份,D11,"""无源光器件：涵盖阵列波导光栅（AWG）、滤波片（Filter）、MT-FA（MT光纤阵列）、MUX/DEMUX（复用器/解复用器）组件，以及DWDM/CCWDM/CDWDM（密集波分复用/紧凑型粗波分复用/可调谐波分复用）、环形器、隔离器、Z-BLOCK（Z型滤波片组件）等数据中心光模块关键组件""",https://static.cninfo.com.cn/finalpage/2026-04-21/1225133679.PDF,2026-07-26,判定闸-生产中(子代理起草+引语机械验证;Filter/Z-BLOCK为核心产品，另有'扩大DWDM滤光片市场份额'佐证),摘录索引；本轮未逐条回原始来源；不得据节点类别生成产品BOM或供应关系
points原记录,P167,源杰科技,P1,"""报告期内，公司主要向客户销售激光器芯片，但为满足部分客户需求，公司会将激光器芯片封装后进行销售""",https://static.cninfo.com.cn/finalpage/2026-03-25/1225028582.PDF,2026-07-26,判定闸-生产中(子代理起草+引语机械验证;自述将激光器芯片封装后销售，具备芯片封装出货能力),摘录索引；本轮未逐条回原始来源；不得据节点类别生成产品BOM或供应关系
points原记录,P168,澳弘电子,B1,"""公司产品已应用于光模块、网通信号模块、机顶盒、路由器、低轨卫星互联网、网络摄像机等产品中""",https://static.cninfo.com.cn/finalpage/2026-04-16/1225105752.PDF,2026-07-26,判定闸-生产中(子代理起草+引语机械验证;PCB主业自述产品已应用于光模块（应用领域列举中光模块明确在列，属自家产品去向主张；证据强度中等，复核可酌情要求营收/客),摘录索引；本轮未逐条回原始来源；不得据节点类别生成产品BOM或供应关系
points原记录,P169,炬光科技,D7,"""应用于光通信模块、共封装具有多条精密加工V型凹光学（CPO）、光纤连接器、槽状结构，用于高精度光FTTX网络中的PLC分路纤阵列定位与固定，通道V型槽阵列器、WDM系统中的AWG、间距、槽深及外形尺寸可光纤单元阵列(FAU)等多通数据中心定制道光纤连接和集成""",https://static.cninfo.com.cn/finalpage/2026-04-29/1225227562.PDF,2026-07-26,判定闸-生产中(子代理起草+引语机械验证;光学元器件典型产品表：V型槽阵列/光纤耦合准直微透镜/微棱镜透镜阵列，自述应用于光通信模块、CPO、WSS/OCS、FA),摘录索引；本轮未逐条回原始来源；不得据节点类别生成产品BOM或供应关系
points原记录,P170,生益科技,M5,"""自主生产覆铜板、半固化片、绝缘层压板、金属基覆铜箔板、涂树脂铜箔、覆盖膜类等高端电子材料。产品主要供制作单、双面线路板及高多层线路板，广泛应用于高算力、AI服务器""",https://static.cninfo.com.cn/finalpage/2026-04-25/1225195409.PDF,2026-07-26,判定闸-生产中(子代理起草+引语机械验证;高速板材（CCL）主营自述量产在售；光模块专用未点名，M5为其结构性供给格),摘录索引；本轮未逐条回原始来源；不得据节点类别生成产品BOM或供应关系
points原记录,P171,矽电股份,EQ7,"""光通信芯片测试是公司产品应用领域之一，公司目前销售适用于PD/APD/VCSEL等芯片测试的探针测试一体机、分选机、AOI等设备，适用于硅光晶圆测试的12吋全自动高精度晶圆探针台设备""",https://static.cninfo.com.cn/finalpage/2026-08-04/1225457716.PDF,2026-08-23,"判定闸-生产中(2026-08-23证据升级:投关表20260804自述光通信芯片测试为应用领域之一,PD/APD/VCSEL探针测试一体机/分选机/AOI目前销售+12吋硅光晶圆探针台;前锚招股书4-6吋晶粒探针台光电芯片测试2026-07-26)",摘录索引；本轮未逐条回原始来源；不得据节点类别生成产品BOM或供应关系
points原记录,P172,罗博特科,EQ4,"""其生产的设备主要用于光子元器件的微组装及测试，包括硅光芯片、量子器件、光模块、激光雷达、大功率激光器、光学传感器、生物传感器的耦合、封装和测试等，应用于光计算、光互连及光感知领域。""",https://static.cninfo.com.cn/finalpage/2026-03-31/1225059372.PDF,2026-07-26,判定闸-生产中(子代理起草+引语机械验证;ficonTEC耦合封装设备，光互连应用+Intel/Cisco/NVIDIA等光通信客户自述，过EQ加严),摘录索引；本轮未逐条回原始来源；不得据节点类别生成产品BOM或供应关系
points原记录,P173,罗博特科,EQ7,"""高速光电子及半导体硅光模组/CPO模组测试设备光子封测设备及系统光子器件集成耦合设备、Bond自动化超高精度贴片设备""",https://static.cninfo.com.cn/finalpage/2026-03-31/1225059372.PDF,2026-07-26,判定闸-生产中(子代理起草+引语机械验证;硅光模组/CPO模组测试设备为主营产品，光场景明确),摘录索引；本轮未逐条回原始来源；不得据节点类别生成产品BOM或供应关系
points原记录,P174,联特科技,MOD1,"""基于单波100G的800G/400G产品已完成多技术方案的开发，并实现规模化量产""",https://static.cninfo.com.cn/finalpage/2026-04-29/1225239616.pdf,2026-07-26,判定闸-生产中(子代理起草+引语机械验证;800G/400G数通模块规模化量产自述；1.6T为小批量试产),摘录索引；本轮未逐条回原始来源；不得据节点类别生成产品BOM或供应关系
points原记录,P175,联特科技,MOD3,"""公司继续巩固在电信市场的既有优势，通过数据通信与电信市场的协同发展，构建覆盖多应用场景的完整产品组合""",https://static.cninfo.com.cn/finalpage/2026-04-29/1225239616.pdf,2026-07-26,判定闸-生产中(子代理起草+引语机械验证;主营'专注于光通信收发模块的研发、生产和销售'+电信市场既有优势自述；证据强度弱于MOD1，闸内可降待判),摘录索引；本轮未逐条回原始来源；不得据节点类别生成产品BOM或供应关系
points原记录,P176,腾景科技,D11,"""公司的数据中心高速光模块用CWDM滤光片、应用于WSS模块/OCS光交换机的光学元组件、非球透镜、高功率镀膜光纤线等产品，在细分领域具有较高的市场影响力""",https://static.cninfo.com.cn/finalpage/2026-04-25/1225177429.PDF,2026-07-26,判定闸-生产中(子代理起草+引语机械验证;数据中心高速光模块用CWDM滤光片自家产品),摘录索引；本轮未逐条回原始来源；不得据节点类别生成产品BOM或供应关系
points原记录,P177,腾景科技,D12,"""公司推出适用于可插拔光模块的高速EML/硅光COB光引擎及配套的无源组件、有源集成组件，产品应用于光通信领域""",https://static.cninfo.com.cn/finalpage/2026-04-25/1225177429.PDF,2026-07-26,判定闸-生产中(子代理起草+引语机械验证;自述已推出高速COB光引擎产品),摘录索引；本轮未逐条回原始来源；不得据节点类别生成产品BOM或供应关系
points原记录,P178,腾景科技,EQ7,"""公司的控股子公司GouMax的光测试仪器产品主要包括可调谐激光器、激光扫描分析仪、光谱仪、波长计、可调谐滤波器、梳状滤波器等设备及模块""",https://static.cninfo.com.cn/finalpage/2026-04-25/1225177429.PDF,2026-07-26,判定闸-生产中(子代理起草+引语机械验证;控股子公司光测试仪器在售，应用自述为光模块无源器件IL/PDL测量、硅光子芯片测量，满足EQ加严的光通信场景),摘录索引；本轮未逐条回原始来源；不得据节点类别生成产品BOM或供应关系
points原记录,P179,芯源微,EQ2,"""公司生产的化合物等小尺寸设备主要应用于4-8寸晶圆工艺，产品包括涂胶显影机、清洗机、去胶机等湿法类设备，可广泛应用于射频器件、功率器件、光通信、MEMS、LED工艺生产环节""",https://static.cninfo.com.cn/finalpage/2026-04-18/1225120170.PDF,2026-07-26,判定闸-生产中(子代理起草+引语机械验证;设备商主营自述且明确光通信工艺应用，满足EQ加严),摘录索引；本轮未逐条回原始来源；不得据节点类别生成产品BOM或供应关系
points原记录,P180,蘅东光,D9,"""报告期内，公司应用于400G、800G、1.6T光模块的无源内连光器件产品均已规模交付""",https://static.cninfo.com.cn/finalpage/2026-04-24/1225197157.PDF,2026-07-26,判定闸-生产中(子代理起草+引语机械验证;光模块用无源内连光器件（含硅光内连、MMC插芯光纤连接器已量产）规模交付自述),摘录索引；本轮未逐条回原始来源；不得据节点类别生成产品BOM或供应关系
points原记录,P181,铭普光磁,D1,"""光器件系列产品包括TOSA、BOSA、TriOSA、QOSA和ComboBOSA；光模块系列产品涵盖传送网、有线接入网、4G/5G无线网、数据中心、智算中心相关产品""",https://static.cninfo.com.cn/finalpage/2026-04-25/1225190103.PDF,2026-07-26,判定闸-生产中(子代理起草+引语机械验证;TOSA为光器件系列主营产品),摘录索引；本轮未逐条回原始来源；不得据节点类别生成产品BOM或供应关系
points原记录,P182,铭普光磁,D3,"""光器件系列产品包括TOSA、BOSA、TriOSA、QOSA和ComboBOSA；光模块系列产品涵盖传送网、有线接入网、4G/5G无线网、数据中心、智算中心相关产品""",https://static.cninfo.com.cn/finalpage/2026-04-25/1225190103.PDF,2026-07-26,判定闸-生产中(子代理起草+引语机械验证;BOSA/ComboBOSA为主营产品),摘录索引；本轮未逐条回原始来源；不得据节点类别生成产品BOM或供应关系
points原记录,P183,铭普光磁,MOD1,"""为数据中心/智算中心客户提供从10G到800G的全系列数通光模块；为电信设备商客户提供4G和5G网络承载传输的光模块；以及固网接入FTTx应用光模块""",https://static.cninfo.com.cn/finalpage/2026-04-25/1225190103.PDF,2026-07-26,判定闸-生产中(子代理起草+引语机械验证;自述提供至800G全系列数通光模块),摘录索引；本轮未逐条回原始来源；不得据节点类别生成产品BOM或供应关系
points原记录,P184,长芯博创,D9,"""应用于电信市场的产品包括用于光纤到户网络的PLC光分路器和光纤接入网（PON）光收发模块、用于骨干网和城域网密集波分复用（DWDM）系统的阵列波导光栅（AWG）和可调光功率波分复用器（VMUX）、用于无线承载网的前传、中回传光收发模块，用于光功率衰减的MEMS可调光衰减器（VOA）以及广泛应用于各种光器件中的光纤阵""",https://static.cninfo.com.cn/finalpage/2026-03-28/1225045047.PDF,2026-07-26,判定闸-生产中(子代理起草+引语机械验证;光纤阵列为主要产品),摘录索引；本轮未逐条回原始来源；不得据节点类别生成产品BOM或供应关系
points原记录,P185,长飞光纤,MOD1,"""除空芯光纤外，公司亦推出包括多芯光纤、高品质多模光纤、800G/1.6T高速光模块、绿色布线系统等产品与服务在内的综合解决方案，为智算中心提供高可靠、高性能、高扩展的全光底座""",https://static.cninfo.com.cn/finalpage/2026-03-28/1225048080.PDF,2026-07-26,判定闸-生产中(子代理起草+引语机械验证;自述已推出800G/1.6T高速光模块；光互联组件分部(含光模块)收入31.44亿元同比+48.58%，实体为子公司长芯),摘录索引；本轮未逐条回原始来源；不得据节点类别生成产品BOM或供应关系
points原记录,P186,阿石创,M3,"""专业从事PVD镀膜材料的研发、生产与销售，自主研发了超200款镀膜材料，已构建涵盖溅射靶材、蒸镀材料和镀膜配件等全品类PVD镀膜材料产品体系。主要产品覆盖平板显示、光学光通信、半导体、新能源四大应用领域""",https://static.cninfo.com.cn/finalpage/2026-04-28/1225215863.PDF,2026-07-26,判定闸-生产中(子代理起草+引语机械验证;靶材/蒸镀材料主营自述且应用领域含光学光通信(D11滤波片/镀膜上游耗材)),摘录索引；本轮未逐条回原始来源；不得据节点类别生成产品BOM或供应关系
points原记录,P187,锐捷网络,MOD1,"""公司自研的400G/800G高速光模块产品主要是面向有高性能计算网络组网需求的互联网厂商，适配其采购的数据中心交换机产品及整体解决方案进行销售。目前，400GLPO光模块已实现规模量产交付；800G光模块处于样机小规模适配阶段""(互动易2026-07-10董秘回答)",corpus/qa/301165/qa.jsonl#indexId=2301891159369191424；irm.cninfo.com.cn 互动易(准披露渠道),2026-07-27,"判定闸-生产中(互动易先导批;自研+规模量产双确认,解ODM存疑)",摘录索引；本轮未逐条回原始来源；不得据节点类别生成产品BOM或供应关系
points原记录,P188,鹏鼎控股,B1,"""公司1.6T光模块PCB用板已经供货，3.2T光模块PCB用板目前与客户开发中""(互动易2026-06-12董秘回答)",corpus/qa/002938/qa.jsonl#indexId=2284219833158844416；irm.cninfo.com.cn 互动易(准披露渠道),2026-07-27,判定闸-生产中(互动易先导批;另有5月营收自述服务器及光模块用板增长突出),摘录索引；本轮未逐条回原始来源；不得据节点类别生成产品BOM或供应关系
points原记录,P189,金百泽,B1,"""公司800G光模块PCB相关产品已有样板及小批量交付，相关业务仍处于客户需求验证、订单交付和市场拓展过程中""(互动易2026-06-08董秘回答)",corpus/qa/301041/qa.jsonl#indexId=2275274071015227392；irm.cninfo.com.cn 互动易(准披露渠道),2026-07-27,"判定闸-生产中(互动易先导批;小批量口径,同明阳电路先例)",摘录索引；本轮未逐条回原始来源；不得据节点类别生成产品BOM或供应关系
points原记录,P190,兆龙互连,D9,"""公司光产品主要聚焦数据中心应用场景，主推光布线整体解决方案，具备光缆、光纤跳线、MPO预端接组件、光纤连接器及光配线系统等系列产品研发与量产能力。目前已为金融、数据中心等高端领域客户提供产品和服务""(互动易2026-04-15董秘回答)",corpus/qa/300913/qa.jsonl#indexId=2245405493460426752；irm.cninfo.com.cn 互动易(准披露渠道),2026-07-27,"判定闸-生产中(互动易先导批;MPO预端接量产+客户交付,归格同太辰光D9先例)",摘录索引；本轮未逐条回原始来源；不得据节点类别生成产品BOM或供应关系
points原记录,P191,阿莱德,B2,"""公司深耕散热领域多年，导热散热产品可广泛应用于通信、光模块、消费电子等领域""(互动易2026-07-07董秘回答)",corpus/qa/301419/qa.jsonl#indexId=2304090509577408512；irm.cninfo.com.cn 互动易(准披露渠道),2026-07-27,判定闸-生产中(互动易先导批;组合证据:QA应用自述+年报华工正源(光模块商)长期合作客户),摘录索引；本轮未逐条回原始来源；不得据节点类别生成产品BOM或供应关系
points原记录,P192,中兴通讯,MOD2,"""在光传输领域，公司研发和生产的光传输网络相干光模块（包括OTN 100G/400G/800G可插拔光模块）主要用于长距光传输场景，应用在公司光传输设备，其中搭载的相干DSP芯片为公司自研。在用于服务器等数据通信领域的光模块方面，公司对外采购光模块""(互动易2026-07-08董秘回答)",corpus/qa/000063/qa.jsonl#indexId=2266884917732925440；irm.cninfo.com.cn 互动易(准披露渠道),2026-07-27,判定闸-生产中(互动易先导批;自产相干模块自用发货=能力确证;数通模块外购=MOD1明确否证),摘录索引；本轮未逐条回原始来源；不得据节点类别生成产品BOM或供应关系
points原记录,P193,通宇通讯,MOD1,参股公司四川光为近期在高速光模块领域取得重要突破，首批 800G OSFP 2×DR4 光模块已成功实现小批量交付。该产品采用行业领先的硅光技术和低功耗设计，具有高带宽、高可靠性等特点，主要应用于 800G 以太网、数据中心、人工智能（AI）及云计算网络等前沿领域。,corpus/qa/002792/qa.jsonl#indexId=0001066DD44C0AAA440281E53DC3E383BF02；ir.p5w.net 全景网投关平台镜像深交所互动易(准披露渠道),2026-07-30,"判定闸-生产中(互动易镜像;800G OSFP 2×DR4小批量交付=小批量口径同金百泽先例;交付主体为参股25.5882%四川光为,2025年报体内光模块营收段398万元佐证)",摘录索引；本轮未逐条回原始来源；不得据节点类别生成产品BOM或供应关系
points原记录,P194,通富微电,D12,在光电合封（CPO）领域的技术研发也取得阶段性进展，研发产品已通过可靠性测试，已进入量产导入阶段,https://static.cninfo.com.cn/finalpage/2026-04-17/1225112762.PDF,2026-07-30,"判定闸-在建(2025年报CPO量产导入自述;量产导入=在建不提前标量产;互动易模板回复+投关表2026-07两份均无CPO增量如实记;P1/D12裁决:组件级光电合封代工归D12,非光芯片COC/TO封装)",摘录索引；本轮未逐条回原始来源；不得据节点类别生成产品BOM或供应关系
points原记录,P195,国民技术,C5,公司光模块专用 MCU 正处于客户导入验证阶段，暂未形成实际销售订单。公司采用 Fabless 运营模式，产能依托晶圆代工厂保障，可支撑当前市场推广与客户导入节奏。公司光模块 MCU 具备大容量存储、双 Bank Flash 等特色设计。,corpus/qa/300077/qa.jsonl#indexId=2318224800145326081；irm.cninfo.com.cn 互动易(准披露渠道),2026-07-30,"判定闸-在建(互动易;光模块专用主控MCU客户导入验证+已向多家光模块厂商送样,暂未形成销售订单=送样/导入属在建不标生产中;C5格定义已放宽含主控MCU;kimi研报线索获披露锚兑现)",摘录索引；本轮未逐条回原始来源；不得据节点类别生成产品BOM或供应关系
points原记录,P196,沪硅产业,M1,公司是全球范围内少数建立SOI技术能力的企业之一。去年年底建成了12寸SOI 硅片16万片/年的中试线，下游应用主要包括硅光、射频、高压等应用。目前12英寸SOI仍处于客户认证、小批量供应和产能爬坡阶段,https://pdf.dfcfw.com/pdf/H2_AN202605291823017950_1.pdf；corpus/ir/688126/688126_2026-05-29_沪硅产业_2026年5月投资者关系活动记录表.docx 库内快照,2026-07-30,"判定闸-在建(投关表2026-05-29;12寸SOI中试线16万片/年建成,客户认证+小批量供应并行,自述硅光领域为SOI材料主要应用场景之一;M1格扩SOI后首点)",摘录索引；本轮未逐条回原始来源；不得据节点类别生成产品BOM或供应关系
points原记录,P197,先导基电,D13,顺利完成“高端热电材料及微型热电制冷器（Micro-TEC）”产线的建设，并已送样。此举标志着公司进一步深化了在铋（Bi）、碲（Te）材料领域的产业终端布局。公司生产的高端热电材料除部分自用于 Micro-TEC 的制造外，其余产能已具备对外销售能力，进入客户送样阶段。核心产品 Micro-TEC 可广泛应用于光通讯、AI、车载、工业仪器及生物医疗等高端领域。,https://static.cninfo.com.cn/finalpage/2026-04-10/1225091359.PDF,2026-07-30,判定闸-在建(2025年报:Micro-TEC产线建成+送样+光通讯应用自述;送样=在建不标生产中;D13新格首点),摘录索引；本轮未逐条回原始来源；不得据节点类别生成产品BOM或供应关系
points原记录,P198,红板科技,B1,公司通讯电子领域 PCB 产品主要应用于通讯模组、开发套件、服务器、光模块等,https://static.sse.com.cn/disclosure/listedinfo/announcement/c/new/2026-04-02/603459_20260402_0GH0.pdf；corpus/annual/603459/603459/603459_红板科技_2026_招股说明书.pdf 库内快照,2026-07-30,"判定闸-生产中(招股书产品应用现在时陈述含光模块,同清仓批B1各家入点型;佐证:在研高精阻抗光模块PCB阻焊项目处大批量阶段+2025研发费用表800G三阶盲孔光模块PCB项目完结(当年投入674.06万元)+授权发明专利;注记:无光模块专项收入与客户具名,通讯电子2025年收入23,813.70万元为含混口径;1.6T为技术能力自述不入证)",摘录索引；本轮未逐条回原始来源；不得据节点类别生成产品BOM或供应关系
points原记录,P199,赛微电子,C4,赛莱克斯北京持续推动 MEMS 硅麦克风、惯性器件、气体流量开关、BAW（含 FBAR）滤波器、微振镜、气体、微流控、硅光子、振荡器、MEMS-OCS、3D 硅电容等不同类别、不同型号产品的工艺开发及产品验证,https://static.cninfo.com.cn/finalpage/2026-03-27/1225036416.PDF,2026-07-30,"判定闸-在建(2025年报:为客户硅光子芯片做晶圆代工工艺开发及产品验证=流片/验证级在建,代工角色非自有PIC产品;注记①MEMS-OCS光交换器件代工2025-08过客户验证+采购订单+小批量试产,OCS为光交换系统属树外产品不入格;注记②瑞典Silex OCS量产线2025-07出表为参股45.24%权益法资产;CPO/TSV方向平台能力口径已驳回);2026-08-23复核:04-24投关表""MEMS-OCS晶圆主要提供给国内客户""属既有注记①范围(OCS=光交换系统,树外),硅光子PIC代工无新量产口径,维持在建",摘录索引；本轮未逐条回原始来源；不得据节点类别生成产品BOM或供应关系
points原记录,P200,索尔思(Source Photonics),MOD1,400G、800G 等新型数据中心高速光模块产品已实现规模量产,https://static.cninfo.com.cn/finalpage/2023-11-27/1218448867.PDF,2026-07-30,"判定闸-生产中(路径②上市文件锚:万通发展2023-11-27重大资产重组框架协议公告披露索尔思光电业务;时效注记:披露时点2023-11,框架协议后未见进展或终止披露(2026-07-30检索),万通发展重组标的未完成)",摘录索引；本轮未逐条回原始来源；不得据节点类别生成产品BOM或供应关系
points原记录,P201,索尔思(Source Photonics),C1,在芯片制造上，索尔思光电拥有受业内关注的 25G、53G 及 106G EML 芯片设计、制造与规模交付能力，以及 25G 高速 DFB 芯片设计、制造与规模交付能力,https://static.cninfo.com.cn/finalpage/2023-11-27/1218448867.PDF,2026-07-30,"判定闸-生产中(路径②上市文件锚:同P200;EML/DFB激光器芯片规模交付自述,时效注记同上)",摘录索引；本轮未逐条回原始来源；不得据节点类别生成产品BOM或供应关系
points原记录,P202,云南鑫耀半导体材料有限公司,M1,公司子公司云南鑫耀半导体材料有限公司生产的化合物半导体材料砷化镓晶片（衬底）、磷化铟晶片（衬底）可用于生产垂直腔面发射激光器（VCSEL）、大功率激光器、光通信用激光器和探测器等,https://static.cninfo.com.cn/finalpage/2026-04-23/1225152695.PDF,2026-07-30,判定闸-生产中(路径②上市文件锚:母公司云南锗业2025年报披露;主体云南锗业控股84.53%+华为哈勃9.35%参股;子公司自述口径入点),摘录索引；本轮未逐条回原始来源；不得据节点类别生成产品BOM或供应关系
points原记录,P203,苏州猎奇智能设备,EQ3,公司产品已覆盖光模块封装测试的核心环节，包括贴片、耦合、老化测试等关键工序。公司在技术水平、产品指标、客户覆盖等方面均保持较高水平，公司生产的贴片设备、耦合设备可配套 800G/1.6T 光模块的生产需求,"https://pdf.dfcfw.com/pdf/H2_AN202607141826953819_1.pdf；深交所发行上市审核项目页 prjid=1004231(已问询,2026-07-31上会)",2026-07-30,"判定闸-生产中(路径②上市文件锚:创业板IPO招股说明书(申报稿2026-07-14版);光模块封测设备主供应商+贴片/耦合设备配套800G/1.6T,KN001准入①光通信应用+客户证据(旭创6笔订单3.34亿元经招股书披露,光迅/源杰同为客户)",摘录索引；本轮未逐条回原始来源；不得据节点类别生成产品BOM或供应关系
points原记录,P204,苏州猎奇智能设备,EQ4,公司产品已覆盖光模块封装测试的核心环节，包括贴片、耦合、老化测试等关键工序。公司在技术水平、产品指标、客户覆盖等方面均保持较高水平，公司生产的贴片设备、耦合设备可配套 800G/1.6T 光模块的生产需求,"https://pdf.dfcfw.com/pdf/H2_AN202607141826953819_1.pdf；深交所发行上市审核项目页 prjid=1004231(已问询,2026-07-31上会)",2026-07-30,判定闸-生产中(同P203同句双格;耦合设备配套800G/1.6T光模块生产自述),摘录索引；本轮未逐条回原始来源；不得据节点类别生成产品BOM或供应关系
points原记录,P205,奥特维,EQ6,应用于光通信的AOI设备已取得应用光电（AAOI）等光通信知名客户的批量订单,https://static.cninfo.com.cn/finalpage/2026-04-23/1225145661.PDF,2026-07-30,"判定闸-生产中(2025年报:光通信AOI获AAOI等光通信客户批量订单,KN001准入①;注记:2025Q1小批量→全年批量,收入并入半导体分部不可拆;待判格EQ3装片机半导体语境已驳回)",摘录索引；本轮未逐条回原始来源；不得据节点类别生成产品BOM或供应关系
points原记录,P206,博众精工,EQ3,目前公司的共晶贴片机设备已在 400G/800G 高速光模块规模化生产中批量应用，成功进入国内外头部企业供应链并出口海外,https://static.cninfo.com.cn/finalpage/2026-04-11/1225096862.PDF,2026-07-30,"判定闸-生产中(共晶贴片机400G/800G批量应用+批量订单+出口,2024/2025两期连续自述;注记:客户匿名(全球领军企业/国内头部),无专项收入;在研硅光微米级共晶机;EQ4耦合机为2026收购中南鸿思布局未来时,驳回)",摘录索引；本轮未逐条回原始来源；不得据节点类别生成产品BOM或供应关系
points原记录,P207,快克智能,EQ6,公司开发的光模块专用 AOI 检测设备可精准识别激光器芯片偏移，金线键合缺陷，光芯片波导亚微米级缺陷等质量问题,https://static.cninfo.com.cn/finalpage/2026-04-24/1225173150.PDF,2026-07-30,"判定闸-生产中(2025年报光模块专用AOI识别激光器芯片偏移/金线键合/波导亚微米缺陷,2024年报已自述满足400G/800G/1.6T高速光模块量产需求在头部客户实现应用;注记:2025口径为市场推广期;EQ3共晶固晶系统全在设计开发阶段驳回;焊接装联设备批量供光模块龙头但树无焊接格,记非本格观察)",摘录索引；本轮未逐条回原始来源；不得据节点类别生成产品BOM或供应关系
points原记录,P208,凯格精机,EQ3,公司800G光模块自动化组装线已被全球知名客户认可，报告期内进一步推出1.6T光模块自动化组装产品线,https://static.cninfo.com.cn/finalpage/2026-04-28/1225202249.PDF,2026-07-30,"判定闸-生产中(800G光模块自动化组装线客户认可+海外批量交付+1.6T推出,2024/2025两期连续;GD200固晶机产品表列光通讯贴装(共晶工艺);注记:柔性自动化2025收入8,812.43万元含混口径,客户未具名;种子案件OF007凯格半边就此归格)",摘录索引；本轮未逐条回原始来源；不得据节点类别生成产品BOM或供应关系
points原记录,P209,华工科技,MOD1,公司实现全球第一梯队规模化交付800G硅光LPO系列和1.6T光模块产品,https://static.cninfo.com.cn/finalpage/2026-03-26/1225031509.PDF,2026-07-30,"判定闸-生产中(华工正源800G硅光LPO/1.6T规模化交付,2025联接业务营收60.97亿元(+53.39%);2024年报400G/800G规模交付跨年佐证)",摘录索引；本轮未逐条回原始来源；不得据节点类别生成产品BOM或供应关系
points原记录,P210,华工科技,MOD2,800G ZR/ZR+Pro相干光模块实现批量交付,https://static.cninfo.com.cn/finalpage/2026-03-26/1225031509.PDF,2026-07-30,"判定闸-生产中(800G ZR/ZR+Pro相干批量交付;2024年报为量产+关键客户送样,跨年连续)",摘录索引；本轮未逐条回原始来源；不得据节点类别生成产品BOM或供应关系
points原记录,P211,华工科技,MOD3,25G PON OLT/ONU产品实现规模化交付,https://static.cninfo.com.cn/finalpage/2026-03-26/1225031509.PDF,2026-07-30,"判定闸-生产中(25G PON OLT/ONU规模化交付;5G-A基站光模块领先份额+50G SFP56灰光彩光批量交付,电信/接入双线)",摘录索引；本轮未逐条回原始来源；不得据节点类别生成产品BOM或供应关系
points原记录,P212,华工科技,C4,自研硅光芯片已应用于400G、800G及1.6T光模块交付,https://static.cninfo.com.cn/finalpage/2026-03-26/1225031509.PDF,2026-07-30,判定闸-生产中(自研硅光芯片随400G/800G/1.6T模块交付;2024年报单波200G自研硅光芯片用于1.6T佐证连续;薄膜铌酸锂芯片仅自研无交付口径不单独计),摘录索引；本轮未逐条回原始来源；不得据节点类别生成产品BOM或供应关系
points原记录,P213,华工科技,D1,开发、生产、销售光通信用半导体激光器组件,https://static.cninfo.com.cn/finalpage/2026-03-26/1225031509.PDF,2026-07-30,判定闸-生产中(分部报告B光电器件分部业务范围现在时陈述:激光器组件=TOSA类;注记:分部范围陈述无组件单列收入),摘录索引；本轮未逐条回原始来源；不得据节点类别生成产品BOM或供应关系
points原记录,P214,华工科技,D2,开发、生产、销售光通信用半导体激光器组件、探测器组件,https://static.cninfo.com.cn/finalpage/2026-03-26/1225031509.PDF,2026-07-30,"判定闸-生产中(同句探测器组件=ROSA类,分部范围陈述注记同P213)",摘录索引；本轮未逐条回原始来源；不得据节点类别生成产品BOM或供应关系
points原记录,P215,华工科技,D3,光发射/接收模块、光收发合一模块等,https://static.cninfo.com.cn/finalpage/2026-03-26/1225031509.PDF,2026-07-30,"判定闸-生产中(同句光收发合一模块=BOSA,分部范围陈述注记同P213)",摘录索引；本轮未逐条回原始来源；不得据节点类别生成产品BOM或供应关系
points原记录,P216,华工科技,D12,首发面向3.2T的单波400G光引擎,https://static.cninfo.com.cn/finalpage/2026-03-26/1225031509.PDF,2026-07-30,"判定闸-在建(单波400G光引擎首发+3.2T CPO/NPO光引擎业界首推,发布口径无交付/营收实证;可升级条件:光引擎出货披露)",摘录索引；本轮未逐条回原始来源；不得据节点类别生成产品BOM或供应关系
points原记录,P217,普源精电,EQ7,在光通信领域，核心大客户销售收入同比增幅达到,https://static.cninfo.com.cn/finalpage/2026-03-26/1225031855.PDF,2026-07-30,"判定闸-生产中(2025年报:光通信领域核心大客户销售收入同比+70.45%,2024/2025两期自述光通信与光模块测试领域头部行业客户,KN001准入①;注记:无绝对金额与专项光测试型号)",摘录索引；本轮未逐条回原始来源；不得据节点类别生成产品BOM或供应关系
points原记录,P218,Ciena,MOD2,"Coherent Pluggable Transceivers. Footprint-optimized transceivers that utilize our WaveLogic technology, to address next-generation access, metro, regional and data center interconnect network applications, for use within our systems and third-party equipment.",https://www.sec.gov/Archives/edgar/data/936395/000162828025056698/cien-20251101.htm,2026-07-30,"判定闸-生产中(FY2025 10-K:相干可插拔为独立产品线且对第三方设备销售;MD&A自述对云厂商销售增加驱动Optical Networking营收+6.037亿美元;注记:自研WaveLogic+委外制造,模块未单独拆分;C5电芯片自研未明驳回;MOD1(Nubis)FY2025Q4才并表,未来时驳回)",摘录索引；本轮未逐条回原始来源；不得据节点类别生成产品BOM或供应关系
points原记录,P219,Cisco,MOD3,Our routed optical networking systems and our pluggable optic solutions allow us to transform the economics of building and operating networks for our service provider customers.,https://www.sec.gov/Archives/edgar/data/858877/000085887725000111/csco-20250726.htm,2026-07-30,"判定闸-生产中(FY2025 10-K产品组合自述可插拔光模块解决方案面向运营商客户;弱注记:未区分数通/相干/电信档位,归MOD3系路由光网语境;C4硅光PIC:Acacia在10-K中完全不可见(仅摊销与诉讼脚注),驳回-证据不足待Acacia自述语料;NVIDIA无任何战投披露)",摘录索引；本轮未逐条回原始来源；不得据节点类别生成产品BOM或供应关系
points原记录,P220,Coherent,MOD1,"We not only design and manufacture our transceivers internally, but we also design and manufacture many of the materials and components, including lasers, detectors, ICs, and passive optics.",https://www.sec.gov/Archives/edgar/data/820318/000082031825000014/iivi-20250630.htm,2026-07-30,"判定闸-生产中(数通模块自研自产+Networking分部FY2025营收$3,421M(+49%),AI数据中心出货增长;800G量产由AI出货佐证,1.6T在R&D投入表视为在研)",摘录索引；本轮未逐条回原始来源；不得据节点类别生成产品BOM或供应关系
points原记录,P221,Coherent,MOD2,Strong demand for our new ZR/ZR+ transceiver products along with growing demand for traditional telecom transport products drove increased volumes for our telecom and other communications solutions.,https://www.sec.gov/Archives/edgar/data/820318/000082031825000014/iivi-20250630.htm,2026-07-30,"判定闸-生产中(ZR/ZR+相干可插拔需求强劲+放量,电信解决方案营收实证)",摘录索引；本轮未逐条回原始来源；不得据节点类别生成产品BOM或供应关系
points原记录,P222,Coherent,C1,"We have in-house laser design and manufacturing capability for GaAs-based VCSELs, InP-based DMLs, EMLs, and CW lasers.",https://www.sec.gov/Archives/edgar/data/820318/000082031825000014/iivi-20250630.htm,2026-07-30,"判定闸-生产中(EML/DML/CW激光器芯片自研自产,多个InP fab(美欧)+向6英寸晶圆迁移;980nm/14xx泵浦激光器量产佐证)",摘录索引；本轮未逐条回原始来源；不得据节点类别生成产品BOM或供应关系
points原记录,P223,Coherent,C2,Coherent has multiple 6-inch GaAs VCSEL fabs in the U.S. and Europe.,https://www.sec.gov/Archives/edgar/data/820318/000082031825000014/iivi-20250630.htm,2026-07-30,"判定闸-生产中(6英寸GaAs VCSEL fab群+大批量制造实绩,自述VCSEL广泛部署于数据中心)",摘录索引；本轮未逐条回原始来源；不得据节点类别生成产品BOM或供应关系
points原记录,P224,Coherent,C3,We are also one of the very few companies that have shipped InP diode lasers and photodiodes in high volume,https://www.sec.gov/Archives/edgar/data/820318/000082031825000014/iivi-20250630.htm,2026-07-30,"判定闸-生产中(InP激光二极管与光电二极管高量出货自述;注记:高量出货句为消费电子语境,数通探测器为模块自供组件级)",摘录索引；本轮未逐条回原始来源；不得据节点类别生成产品BOM或供应关系
points原记录,P225,Coherent,C5,"including lasers, detectors, ICs, and passive optics.",https://www.sec.gov/Archives/edgar/data/820318/000082031825000014/iivi-20250630.htm,2026-07-30,"判定闸-生产中(注记从严:数通模块自产组件含ICs,高管履历有CMOS/BiCMOS datacom IC佐证;IC类型未明示(疑Driver/TIA类),自用为主无独立电芯片营收)",摘录索引；本轮未逐条回原始来源；不得据节点类别生成产品BOM或供应关系
points原记录,P226,Coherent,C6,Our Telecom products include coherent transmission components and transceivers as well as transport products such as 980 nm and 14xx pump lasers,https://www.sec.gov/Archives/edgar/data/820318/000082031825000014/iivi-20250630.htm,2026-07-30,"判定闸-生产中(相干传输组件为在售产品,配合ZR/ZR+放量)",摘录索引；本轮未逐条回原始来源；不得据节点类别生成产品BOM或供应关系
points原记录,P227,Coherent,D6,"materials growth and fabrication of specialty materials, semiconductor lasers, passive optics including isolators",https://www.sec.gov/Archives/edgar/data/820318/000082031825000014/iivi-20250630.htm,2026-07-30,判定闸-生产中(注记从严:自述fabrication of passive optics including isolators技术栈现况;无隔离器独立营收/客户口径),摘录索引；本轮未逐条回原始来源；不得据节点类别生成产品BOM或供应关系
points原记录,P228,Coherent,D13,"Engineered materials, laser optics, thermoelectric components",https://www.sec.gov/Archives/edgar/data/820318/000082031825000014/iivi-20250630.htm,2026-07-30,"判定闸-生产中(注记从严:Materials分部在售产品含热电温控组件(分部营收$954M);数通R&D章列thermoelectric coolers为400G/lane组件方向,光模块专用TEC独立销售口径缺失)",摘录索引；本轮未逐条回原始来源；不得据节点类别生成产品BOM或供应关系
points原记录,P229,Applied Optoelectronics(AAOI),MOD1,our 800G products in particular are used to interconnect AI compute infrastructure,https://www.sec.gov/Archives/edgar/data/1158114/000143774926005875/aaoi20251231_10k.htm,2026-07-30,判定闸-生产中(800G数通模块现在时部署+2025数据中心市场营收$195.7M(占42.9%);注记:1.6T在客户测试认证阶段=在建不计入),摘录索引；本轮未逐条回原始来源；不得据节点类别生成产品BOM或供应关系
points原记录,P230,Applied Optoelectronics(AAOI),C1,"We design, manufacture and integrate our own analog and digital lasers using proprietary Molecular Beam Epitaxy",https://www.sec.gov/Archives/edgar/data/1158114/000143774926005875/aaoi20251231_10k.htm,2026-07-30,"判定闸-生产中(Sugar Land自有激光器芯片厂(MBE+MOCVD双工艺)自产激光器芯片供自家模块且对外销售(电信);注记:未点名EML/DFB,自产EML不可确认)",摘录索引；本轮未逐条回原始来源；不得据节点类别生成产品BOM或供应关系
points原记录,P231,Applied Optoelectronics(AAOI),MOD3,In the telecom market we supply lasers and laser subassemblies as well as transceivers,https://www.sec.gov/Archives/edgar/data/1158114/000143774926005875/aaoi20251231_10k.htm,2026-07-30,"判定闸-生产中(电信市场激光器/组件/模块销售,2025电信营收$13.7M(占3.0%),多数用于5G前传)",摘录索引；本轮未逐条回原始来源；不得据节点类别生成产品BOM或供应关系
points原记录,P232,Applied Optoelectronics(AAOI),D12,"Our expertise in designing and manufacturing light engines, which combine lasers and photodiodes",https://www.sec.gov/Archives/edgar/data/1158114/000143774926005875/aaoi20251231_10k.htm,2026-07-30,"判定闸-生产中(自研自产光引擎(激光器+探测器+合分波元件)用于自家数通模块,垂直整合自述;自产自用口径)",摘录索引；本轮未逐条回原始来源；不得据节点类别生成产品BOM或供应关系
points原记录,P233,Lumentum,C1,"We also manufacture key components used in optical transceivers and data interconnect solutions, including high-speed laser transmitters, photonic integrated circuits, and photodiodes, high-power laser light sources, as well as VCSELs and VCSEL arrays for short-reach data transmission.",https://www.sec.gov/Archives/edgar/data/1633978/000162828025040830/lite-20250628.htm,2026-07-30,判定闸-生产中(自有InP晶圆厂(相模原等)制造高速激光发射器/高功率激光光源;泵浦激光器产品线在册;R&D投资更高速更高功率激光芯片=在建佐证),摘录索引；本轮未逐条回原始来源；不得据节点类别生成产品BOM或供应关系
points原记录,P234,Lumentum,C2,as well as VCSELs and VCSEL arrays for short-reach data transmission.,https://www.sec.gov/Archives/edgar/data/1633978/000162828025040830/lite-20250628.htm,2026-07-30,"判定闸-生产中(制造VCSEL及阵列且明确数通短距传输应用;注记:数通VCSEL未给单独收入,主体营收在3D sensing消费端)",摘录索引；本轮未逐条回原始来源；不得据节点类别生成产品BOM或供应关系
points原记录,P235,Lumentum,C3,"including high-speed laser transmitters, photonic integrated circuits, and photodiodes",https://www.sec.gov/Archives/edgar/data/1633978/000162828025040830/lite-20250628.htm,2026-07-30,判定闸-生产中(自述制造photodiodes光收发组件用探测器),摘录索引；本轮未逐条回原始来源；不得据节点类别生成产品BOM或供应关系
points原记录,P236,Lumentum,C6,Lumentum offers both its own coherent pluggable transceivers and the underlying ultra-narrow linewidth laser and coherent components used by transceiver customers.,https://www.sec.gov/Archives/edgar/data/1633978/000162828025040830/lite-20250628.htm,2026-07-30,"判定闸-生产中(超窄线宽激光器(ITLA类)+相干组件对模块客户供货;NeoPhotonics2022-08归并($934.4M)落实,泰国产能爬坡佐证量产)",摘录索引；本轮未逐条回原始来源；不得据节点类别生成产品BOM或供应关系
points原记录,P237,Lumentum,MOD1,Lumentum is a leading provider of high-speed optical transceivers and optical components that underpin today's AI and cloud computing applications.,https://www.sec.gov/Archives/edgar/data/1633978/000162828025040830/lite-20250628.htm,2026-07-30,"判定闸-生产中(高速数通模块供应商,Cloud & Networking分部FY2025净收入$1,410.8M(云与AI/ML客户增长$193.2M,含Cloud Light全年并表);注记:全文无800G/1.6T速率字样)",摘录索引；本轮未逐条回原始来源；不得据节点类别生成产品BOM或供应关系
points原记录,P238,Lumentum,MOD2,Lumentum offers both its own coherent pluggable transceivers and the underlying ultra-narrow linewidth laser and coherent components used by transceiver customers.,https://www.sec.gov/Archives/edgar/data/1633978/000162828025040830/lite-20250628.htm,2026-07-30,判定闸-生产中(自有相干可插拔模块(DCI应用)同句双格),摘录索引；本轮未逐条回原始来源；不得据节点类别生成产品BOM或供应关系
points原记录,P239,Lumentum,MOD3,Our tunable transceivers and transmitter modules and high-speed coherent components are essential to DWDM systems,https://www.sec.gov/Archives/edgar/data/1633978/000162828025040830/lite-20250628.htm,2026-07-30,判定闸-生产中(城域/长途DWDM用可调谐收发模块自述),摘录索引；本轮未逐条回原始来源；不得据节点类别生成产品BOM或供应关系
points原记录,P240,Nokia,MOD2,launched 800G ZR/ZR+ coherent pluggables,https://www.sec.gov/Archives/edgar/data/924613/000162828026015034/nok-20251231.htm,2026-07-30,"判定闸-生产中(Infinera归并:2025-02-28以EUR2.5B完成收购并入Optical Networks业务单元,该单元2025净销售EUR3,019M(+85%)其中EUR1,273M来自Infinera;800G ZR/ZR+已发布上市,全球前十大hyperscaler中九家使用Nokia光技术;归并口径注记:模块收入未单独拆分)",摘录索引；本轮未逐条回原始来源；不得据节点类别生成产品BOM或供应关系
points原记录,P241,四川光恒通信技术有限公司,D1,具备精密机加工、无源组件、SMT、TO-CAN、OSA光器件、COB、BOX、光模块全产业链生产制造能力,https://www.cnsunstar.com/,2026-07-30,"判定闸-生产中(路径②官网自述:全产业链制造能力,OSA光器件含TOSA;TO-CAN封装为P1级能力注记)",摘录索引；本轮未逐条回原始来源；不得据节点类别生成产品BOM或供应关系
points原记录,P242,四川光恒通信技术有限公司,D2,具备精密机加工、无源组件、SMT、TO-CAN、OSA光器件、COB、BOX、光模块全产业链生产制造能力,https://www.cnsunstar.com/,2026-07-30,判定闸-生产中(同句OSA光器件含ROSA),摘录索引；本轮未逐条回原始来源；不得据节点类别生成产品BOM或供应关系
points原记录,P243,四川光恒通信技术有限公司,D3,具备精密机加工、无源组件、SMT、TO-CAN、OSA光器件、COB、BOX、光模块全产业链生产制造能力,https://www.cnsunstar.com/,2026-07-30,判定闸-生产中(同句OSA光器件+COB/BOX封装=BOSA类),摘录索引；本轮未逐条回原始来源；不得据节点类别生成产品BOM或供应关系
points原记录,P244,四川光恒通信技术有限公司,MOD3,历经20年技术积累与发展，形成光路、机械结构、高频仿真、热仿真、电路、FPC软板、IT软件自动化等核心技术设计平台，以及具备精密机加工、无源组件、SMT、TO-CAN、OSA光器件、COB、BOX、光模块全产业链生产制造能力,https://www.cnsunstar.com/,2026-07-30,判定闸-生产中(光模块全产业链制造能力+应用光纤入户/数据中心/5G;子公司四川飞普D10在册),摘录索引；本轮未逐条回原始来源；不得据节点类别生成产品BOM或供应关系
points原记录,P245,四川飞普科技有限公司,D10,飞普科技具有精密机械加工、精密陶瓷插芯和无源组件配套生产的完整产业链条优势，主要产品包括：精密金属元件、精密陶瓷插芯、插芯套组件、尾纤组件、光纤连接器,http://www.cnfinetop.com/Selector.aspx?cid=309,2026-07-30,判定闸-生产中(官网自述:陶瓷插芯+插芯套组件+光纤连接器;归并注记:四川光恒全资子公司(长飞控股)),摘录索引；本轮未逐条回原始来源；不得据节点类别生成产品BOM或供应关系
points原记录,P246,四川九州光电子技术有限公司,MOD1,主要从事光器件、光通信装备的研发制造及销售，光芯片后工序加工及光模块的专业制造，产品广泛应用于光纤入户、数据中心、5G等领域,https://www.jezetek.cc/,2026-07-30,判定闸-生产中(组合证据:集团官网自述光模块专业制造+数据中心应用;四川省国资委渠道2020-03:与华为海思签约高速光模块项目合格供应商(100G/400G);绵阳党媒2025-08:400G月产能突破30万只/100G-800G数通模块),摘录索引；本轮未逐条回原始来源；不得据节点类别生成产品BOM或供应关系
points原记录,P247,四川九州光电子技术有限公司,EMS1,光芯片后工序加工及光模块的专业制造,https://www.jezetek.cc/,2026-07-30,判定闸-生产中(光芯片后工序加工+光模块专业制造=代工形态;华为海思高速光模块项目合格供应商(省国资委渠道)),摘录索引；本轮未逐条回原始来源；不得据节点类别生成产品BOM或供应关系
points原记录,P248,四川九州光电子技术有限公司,MOD3,主要从事光器件、光通信装备的研发制造及销售，光芯片后工序加工及光模块的专业制造，产品广泛应用于光纤入户、数据中心、5G等领域,https://www.jezetek.cc/,2026-07-30,判定闸-生产中(光纤入户/5G应用自述+行业通稿:协同伙伴推出三模全速率融合50G PON商用对称光模块(2025-01)),摘录索引；本轮未逐条回原始来源；不得据节点类别生成产品BOM或供应关系
points原记录,P249,武汉灿光光电有限公司,D1,主要产品包括各种波长半导体激光器组件、探测器组件、以及各种速率的TOSA、ROSA、BOSA和TO-CAN等光器件,https://c-fol.net/baike/content/2/1083.html,2026-07-30,"判定闸-生产中(组合证据:百科产品枚举(TOSA/ROSA/BOSA/TO-CAN)+联特科技IPO问询回复(上市文件:主要委托加工商亦向国内其他光模块厂家提供光器件封装服务)+仕佳光子公告(上市文件:系武汉昱升全资子公司,向其销售光芯片)+投资方九派资本(TO-CAN/OSA年产能各9600万对);归并注记:昱升光电系)",摘录索引；本轮未逐条回原始来源；不得据节点类别生成产品BOM或供应关系
points原记录,P250,武汉灿光光电有限公司,D2,主要产品包括各种波长半导体激光器组件、探测器组件、以及各种速率的TOSA、ROSA、BOSA和TO-CAN等光器件,https://c-fol.net/baike/content/2/1083.html,2026-07-30,"判定闸-生产中(同P249组合证据,含ROSA/探测器组件)",摘录索引；本轮未逐条回原始来源；不得据节点类别生成产品BOM或供应关系
points原记录,P251,武汉灿光光电有限公司,D3,主要产品包括各种波长半导体激光器组件、探测器组件、以及各种速率的TOSA、ROSA、BOSA和TO-CAN等光器件,https://c-fol.net/baike/content/2/1083.html,2026-07-30,"判定闸-生产中(同P249组合证据,含BOSA/COB模组年产能960万只)",摘录索引；本轮未逐条回原始来源；不得据节点类别生成产品BOM或供应关系
points原记录,P252,武汉灿光光电有限公司,D12,总部研发生产基地建设（二期）-800G光引擎和Combo PON光器件生产基地（武汉灿光光电有限公司）……购置共晶机、贴片机等主要生产设备约190台/套，项目建设高速光引擎及Combo PON光器件生产线，合计新增产能100万件/年,https://dinggc.cbi360.net/project/4344689973874655232.html,2026-07-30,"判定闸-在建(项目备案(企业申报):800G光引擎+Combo PON光器件生产基地,共晶机/贴片机约190台/套,新增产能100万件/年)",摘录索引；本轮未逐条回原始来源；不得据节点类别生成产品BOM或供应关系
points原记录,P253,青岛海信宽带多媒体技术有限公司,C1,成功开发并批量生产DFB激光芯片，包括75mW大功率连续波DFB (CW-DFB）激光芯片。正在开发100G/200G EML激光芯片及100mW及以上大功率CW-DFB激光芯片和 50G EML激光芯片,https://hbmt.hisense.com/,2026-07-30,判定闸-生产中(官网自述:DFB激光芯片批量生产(75mW CW-DFB);注记:100G/200G EML+更大功率CW-DFB/50G EML在研=在建线索),摘录索引；本轮未逐条回原始来源；不得据节点类别生成产品BOM或供应关系
points原记录,P254,青岛海信宽带多媒体技术有限公司,MOD1,2024年9月11日，青岛海信宽带多媒体技术有限公司（简称海信宽带）宣布推出用于满足下一代人工智能和云网络的1.6T OSFP DR8光模块……同时采用SiPh和EML两个平台进行开发,https://hbmt.hisense.com/,2026-07-30,判定闸-生产中(组合证据:官网全栈供应商自述(全品类量产交付能力)+1.6T OSFP DR8推出(SiPh/EML双平台)+全球TOP5光模块厂;相干ZR注记待核),摘录索引；本轮未逐条回原始来源；不得据节点类别生成产品BOM或供应关系
points原记录,P255,青岛海信宽带多媒体技术有限公司,MOD3,作为全球少数拥有光模块及光芯片研发及量产能力的企业之一，过去二十年，凭借在AI、云计算、光纤到x (FTTx)、传输网络和无线应用领域全品类优质产品的量产交付能力,https://hbmt.hisense.com/,2026-07-30,判定闸-生产中(官网全栈自述:FTTx/传输/无线全品类量产交付;接入PON全球第一注记),摘录索引；本轮未逐条回原始来源；不得据节点类别生成产品BOM或供应关系
points原记录,P256,苏州星钥光子科技有限公司,C4,"公司通过全资子公司出资成立苏州星钥光子科技有限公司（简称""星钥光子""），已提前布局这下一代技术路线。根据星钥光子的产线建设进度，有望在2026年年底实现工艺通线，2027年正式投入生产。",https://www.sohu.com/a/1013534639_114984(转引长光华芯2026-04-23投关记录表),2026-07-30,"判定闸-在建(路径②上市文件锚:长光华芯投关记录表披露全资子公司8英寸硅光Foundry,2026年底工艺通线/2027投产;苏州市政府开工报道佐证(全国首条8英寸硅基光子芯片量产线,面向1.6T/3.2T))",摘录索引；本轮未逐条回原始来源；不得据节点类别生成产品BOM或供应关系
points原记录,P257,珠海鼎泰芯源晶体有限公司,M1,珠海鼎泰芯源晶体有限公司致力于以磷化铟（InP）、锑化镓（GaSb）为主的Ⅲ-Ⅴ族化合物半导体单晶及衬底材料的国产化事业，技术产品能力在国内处于产业领先地位。磷化铟衬底主要应用于光纤通信、光探测器、红外光学、高频毫米波通信等领域。,https://ir.p5w.net/(博杰股份2025-12-11互动易回复),2026-07-30,"判定闸-生产中(路径②准披露锚:股东博杰股份互动易自述+2026-04回复""下游光模块需求增长,正积极扩产中"";珠海高新区官网:2-4英寸磷化铟晶圆年产能4万至5万片;客户传闻未获官方证实不采)",摘录索引；本轮未逐条回原始来源；不得据节点类别生成产品BOM或供应关系
points原记录,P258,深圳市宏钢机械设备有限公司,D4,主要产品：光通讯器件、激光器件、电源、微波传感器件、混合集成电路器件、密封继电器、锂电池等金属封装外壳及盖板,https://www.oeshow.cn/storedetail/1268,2026-07-30,"判定闸-生产中(官网+光电汇店铺+CIOE展商页三源:光通讯器件金属/陶瓷封装外壳,碟形陶瓷封装外壳应用于光收发器件;10条烧结线2条电镀线;注记:官网title已显示宏钢光电封装技术股份有限公司,疑股改更名,以工商为准)",摘录索引；本轮未逐条回原始来源；不得据节点类别生成产品BOM或供应关系
points原记录,P259,深圳市星欣磊实业有限公司,B2,我们能立足于高端的光通信行业中，并跻身于为数不多的优秀器件供应商之列，长期为青岛海信、武汉光迅、恒宝通、昂纳、星汉激光、创鑫激光、锐科等业界知名企业提供优良产品,http://www.sunny-e.com/,2026-07-30,"判定闸-生产中(官网客户自述(海信/光迅/恒宝通/昂纳等)+光博会展商页:400G/800G光模块钨铜热沉+光模块金属结构件/模块盒体;讯石专访""我们就是给光器件厂商做配套的"")",摘录索引；本轮未逐条回原始来源；不得据节点类别生成产品BOM或供应关系
points原记录,P260,德国罗森博格通讯有限公司,D9,"Parallel optical cabling with MTP®/MPO OCTO 4+4, LC-COMPACT, MDC and SN® 4 channel granularity - perfect fit for multimode SR4 and singlemode DR4/PSM4 applications",https://www.rosenberger.com/products/,2026-07-30,判定闸-生产中(官网自述:MTP/MPO并行光布线适配SR4/DR4(400GBASE);欧洲首家MTP/MPO布线厂商;实边E121(仕佳室内光缆客户)旁证),摘录索引；本轮未逐条回原始来源；不得据节点类别生成产品BOM或供应关系
points原记录,P261,江苏兴光半导体有限公司,M1,本次收购的磷化铟业务资产组，其团队已掌握2英寸、3英寸磷化铟衬底生产技术工艺，磷化铟衬底已取得江苏华兴激光科技有限公司、全磊光电股份有限公司等客户认证，并实现小批量交付。,https://static.cninfo.com.cn/finalpage/2026-07-24/1225439744.PDF,2026-07-30,"判定闸-生产中(路径②上市文件锚:兴业科技2026-046公告;注记:标的为青岛立昂InP资产(2026-07签约收购),现产品主供探测器/外延厂,框架协议称磷化铟是光通信和算力光模块核心材料;邳州年产10万片扩产备案;互动易确认2/3英寸批量交付)",摘录索引；本轮未逐条回原始来源；不得据节点类别生成产品BOM或供应关系
points原记录,P262,泰科电子(含关联方),B2,TE的QSFP-DD产品采用专利性散热器技术，可在15-18W应用中高效运行,https://www.te.com/content/dam/te-com/documents/consumer-devices/chn/QSFP-DD-RSG-CN.PDF,2026-07-30,判定闸-生产中(TE官方选型指南:QSFP-DD笼子+专利散热器(15-18W应用)+连接器/电缆组件;结构件/散热确定性本格),摘录索引；本轮未逐条回原始来源；不得据节点类别生成产品BOM或供应关系
points原记录,P263,泰科电子(含关联方),MOD1,"TE Connectivity (TE) is expanding its high-speed connectivity portfolio with new optical transceivers, complementing our Active Optical Cables (AOCs) and copper solutions.",https://www.te.com/content/dam/te-com/documents/consumer-devices/global/ddn-optical-transceivers-guide-en.pdf,2026-07-30,"判定闸-生产中(官网自述+官方选型指南:光模块200G/400G/800G/1.6T;注记:2025-04新发布(多模SR为主,AI集群短距互连),自制或委外未披露,光业务相对连接器主业体量极小)",摘录索引；本轮未逐条回原始来源；不得据节点类别生成产品BOM或供应关系
points原记录,P264,波若威光纤通讯有限公司,D9,"Including PLC spllitter/module, Coupler/module, and Fiber Array components used in optical transceivers.",https://www.browave.com/uploads/images/113_Annual_Report(EN).pdf,2026-07-30,"判定闸-生产中(台股上柜年报(EN摘要版,中文版以mops.twse为准):Fiber Array组件用于光模块+MPO/MTP;注记:400G/800G稳定量产,1.6T harness备产(2025Q4目标))",摘录索引；本轮未逐条回原始来源；不得据节点类别生成产品BOM或供应关系
points原记录,P265,波若威光纤通讯有限公司,D6,"Including Integrated module, Gain Flat Filter (GFF), Hybrid device and Inline isolator, etc.",https://www.browave.com/uploads/images/113_Annual_Report(EN).pdf,2026-07-30,判定闸-生产中(同年报:Inline isolator在产;隔离器格),摘录索引；本轮未逐条回原始来源；不得据节点类别生成产品BOM或供应关系
points原记录,P266,东莞福可喜玛通讯科技有限公司,D9,公司专注于MT插芯、导向针、MPO配套散件及适配器等核心产品的技术研发与规模化应用，为全球光通信市场提供高品质、高稳定性的高速连接解决方案。,https://www.china-fsg.com/about.html,2026-07-30,"判定闸-生产中(路径②官网自述:MT插芯/MPO连接器规模化(MT插芯月产能约千万件,MPO连接器月产约百万套,2024-08官网口径);归并注记:仕佳光子2025-07-11公告拟逾5亿元收购82.381%股权;新品MOFC高密度多芯连接器/ELSFP盲插式光电连接器(2026-04讯石)延伸CPO外置光源连接)",摘录索引；本轮未逐条回原始来源；不得据节点类别生成产品BOM或供应关系
points原记录,P267,京东方Ａ,B1,并已于 2025 年完成大尺寸高层数（9-2-9，20 层）玻璃基载板样品开发和送样，且现已通过 Pre-con、TCB 1000 cycles、UHAST、BHAST、HTSL、LTSL 信赖性标准测试,https://static.cninfo.com.cn/finalpage/2026-07-30/1225449715.PDF,2026-08-02,"判定闸-在建(投关表2026-07-30:玻璃基封装载板全流程工艺拉通(TGV开孔/填铜/布线/压合/切割)+大尺寸20层样品送样+六项信赖性测试通过;另自述成立Micro LED光互连系统及玻璃载板CPO技术攻关项目组(前瞻预研);格归属注记:玻璃基封装载板暂归B1,若树设封装基板格则迁移;Micro LED光互连系统为前瞻预研不入证;日更日报2026-08-02捞获)",摘录索引；本轮未逐条回原始来源；不得据节点类别生成产品BOM或供应关系
points原记录,P268,顺络电子,D4,公司高频通信磁珠、大电流磁珠、功率电感、热敏电阻、陶瓷管壳、陶瓷基板等产品均可用于光模块。,https://static.cninfo.com.cn/finalpage/2026-07-31/1225449922.PDF,2026-08-02,判定闸-在建(投关表2026-07-31:陶瓷管壳可用于光模块;阶段自述=认证周期/导入节奏中(电子类快于陶瓷类);磁珠/电感/热敏电阻树无格记非本格观察;日更日报2026-08-02捞获),摘录索引；本轮未逐条回原始来源；不得据节点类别生成产品BOM或供应关系
points原记录,P269,顺络电子,M4,公司高频通信磁珠、大电流磁珠、功率电感、热敏电阻、陶瓷管壳、陶瓷基板等产品均可用于光模块。,https://static.cninfo.com.cn/finalpage/2026-07-31/1225449922.PDF,2026-08-02,判定闸-在建(同句:陶瓷基板可用于光模块=结构陶瓷无源材料;认证导入阶段同P268),摘录索引；本轮未逐条回原始来源；不得据节点类别生成产品BOM或供应关系
points原记录,P270,汇聚科技,D9,"数据中心分部：受惠於AI興起，帶動本集團數據中心的光纖電線組件業務的增長及發展；收益由1,213.5百萬港元(經重列)增加599.8百萬港元或49.4%至1,813.3百萬港元，訂單於本年度維持於較高的出貨水平(2025年报)",https://www1.hkexnews.hk/listedco/listconews/sehk/2026/0429/2026042900387.pdf,2026-08-16,"判定闸-生产中(港股专项;HKEX 2025年报自述数据中心光纤电线组件高出货=光纤连接组件供货级口径;立讯系;注记:年报未明书MPO,组件形态以光纤跳线/连接组件为主)",摘录索引；本轮未逐条回原始来源；不得据节点类别生成产品BOM或供应关系
points原记录,P271,天孚通信,D12,"""""""目前，公司CPO相关配套产品已进入量产交付阶段，产品良率已满足规模量产需要，公司会围绕客户需求预测提前准备产能""""(投关表2026-08-19)",https://static.cninfo.com.cn/finalpage/2026-08-19/1225483926.PDF,2026-08-20,"判定闸-生产中(投关表2026-08-19:CPO配套产品量产交付阶段+良率满足规模量产;同表另述无源产线高稼动率下半年续扩/泰国产能稳步提产/存货+103%原材料备货;D12已有P024(2020年OSA口径),本点为CPO时代新证据)",摘录索引；本轮未逐条回原始来源；不得据节点类别生成产品BOM或供应关系
points原记录,P272,东田微,D7,"""""""硅透镜组件面向硅光、下一代高速光模块，目前处于客户送样、小批量验证，部分客户已实现小批量交付""""""(投关表2026-08-20)",https://static.cninfo.com.cn/finalpage/2026-08-21/1225488816.PDF,2026-08-22,判定闸-生产中(投关表2026-08-20:硅透镜组件部分客户小批量交付=供货级;面向硅光/下一代高速光模块;订单规模未披露注记),摘录索引；本轮未逐条回原始来源；不得据节点类别生成产品BOM或供应关系
points原记录,P273,东田微,D9,"""""""FAU产品处于研发送样阶段，主要面向下一代光互连做技术储备，现阶段以客户验证、样品送测为主，暂未形成大规模收入""""""(投关表2026-08-20)",https://static.cninfo.com.cn/finalpage/2026-08-21/1225488816.PDF,2026-08-22,"判定闸-在建(投关表2026-08-20:FAU研发送样/客户验证阶段,未形成规模收入=在建不标生产中)",摘录索引；本轮未逐条回原始来源；不得据节点类别生成产品BOM或供应关系
points原记录,P274,紫光国微,C7,"""石英晶体频率器件业务方面，超微型、超高频、超稳定，产能及产销量居国内前列；应用于AI算力服务器、光模块领域的高基频差分晶振、高基频温度补偿差分晶振实现量产""",https://static.cninfo.com.cn/finalpage/2026-08-20/1225484100.PDF,2026-08-23,"判定闸-生产中(投关表2026-08-19量产自述;高基频差分晶振=光模块DSP/SerDes参考时钟,C7时钟/频控器件开格首案;注:同一自述覆盖AI算力服务器,光模块为并列应用领域之一)",摘录索引；本轮未逐条回原始来源；不得据节点类别生成产品BOM或供应关系
calls覆盖公司,COHR,Coherent,core_peer,光器件与高速光模块核心同业,calls/universe.csv,,enabled=yes,覆盖池记录，不是该公司产品证据
calls覆盖公司,LITE,Lumentum,core_peer,激光器与光通信器件核心同业,calls/universe.csv,,enabled=yes,覆盖池记录，不是该公司产品证据
calls覆盖公司,AAOI,Applied Optoelectronics,core_peer,800G与1.6T模块供给和产能信息密度高,calls/universe.csv,,enabled=yes,覆盖池记录，不是该公司产品证据
calls覆盖公司,FN,Fabrinet,core_peer,光通信制造交付与产能验证方,calls/universe.csv,,enabled=yes,覆盖池记录，不是该公司产品证据
calls覆盖公司,NVDA,NVIDIA,downstream,AI集群架构与互连需求方,calls/universe.csv,,enabled=yes,覆盖池记录，不是该公司产品证据
calls覆盖公司,ANET,Arista,downstream,数据中心交换网络需求验证方,calls/universe.csv,,enabled=yes,覆盖池记录，不是该公司产品证据
calls覆盖公司,CSCO,Cisco,downstream,交换系统及光学产品需求验证方,calls/universe.csv,,enabled=yes,覆盖池记录，不是该公司产品证据
calls覆盖公司,META,Meta,downstream,超大规模数据中心部署与资本开支验证方,calls/universe.csv,,enabled=yes,覆盖池记录，不是该公司产品证据
calls覆盖公司,AVGO,Broadcom,upstream_enabler,交换ASIC、SerDes、光DSP、EML与CPO上游平台,calls/universe.csv,,enabled=yes,覆盖池记录，不是该公司产品证据
calls覆盖公司,MRVL,Marvell,upstream_enabler,光DSP、硅光、交换芯片与定制互连平台,calls/universe.csv,,enabled=yes,覆盖池记录，不是该公司产品证据
calls覆盖公司,NOK,Nokia,system_vendor,光传输、相干可插拔与AI数据中心网络系统方,calls/universe.csv,,enabled=yes,覆盖池记录，不是该公司产品证据
calls覆盖公司,CIEN,Ciena,system_vendor,相干光系统、DCI与CPO光引擎观察方,calls/universe.csv,,enabled=yes,覆盖池记录，不是该公司产品证据
calls覆盖公司,MTSI,MACOM,upstream_enabler,高速驱动器、TIA、CW激光器与光电模拟器件方,calls/universe.csv,,enabled=yes,覆盖池记录，不是该公司产品证据
calls覆盖公司,CRDO,Credo,upstream_enabler,SerDes、AEC、光DSP与高速光收发器平台,calls/universe.csv,,enabled=yes,覆盖池记录，不是该公司产品证据
calls覆盖公司,MXL,MaxLinear,upstream_enabler,200G TIA与PAM4 DSP补足LPO和DSP路线,calls/universe.csv,,enabled=yes,覆盖池记录，不是该公司产品证据
calls覆盖公司,JBL,Jabil,core_peer,光模块设计制造与1.6T可插拔产品的制造交付观察方,calls/universe.csv,,enabled=yes,覆盖池记录，不是该公司产品证据
calls覆盖公司,VECO,Veeco,upstream_enabler,InP MOCVD与离子束设备订单观察激光产能约束,calls/universe.csv,,enabled=yes,覆盖池记录，不是该公司产品证据
calls覆盖公司,FORM,FormFactor,upstream_enabler,硅光与CPO晶圆级测试及自动对准平台,calls/universe.csv,,enabled=yes,覆盖池记录，不是该公司产品证据
calls覆盖公司,AXTI,AXT,upstream_enabler,InP、GaAs与Ge衬底供给及出口许可观察方,calls/universe.csv,,enabled=yes,覆盖池记录，不是该公司产品证据
calls覆盖公司,GFS,GlobalFoundries,upstream_enabler,硅光代工、SiGe与CPO平台的设计到量产观察方,calls/universe.csv,,enabled=yes,覆盖池记录，不是该公司产品证据
calls覆盖公司,TSEM,Tower Semiconductor,upstream_enabler,SiPho与模拟混合信号代工及产能扩张观察方,calls/universe.csv,,enabled=yes,覆盖池记录，不是该公司产品证据
calls覆盖公司,SMTC,Semtech,upstream_enabler,200G每通道PMD、TIA与驱动器平台观察方,calls/universe.csv,,enabled=yes,覆盖池记录，不是该公司产品证据
calls覆盖公司,AIXA,AIXTRON,upstream_enabler,InP与GaAs MOCVD设备和扩产交期观察方,calls/universe.csv,,enabled=yes,覆盖池记录，不是该公司产品证据
calls覆盖公司,ASMPT,ASMPT,upstream_enabler,光子芯片贴装、耦合、键合与CPO装配设备观察方,calls/universe.csv,,enabled=yes,覆盖池记录，不是该公司产品证据
calls覆盖公司,SOI,Soitec,upstream_enabler,Photonics-SOI材料平台与硅光底座需求观察方,calls/universe.csv,,enabled=yes,覆盖池记录，不是该公司产品证据
calls覆盖公司,SUMITOMO,Sumitomo Electric,upstream_enabler,InP激光器、FAU与光纤连接的综合上游观察方,calls/universe.csv,,enabled=yes,覆盖池记录，不是该公司产品证据
calls覆盖公司,FURUKAWA,Furukawa Electric,upstream_enabler,光纤、激光器与数据中心光连接需求观察方,calls/universe.csv,,enabled=yes,覆盖池记录，不是该公司产品证据
calls覆盖公司,POET,POET Technologies,upstream_enabler,晶圆级光引擎与1.6T商业化进度观察方,calls/universe.csv,,enabled=yes,覆盖池记录，不是该公司产品证据
calls覆盖公司,SIVERS,Sivers Semiconductors,upstream_enabler,DFB与CW激光器新进入者及商业化观察方,calls/universe.csv,,enabled=yes,覆盖池记录，不是该公司产品证据
calls覆盖公司,SANM,Sanmina,core_peer,光子设计封装制造与云AI基础设施交付观察方,calls/universe.csv,,enabled=yes,覆盖池记录，不是该公司产品证据
calls覆盖公司,CLS,Celestica,system_vendor,AI网络硬件制造与高速交换系统交付观察方,calls/universe.csv,,enabled=yes,覆盖池记录，不是该公司产品证据
calls覆盖公司,MYCRONIC,Mycronic,upstream_enabler,光通信die bonder订单与封装节拍领先指标,calls/universe.csv,,enabled=yes,覆盖池记录，不是该公司产品证据
calls覆盖公司,OXIG,Oxford Instruments,upstream_enabler,化合物半导体等离子设备订单与交期观察方,calls/universe.csv,,enabled=yes,覆盖池记录，不是该公司产品证据
calls覆盖公司,VIAV,VIAVI,upstream_enabler,1.6T测试验证需求与量产测试卡点观察方,calls/universe.csv,,enabled=yes,覆盖池记录，不是该公司产品证据
calls覆盖公司,ADTN,ADTRAN,system_vendor,800G低功耗模块及开放光传输观察方,calls/universe.csv,,enabled=yes,覆盖池记录，不是该公司产品证据
calls覆盖公司,WIWYNN,Wiwynn,system_vendor,机架级AI系统与CPO互连需求观察方,calls/universe.csv,,enabled=yes,覆盖池记录，不是该公司产品证据
calls覆盖公司,GLW,Corning,upstream_enabler,AI数据中心光纤与无源连接需求观察方,calls/universe.csv,,enabled=yes,覆盖池记录，不是该公司产品证据
calls覆盖公司,LWLG,Lightwave Logic,upstream_enabler,电光聚合物调制器新材料路线与硅光集成商业化观察方,calls/universe.csv,,enabled=yes,覆盖池记录，不是该公司产品证据
calls覆盖公司,SMOP,Smartoptics,system_vendor,开放光传输与数据中心互联系统观察方,calls/universe.csv,,enabled=yes,覆盖池记录，不是该公司产品证据
calls观察对象,WATCH_IQE,IQE plc,company,MACOM长期外延供应安排的具名对手方,https://www.iqep.com/media/press-releases/2026/full-year-2025-results/,,active,观察对象可能与覆盖池重合；不等于具备已确认产品路线
calls观察对象,WATCH_DUST,DustPhotonics,company,Credo硅光收购的具名交易对手方,https://investors.credosemi.com/news-events/news/news-details/2026/Credo-Completes-Acquisition-of-DustPhotonics/default.aspx,,active,观察对象可能与覆盖池重合；不等于具备已确认产品路线
calls观察对象,WATCH_IIVI,II-VI Incorporated,company,Coherent Corp更名前主体和能力来源,https://www.coherent.com/news/press-releases/ii-vi-changes-name-to-coherent-and-launches-new-brand,,promoted,观察对象可能与覆盖池重合；不等于具备已确认产品路线
calls观察对象,WATCH_FINISAR,Finisar Corporation,company,Coherent通信产品能力的并购来源,https://www.coherent.com/content/dam/coherent/site/en/documents/investors/annual-filings/2020/ii-vi-2020-annual-report.pdf,,promoted,观察对象可能与覆盖池重合；不等于具备已确认产品路线
calls观察对象,WATCH_OCLARO,Oclaro Inc.,company,Lumentum光通信能力的并购来源,https://investor.lumentum.com/financial-news-releases/news-details/2018/Lumentum-Announces-Completion-Of-Oclaro-Acquisition-2018-12-10/default.aspx,,promoted,观察对象可能与覆盖池重合；不等于具备已确认产品路线
calls观察对象,WATCH_NEOPHOTONICS,NeoPhotonics Corporation,company,Lumentum高速光器件能力的并购来源,https://investor.lumentum.com/financial-news-releases/news-details/2022/Lumentum-Announces-Completion-of-NeoPhotonics-Acquisition/default.aspx,,promoted,观察对象可能与覆盖池重合；不等于具备已确认产品路线
calls观察对象,WATCH_CLOUDLIGHT,Cloud Light Technology Limited,company,Lumentum高速数据中心模块能力的并购来源,https://investor.lumentum.com/financial-news-releases/news-details/2023/Lumentum-Announces-Completion-of-Cloud-Light-Acquisition/default.aspx,,promoted,观察对象可能与覆盖池重合；不等于具备已确认产品路线
calls观察对象,WATCH_ACACIA,Acacia Communications Inc.,company,Cisco相干光学与DSP/PIC能力的并购来源,https://newsroom.cisco.com/c/r/newsroom/en/us/a/y2021/m03/cisco-completes-acquisition-of-acac-1.html,,promoted,观察对象可能与覆盖池重合；不等于具备已确认产品路线
calls观察对象,WATCH_INPHI,Inphi Corporation,company,Marvell高速光互连与电光平台能力的并购来源,https://www.marvell.com/company/newsroom/marvell-completes-acquisition-of-inphi.html,,promoted,观察对象可能与覆盖池重合；不等于具备已确认产品路线
calls观察对象,WATCH_POLARITON,Polariton Technologies,company,Marvell已公告收购的等离激元调制技术主体,https://www.marvell.com/company/newsroom/marvell-acquires-polariton-advancing-future-of-optical-connectivity.html,,active,观察对象可能与覆盖池重合；不等于具备已确认产品路线
calls观察对象,WATCH_INFINERA,Infinera Corporation,company,Nokia光网络与光子半导体能力的并购来源,https://www.nokia.com/newsroom/nokia-completes-acquisition-of-infinera-to-create-innovation-powerhouse-in-optical-networks-with-the-scale-to-power-the-data-center-revolution/,,promoted,观察对象可能与覆盖池重合；不等于具备已确认产品路线
calls观察对象,WATCH_NUBIS,Nubis Communications Inc.,company,Ciena低功耗光电互连能力的并购来源,https://investor.ciena.com/static-files/11dd73c3-c17b-44d3-8018-844fe6979976,,promoted,观察对象可能与覆盖池重合；不等于具备已确认产品路线
calls观察对象,WATCH_HYPERLUME,Hyperlume Inc.,company,Credo microLED光互连能力的并购来源,https://investors.credosemi.com/news-events/news/news-details/2025/Credo-to-Acquire-Hyperlume-Inc-/default.aspx,,promoted,观察对象可能与覆盖池重合；不等于具备已确认产品路线
calls观察对象,WATCH_FUJIKURA,Fujikura,company,光纤与高密度连接事件监控；最新英文季度直链覆盖不足,https://www.fujikura.co.jp/eng/ir/,,active,观察对象可能与覆盖池重合；不等于具备已确认产品路线
calls观察对象,WATCH_MELCO,Mitsubishi Electric,company,EML产品与扩产事件监控；集团业绩无法分离光器件,https://www.mitsubishielectric.com/investors/library/results/,,active,观察对象可能与覆盖池重合；不等于具备已确认产品路线
calls观察对象,WATCH_ASE,ASE Technology,company,硅光封装与OSAT能力事件监控；集团口径稀释,https://ase.aseglobal.com/about-ase/financials/,,active,观察对象可能与覆盖池重合；不等于具备已确认产品路线
calls观察对象,WATCH_SUSS,SUSS MicroTec,company,永久键合与异质集成设备事件监控；未拆硅光经营口径,https://www.suss.com/de/investor-relations/finanzberichte,,active,观察对象可能与覆盖池重合；不等于具备已确认产品路线
calls观察对象,WATCH_SAMCO,Samco,company,InP刻蚀沉积设备产品与订单事件监控,https://www.samco.co.jp/en/disclosure/,,active,观察对象可能与覆盖池重合；不等于具备已确认产品路线
calls观察对象,WATCH_KEYS,Keysight,company,224G与1.6T验证产品及客户采用事件监控,https://investor.keysight.com/financial-information/quarterly-reports/default.aspx,,active,观察对象可能与覆盖池重合；不等于具备已确认产品路线
calls观察对象,WATCH_ACCTON,Accton,company,800G LPO与光交换系统展示和出货事件监控,https://www.accton.com/shareholder/,,active,观察对象可能与覆盖池重合；不等于具备已确认产品路线
calls观察对象,WATCH_FREIBERGER,Freiberger Compound Materials,company,GaAs与InP衬底产品产能及客户事件监控,https://freiberger.com/en/technology/,,active,观察对象可能与覆盖池重合；不等于具备已确认产品路线
calls观察对象,WATCH_NTTID,NTT Innovative Devices,company,相干DSP产品发布和合作事件监控,https://www.ntt-innovative-devices.com/en/optical_communications/dsp_products.html,,active,观察对象可能与覆盖池重合；不等于具备已确认产品路线
calls观察对象,WATCH_FUJITSUOC,Fujitsu Optical Components,company,相干收发器和光器件事件监控,https://www.fujitsu.com/jp/group/foc/imagesgig5/FOC%20Product%20Line-up_20201202.pdf,,active,观察对象可能与覆盖池重合；不等于具备已确认产品路线
calls观察对象,WATCH_OPENLIGHT,OpenLight,company,集成激光硅光平台PDK与量产事件监控,https://openlightphotonics.com/,,active,观察对象可能与覆盖池重合；不等于具备已确认产品路线
calls观察对象,WATCH_SICOYA,Sicoya,company,硅光芯片和收发组件客户量产事件监控,https://sicoya.com/en/silicon-photonic-components/,,active,观察对象可能与覆盖池重合；不等于具备已确认产品路线
calls观察对象,WATCH_SCINTIL,SCINTIL Photonics,company,异质集成硅光融资样片与量产事件监控,https://www.scintil-photonics.com/,,active,观察对象可能与覆盖池重合；不等于具备已确认产品路线
calls观察对象,WATCH_XSCAPE,Xscape Photonics,company,多波长光引擎样片客户和量产事件监控,https://www.xscapephotonics.com/falconx,,active,观察对象可能与覆盖池重合；不等于具备已确认产品路线
calls观察对象,WATCH_AVICENA,Avicena,company,microLED光互联评估与量产事件监控,https://avicena.tech/avicena-launches-the-worlds-first-microled-optical-interconnect-eval-kit/,,active,观察对象可能与覆盖池重合；不等于具备已确认产品路线
calls观察对象,WATCH_AYAR,Ayar Labs,company,光I/O芯粒外置光源样片客户与产能事件监控,https://ayarlabs.com/news/ayar-labs-unveils-worlds-first-ucie-optical-chiplet-for-ai-scale-up-architectures/,,active,观察对象可能与覆盖池重合；不等于具备已确认产品路线
calls观察对象,WATCH_LIGHTMATTER,Lightmatter,company,Passage光互联商业采用事件监控,https://lightmatter.co/products/passage,,active,观察对象可能与覆盖池重合；不等于具备已确认产品路线
calls观察对象,WATCH_RANOVUS,Ranovus,company,Odin CPO合作演示与量产迁移事件监控,https://ranovus.com/wp-content/uploads/2024/03/Ranovus-CPO-3.0-MediaTek-announcement-March-20-2024-Final.pdf,,active,观察对象可能与覆盖池重合；不等于具备已确认产品路线
calls观察对象,WATCH_SOURCEPHOTONICS,Source Photonics,company,800G与1.6T模块产品产能和客户事件监控,https://www.sourcephotonics.com/news/source-photonics-announce-the-product-availability-of-its-200g-per-lane-based-1-6t-and-800g-pam4-transceiver-family-products-at-ofc25/,,active,观察对象可能与覆盖池重合；不等于具备已确认产品路线
calls观察对象,WATCH_MOLEX,Molex,company,CPO连接与光路交换新品并购事件监控,https://www.molex.com/en-us/news/molex-accelerates-ai-cluster-deployment-with-one-stop-optical-interconnect-architecture-and-debut-of-high-radix-optical-circuit-switch-platform,,active,观察对象可能与覆盖池重合；不等于具备已确认产品路线
calls观察对象,WATCH_SENKO,SENKO Advanced Components,company,高密度光连接产品合作与采用事件监控,https://www.senko.com/mpc-series/,,active,观察对象可能与覆盖池重合；不等于具备已确认产品路线
calls观察对象,WATCH_TERAMOUNT,Teramount,company,PhotonicPlug产品及Molex拟收购状态事件监控,https://www.molex.com/en-us/news/molex-completes-acquisition-of-teramount-ltd,,active,观察对象可能与覆盖池重合；不等于具备已确认产品路线
calls观察对象,WATCH_FICONTEC,ficonTEC,company,光子装配测试自动化订单事件监控,https://www.ficontec.com/,,active,观察对象可能与覆盖池重合；不等于具备已确认产品路线
calls观察对象,WATCH_PI,PI,company,光子对准产品和订单事件监控,https://www.pi-usa.us/en/products/photonics-alignment-solutions,,active,观察对象可能与覆盖池重合；不等于具备已确认产品路线
calls观察对象,WATCH_EVG,EV Group,company,die-to-wafer键合及异质集成事件监控,https://www.evgroup.com/fileadmin/media/products/bonding/Die_to_Wafer_bonding_systems/White_Paper_D2W_Bonding.pdf,,active,观察对象可能与覆盖池重合；不等于具备已确认产品路线
calls观察对象,WATCH_EXFO,EXFO,company,800G实验室与制造测试产品采用事件监控,https://www.exfo.com/en/products/lab-manufacturing-testing/network-protocol-testing/ethernet-testing/ftbx-88800-series/,,active,观察对象可能与覆盖池重合；不等于具备已确认产品路线
calls观察对象,WATCH_GOOGL,Alphabet,company,云侧带宽容量需求事件监控,https://abc.xyz/investor/events/,,active,观察对象可能与覆盖池重合；不等于具备已确认产品路线
calls观察对象,WATCH_MSFT,Microsoft,company,AI数据中心容量与明确光网络需求事件监控,https://www.microsoft.com/en-us/investor/events/fy-2026/earnings-fy-2026-q3,,active,观察对象可能与覆盖池重合；不等于具备已确认产品路线
calls观察对象,WATCH_AMZN,Amazon,company,AWS基础设施需求与明确光学披露事件监控,https://ir.aboutamazon.com/news-release/news-release-details/2026/Amazon-com-Announces-First-Quarter-Results/,,active,观察对象可能与覆盖池重合；不等于具备已确认产品路线
calls观察对象,WATCH_ORCL,Oracle,company,云容量与具名光学合作事件监控,https://investor.oracle.com/investor-news/news-details/2026/Oracle-Announces-Record-Q4-and-FY-2026-Results-Driven-by-Cloud-Infrastructure--Cloud-Applications/,,active,观察对象可能与覆盖池重合；不等于具备已确认产品路线
calls观察对象,WATCH_AMD,AMD,company,rack-scale平台与明确互连需求事件监控,https://ir.amd.com/news-events/press-releases/detail/1261/amd-showcases-helios-rack-scale-platform-built-on-the-open-compute-project-open-rack-for-ai-introduced-by-meta,,active,观察对象可能与覆盖池重合；不等于具备已确认产品路线
calls观察对象,WATCH_ENNOSTAR,Ennostar,company,化合物半导体设备资格与量产部署的具名对手方,https://www.ennostar.com/,,active,观察对象可能与覆盖池重合；不等于具备已确认产品路线
calls观察对象,WATCH_LUMILENS,Lumilens,company,POET光引擎采购和联合开发的具名对手方,https://www.lumilens-tech.com/,,active,观察对象可能与覆盖池重合；不等于具备已确认产品路线
calls观察对象,WATCH_MCHP,Microchip,company,高速Ethernet PHY与PCIe/CXL retimer电侧连接事件监控,https://ir.microchip.com/news-events/press-releases/detail/1409/microchip-technology-announces-financial-results-for-first-quarter-of-fiscal-year-2027,,active,观察对象可能与覆盖池重合；不等于具备已确认产品路线
